INSERT INTO global_uretim (ulke,urun,uretim_miktari_ton) VALUES
('Afganistan','Sığır Eti (Manda Hariç)',81649.2),
('Afganistan','Tavuk eti',28790.7),
('Afganistan','Keçi eti',47562.1),
('Afganistan','Koyun eti',102000),
('Afganistan','Sığırların çiğ sütü',1945903.7),
('Afganistan','Keçilerin çiğ sütü',118312.7),
('Afganistan','Koyunların çiğ sütü',162269.9),
('Arnavutluk','Sığır Eti (Manda Hariç)',29736.3),
('Arnavutluk','Tavuk eti',16335.6),
('Arnavutluk','Keçi eti',7771),
('Arnavutluk','Koyun eti',17113.4),
('Arnavutluk','Hindi eti',1211),
('Arnavutluk','Sığırların çiğ sütü',849690.3),
('Arnavutluk','Keçilerin çiğ sütü',78478.8),
('Arnavutluk','Koyunların çiğ sütü',71104),
('Cezayir','Sığır Eti (Manda Hariç)',148116.1),
('Cezayir','Tavuk eti',274862.8),
('Cezayir','Keçi eti',19243.8),
('Cezayir','Koyun eti',344937.3),
('Cezayir','Hindi eti',520.9),
('Cezayir','Sığırların çiğ sütü',2433986.7),
('Cezayir','Keçilerin çiğ sütü',324463.7),
('Cezayir','Koyunların çiğ sütü',547145.3),
('Angola','Sığır Eti (Manda Hariç)',107859.7),
('Angola','Tavuk eti',58532.8),
('Angola','Keçi eti',20064.2),
('Angola','Koyun eti',4737),
('Angola','Sığırların çiğ sütü',223902),
('Antigua ve Barbuda','Sığır Eti (Manda Hariç)',62.7),
('Antigua ve Barbuda','Tavuk eti',88.3),
('Antigua ve Barbuda','Keçi eti',2.6),
('Antigua ve Barbuda','Koyun eti',3.6),
('Antigua ve Barbuda','Sığırların çiğ sütü',1970.1),
('Arjantin','Sığır Eti (Manda Hariç)',3133103),
('Arjantin','Tavuk eti',2319000),
('Arjantin','Ördek eti',9947.9),
('Arjantin','Kaz eti',525.8),
('Arjantin','Keçi eti',6004.4),
('Arjantin','Koyun eti',40939.4),
('Arjantin','Hindi eti',31645.9),
('Arjantin','Sığırların çiğ sütü',11904142),
('Ermenistan','Sığır Eti (Manda Hariç)',65800),
('Ermenistan','Tavuk eti',11900),
('Ermenistan','Keçi eti',28.1),
('Ermenistan','Koyun eti',10800),
('Ermenistan','Sığırların çiğ sütü',607000),
('Ermenistan','Keçilerin çiğ sütü',3700),
('Ermenistan','Koyunların çiğ sütü',43470),
('Avustralya','Sığır Eti (Manda Hariç)',1878088),
('Avustralya','Tavuk eti',1361905),
('Avustralya','Ördek eti',16040),
('Avustralya','Keçi eti',28463),
('Avustralya','Koyun eti',706905),
('Avustralya','Hindi eti',18928.4),
('Avustralya','Sığırların çiğ sütü',8450000),
('Avusturya','Sığır Eti (Manda Hariç)',210120),
('Avusturya','Keçi eti',640),
('Avusturya','Koyun eti',6490),
('Avusturya','Sığırların çiğ sütü',3942500),
('Avusturya','Keçilerin çiğ sütü',26110),
('Avusturya','Koyunların çiğ sütü',11690),
('Azerbaycan','Sığır Eti (Manda Hariç)',148658),
('Azerbaycan','Tavuk eti',130108),
('Azerbaycan','Koyun eti',89055),
('Azerbaycan','Sığırların çiğ sütü',2229118),
('Azerbaycan','Keçilerin çiğ sütü',5065),
('Azerbaycan','Koyunların çiğ sütü',30496),
('Bahamalar','Sığır Eti (Manda Hariç)',18.1),
('Bahamalar','Tavuk eti',6062),
('Bahamalar','Keçi eti',73.5),
('Bahamalar','Koyun eti',30.1),
('Bahamalar','Sığırların çiğ sütü',677.9),
('Bahamalar','Keçilerin çiğ sütü',1379.6),
('Bahreyn','Sığır Eti (Manda Hariç)',800),
('Bahreyn','Tavuk eti',8500),
('Bahreyn','Keçi eti',238.6),
('Bahreyn','Koyun eti',26865.5),
('Bahreyn','Sığırların çiğ sütü',10582.6),
('Bahreyn','Keçilerin çiğ sütü',321.3),
('Bahreyn','Koyunların çiğ sütü',161.3),
('Bangladeş','Manda eti',6971.9),
('Bangladeş','Sığır Eti (Manda Hariç)',202043.7),
('Bangladeş','Tavuk eti',221317.7),
('Bangladeş','Ördek eti',62198.7),
('Bangladeş','Keçi eti',221210.8),
('Bangladeş','Koyun eti',4950.8),
('Bangladeş','Sığırların çiğ sütü',11766600),
('Bangladeş','Keçilerin çiğ sütü',915180),
('Bangladeş','Koyunların çiğ sütü',65370),
('Barbados','Sığır Eti (Manda Hariç)',201),
('Barbados','Tavuk eti',15630),
('Barbados','Keçi eti',29.9),
('Barbados','Koyun eti',85),
('Barbados','Hindi eti',135),
('Barbados','Sığırların çiğ sütü',4039),
('Beyaz Rusya','Sığır Eti (Manda Hariç)',344600),
('Beyaz Rusya','Tavuk eti',508120),
('Beyaz Rusya','Ördek eti',3580),
('Beyaz Rusya','Koyun eti',1000),
('Beyaz Rusya','Sığırların çiğ sütü',7871000),
('Beyaz Rusya','Keçilerin çiğ sütü',16511.4),
('Belçika','Sığır Eti (Manda Hariç)',238140),
('Belçika','Tavuk eti',442020),
('Belçika','Ördek eti',120),
('Belçika','Keçi eti',400),
('Belçika','Koyun eti',2180),
('Belçika','Sığırların çiğ sütü',4572000),
('Belçika','Keçilerin çiğ sütü',46000),
('Belçika','Koyunların çiğ sütü',0),
('Belize','Sığır Eti (Manda Hariç)',1825),
('Belize','Tavuk eti',20470),
('Belize','Ördek eti',15.1),
('Belize','Keçi eti',0.9),
('Belize','Koyun eti',49),
('Belize','Hindi eti',361),
('Belize','Sığırların çiğ sütü',6558),
('Benin','Sığır Eti (Manda Hariç)',38106.1),
('Benin','Tavuk eti',9675.2),
('Benin','Keçi eti',9663.3),
('Benin','Koyun eti',26260.1),
('Benin','Sığırların çiğ sütü',114626),
('Benin','Keçilerin çiğ sütü',38433.6),
('Butan','Manda eti',0),
('Butan','Sığır Eti (Manda Hariç)',1822.2),
('Butan','Tavuk eti',993.6),
('Butan','Keçi eti',173.7),
('Butan','Koyun eti',19.2),
('Butan','Sığırların çiğ sütü',42254.9),
('Bolivya (Çokuluslu Devlet)','Sığır Eti (Manda Hariç)',298566),
('Bolivya (Çokuluslu Devlet)','Tavuk eti',513837),
('Bolivya (Çokuluslu Devlet)','Ördek eti',2053.6),
('Bolivya (Çokuluslu Devlet)','Keçi eti',7733),
('Bolivya (Çokuluslu Devlet)','Koyun eti',31376),
('Bolivya (Çokuluslu Devlet)','Sığırların çiğ sütü',569106.9),
('Bolivya (Çokuluslu Devlet)','Keçilerin çiğ sütü',29354),
('Bolivya (Çokuluslu Devlet)','Koyunların çiğ sütü',31204.7),
('Bosna Hersek','Sığır Eti (Manda Hariç)',10328.2),
('Bosna Hersek','Tavuk eti',69118.1),
('Bosna Hersek','Ördek eti',0),
('Bosna Hersek','Kaz eti',0),
('Bosna Hersek','Koyun eti',1127.7),
('Bosna Hersek','Hindi eti',244.2),
('Bosna Hersek','Sığırların çiğ sütü',603118.3),
('Bosna Hersek','Koyunların çiğ sütü',12568.7),
('Botsvana','Sığır Eti (Manda Hariç)',34000),
('Botsvana','Tavuk eti',1381.5),
('Botsvana','Keçi eti',3978.2),
('Botsvana','Koyun eti',744.3),
('Botsvana','Sığırların çiğ sütü',211823.7),
('Botsvana','Keçilerin çiğ sütü',11114.2),
('Brezilya','Sığır Eti (Manda Hariç)',10350000),
('Brezilya','Tavuk eti',14524000),
('Brezilya','Ördek eti',4818),
('Brezilya','Keçi eti',39891.4),
('Brezilya','Koyun eti',107099.8),
('Brezilya','Hindi eti',162270),
('Brezilya','Sığırların çiğ sütü',35647494.5),
('Brezilya','Keçilerin çiğ sütü',296559.5),
('Brunei Sultanlığı','Manda eti',699.1),
('Brunei Sultanlığı','Sığır Eti (Manda Hariç)',1638.4),
('Brunei Sultanlığı','Tavuk eti',31652.3),
('Brunei Sultanlığı','Ördek eti',150.5),
('Brunei Sultanlığı','Keçi eti',11.1),
('Brunei Sultanlığı','Koyun eti',32),
('Brunei Sultanlığı','Sığırların çiğ sütü',41.7),
('Bulgaristan','Sığır Eti (Manda Hariç)',20710),
('Bulgaristan','Tavuk eti',90580),
('Bulgaristan','Ördek eti',22440),
('Bulgaristan','Keçi eti',1370),
('Bulgaristan','Koyun eti',7040),
('Bulgaristan','Sığırların çiğ sütü',770730),
('Bulgaristan','Keçilerin çiğ sütü',25930),
('Bulgaristan','Koyunların çiğ sütü',56660),
('Burkina Faso','Sığır Eti (Manda Hariç)',129172),
('Burkina Faso','Tavuk eti',150905),
('Burkina Faso','Keçi eti',26892),
('Burkina Faso','Koyun eti',23623),
('Burkina Faso','Sığırların çiğ sütü',225235),
('Burkina Faso','Keçilerin çiğ sütü',132132),
('Burkina Faso','Koyunların çiğ sütü',77773.6),
('Burundi','Sığır Eti (Manda Hariç)',15252.2),
('Burundi','Tavuk eti',8346.4),
('Burundi','Keçi eti',9395.7),
('Burundi','Koyun eti',775.7),
('Burundi','Hindi eti',0),
('Burundi','Sığırların çiğ sütü',61555.6),
('Burundi','Keçilerin çiğ sütü',49916.5),
('Burundi','Koyunların çiğ sütü',1399),
('Yeşil Burun Adaları','Sığır Eti (Manda Hariç)',716.1),
('Yeşil Burun Adaları','Tavuk eti',484.7),
('Yeşil Burun Adaları','Keçi eti',636.6),
('Yeşil Burun Adaları','Koyun eti',86.1),
('Yeşil Burun Adaları','Sığırların çiğ sütü',4459),
('Yeşil Burun Adaları','Keçilerin çiğ sütü',5513),
('Kamboçya','Manda eti',7445.3),
('Kamboçya','Sığır Eti (Manda Hariç)',55283),
('Kamboçya','Tavuk eti',15967.8),
('Kamboçya','Ördek eti',10015),
('Kamboçya','Sığırların çiğ sütü',23901.6),
('Kamerun','Sığır Eti (Manda Hariç)',120707.6);
INSERT INTO global_uretim (ulke,urun,uretim_miktari_ton) VALUES
('Kamerun','Tavuk eti',123079.6),
('Kamerun','Ördek eti',0),
('Kamerun','Keçi eti',26667.4),
('Kamerun','Koyun eti',16625.2),
('Kamerun','Sığırların çiğ sütü',205555.6),
('Kamerun','Keçilerin çiğ sütü',59919.7),
('Kamerun','Koyunların çiğ sütü',18914.4),
('Kanada','Sığır Eti (Manda Hariç)',1378656),
('Kanada','Tavuk eti',1370850),
('Kanada','Ördek eti',9434.4),
('Kanada','Kaz eti',612.9),
('Kanada','Koyun eti',16760),
('Kanada','Hindi eti',150210),
('Kanada','Sığırların çiğ sütü',9742541),
('Orta Afrika Cumhuriyeti','Sığır Eti (Manda Hariç)',103771.1),
('Orta Afrika Cumhuriyeti','Tavuk eti',6530.2),
('Orta Afrika Cumhuriyeti','Keçi eti',23686.9),
('Orta Afrika Cumhuriyeti','Koyun eti',2561.1),
('Orta Afrika Cumhuriyeti','Sığırların çiğ sütü',82476.3),
('Çad','Sığır Eti (Manda Hariç)',527768.7),
('Çad','Tavuk eti',6540),
('Çad','Keçi eti',148278.8),
('Çad','Koyun eti',222402.3),
('Çad','Sığırların çiğ sütü',259717),
('Çad','Keçilerin çiğ sütü',120981.9),
('Çad','Koyunların çiğ sütü',47662.3),
('Şili','Sığır Eti (Manda Hariç)',190745.2),
('Şili','Tavuk eti',692847.3),
('Şili','Keçi eti',5507),
('Şili','Koyun eti',8351.4),
('Şili','Hindi eti',76312.4),
('Şili','Sığırların çiğ sütü',2284942),
('Şili','Keçilerin çiğ sütü',7890.3),
('Çin','Manda eti',656429.2),
('Çin','Sığır Eti (Manda Hariç)',7180000),
('Çin','Tavuk eti',14300000),
('Çin','Ördek eti',4800000),
('Çin','Kaz eti',4300000),
('Çin','Keçi eti',2487701.3),
('Çin','Koyun eti',2678491.8),
('Çin','Sığırların çiğ sütü',35613500),
('Çin','Keçilerin çiğ sütü',219339.9),
('Çin','Koyunların çiğ sütü',1166283.4),
('Kolombiya','Manda eti',8378),
('Kolombiya','Sığır Eti (Manda Hariç)',709599),
('Kolombiya','Tavuk eti',1820126),
('Kolombiya','Keçi eti',428),
('Kolombiya','Koyun eti',600),
('Kolombiya','Sığırların çiğ sütü',7421000),
('Komorlar','Sığır Eti (Manda Hariç)',1235.1),
('Komorlar','Tavuk eti',586.8),
('Komorlar','Keçi eti',375.7),
('Komorlar','Koyun eti',98.5),
('Komorlar','Sığırların çiğ sütü',13058.3),
('Kongo','Sığır Eti (Manda Hariç)',5085.2),
('Kongo','Tavuk eti',6923),
('Kongo','Keçi eti',1053.4),
('Kongo','Koyun eti',458.6),
('Kongo','Sığırların çiğ sütü',4543.3),
('Cook Adaları','Sığır Eti (Manda Hariç)',2.8),
('Cook Adaları','Tavuk eti',15.8),
('Cook Adaları','Keçi eti',0.8),
('Kosta Rika','Sığır Eti (Manda Hariç)',89391.6),
('Kosta Rika','Tavuk eti',152238),
('Kosta Rika','Keçi eti',267.3),
('Kosta Rika','Koyun eti',15.3),
('Kosta Rika','Sığırların çiğ sütü',1202891.7),
('Kosta Rika','Keçilerin çiğ sütü',17335),
('Fildişi Sahili','Sığır Eti (Manda Hariç)',22521.1),
('Fildişi Sahili','Tavuk eti',68292.1),
('Fildişi Sahili','Keçi eti',8161.9),
('Fildişi Sahili','Koyun eti',8629.5),
('Fildişi Sahili','Sığırların çiğ sütü',31758.9),
('Hırvatistan','Sığır Eti (Manda Hariç)',41230),
('Hırvatistan','Tavuk eti',58960),
('Hırvatistan','Keçi eti',500),
('Hırvatistan','Koyun eti',5970),
('Hırvatistan','Sığırların çiğ sütü',522000),
('Hırvatistan','Keçilerin çiğ sütü',7000),
('Hırvatistan','Koyunların çiğ sütü',6000),
('Küba','Sığır Eti (Manda Hariç)',68569.2),
('Küba','Tavuk eti',18858.9),
('Küba','Keçi eti',6223),
('Küba','Koyun eti',12569),
('Küba','Sığırların çiğ sütü',369600),
('Küba','Keçilerin çiğ sütü',2706),
('Kıbrıs','Sığır Eti (Manda Hariç)',5490),
('Kıbrıs','Tavuk eti',27110),
('Kıbrıs','Ördek eti',0),
('Kıbrıs','Keçi eti',2660),
('Kıbrıs','Koyun eti',2950),
('Kıbrıs','Hindi eti',150),
('Kıbrıs','Sığırların çiğ sütü',286750),
('Kıbrıs','Keçilerin çiğ sütü',35430),
('Kıbrıs','Koyunların çiğ sütü',44050),
('Çekya','Sığır Eti (Manda Hariç)',70690),
('Çekya','Tavuk eti',161020),
('Çekya','Keçi eti',230),
('Çekya','Koyun eti',2720),
('Çekya','Hindi eti',1740),
('Çekya','Sığırların çiğ sütü',3339160),
('Çekya','Keçilerin çiğ sütü',550),
('Çekya','Koyunların çiğ sütü',100),
('Kore Demokratik Halk Cumhuriyeti','Sığır Eti (Manda Hariç)',20564.4),
('Kore Demokratik Halk Cumhuriyeti','Tavuk eti',10881.7),
('Kore Demokratik Halk Cumhuriyeti','Ördek eti',13878.2),
('Kore Demokratik Halk Cumhuriyeti','Keçi eti',14311.3),
('Kore Demokratik Halk Cumhuriyeti','Koyun eti',1020.5),
('Kore Demokratik Halk Cumhuriyeti','Sığırların çiğ sütü',83329.6),
('Kongo Demokratik Cumhuriyeti','Sığır Eti (Manda Hariç)',22143.2),
('Kongo Demokratik Cumhuriyeti','Tavuk eti',10000),
('Kongo Demokratik Cumhuriyeti','Keçi eti',18121.7),
('Kongo Demokratik Cumhuriyeti','Koyun eti',2850.2),
('Kongo Demokratik Cumhuriyeti','Sığırların çiğ sütü',9213.3),
('Danimarka','Sığır Eti (Manda Hariç)',119910),
('Danimarka','Tavuk eti',151730),
('Danimarka','Ördek eti',140),
('Danimarka','Keçi eti',0),
('Danimarka','Koyun eti',1220),
('Danimarka','Hindi eti',30),
('Danimarka','Sığırların çiğ sütü',5664000),
('Danimarka','Keçilerin çiğ sütü',0),
('Danimarka','Koyunların çiğ sütü',0),
('Cibuti','Sığır Eti (Manda Hariç)',6221.9),
('Cibuti','Keçi eti',2293.8),
('Cibuti','Koyun eti',2247.3),
('Cibuti','Sığırların çiğ sütü',8881.2),
('Dominika','Sığır Eti (Manda Hariç)',552.9),
('Dominika','Tavuk eti',370.7),
('Dominika','Keçi eti',40.8),
('Dominika','Koyun eti',26.7),
('Dominika','Sığırların çiğ sütü',7012),
('Dominik Cumhuriyeti','Sığır Eti (Manda Hariç)',61252.5),
('Dominik Cumhuriyeti','Tavuk eti',365454.1),
('Dominik Cumhuriyeti','Keçi eti',894),
('Dominik Cumhuriyeti','Koyun eti',914.3),
('Dominik Cumhuriyeti','Sığırların çiğ sütü',860770.7),
('Ekvador','Sığır Eti (Manda Hariç)',219019.2),
('Ekvador','Tavuk eti',513694),
('Ekvador','Ördek eti',393.8),
('Ekvador','Kaz eti',70.8),
('Ekvador','Keçi eti',283.5),
('Ekvador','Koyun eti',6870.7),
('Ekvador','Hindi eti',3130.3),
('Ekvador','Sığırların çiğ sütü',1867489.7),
('Ekvador','Keçilerin çiğ sütü',731.2),
('Ekvador','Koyunların çiğ sütü',4124.8),
('Mısır','Manda eti',197277.8),
('Mısır','Sığır Eti (Manda Hariç)',413333.7),
('Mısır','Tavuk eti',2523466.4),
('Mısır','Ördek eti',64817.7),
('Mısır','Kaz eti',12590.4),
('Mısır','Keçi eti',14489.3),
('Mısır','Koyun eti',48036.1),
('Mısır','Hindi eti',24735.1),
('Mısır','Sığırların çiğ sütü',4347333.3),
('Mısır','Keçilerin çiğ sütü',33333.3),
('Mısır','Koyunların çiğ sütü',67753.1),
('El Salvador','Sığır Eti (Manda Hariç)',18583),
('El Salvador','Tavuk eti',161680.2),
('El Salvador','Keçi eti',80.1),
('El Salvador','Koyun eti',38.4),
('El Salvador','Sığırların çiğ sütü',364596.5),
('Ekvator Ginesi','Sığır Eti (Manda Hariç)',48.6),
('Ekvator Ginesi','Tavuk eti',262.3),
('Ekvator Ginesi','Keçi eti',49.8),
('Ekvator Ginesi','Koyun eti',107.6),
('Eritre','Sığır Eti (Manda Hariç)',24955.8),
('Eritre','Tavuk eti',1101.7),
('Eritre','Keçi eti',6332.1),
('Eritre','Koyun eti',6738.7),
('Eritre','Sığırların çiğ sütü',120000),
('Eritre','Keçilerin çiğ sütü',9411.5),
('Eritre','Koyunların çiğ sütü',5835.3),
('Estonya','Sığır Eti (Manda Hariç)',8770),
('Estonya','Tavuk eti',23100),
('Estonya','Ördek eti',0),
('Estonya','Keçi eti',10),
('Estonya','Koyun eti',270),
('Estonya','Sığırların çiğ sütü',848100),
('Estonya','Keçilerin çiğ sütü',500),
('Estonya','Koyunların çiğ sütü',0),
('Esvatini','Sığır Eti (Manda Hariç)',16889.9),
('Esvatini','Tavuk eti',5456.4),
('Esvatini','Keçi eti',1576.3),
('Esvatini','Koyun eti',714.1),
('Esvatini','Sığırların çiğ sütü',39718.9),
('Etiyopya','Sığır Eti (Manda Hariç)',419868.4),
('Etiyopya','Tavuk eti',49355.8),
('Etiyopya','Keçi eti',137674.8),
('Etiyopya','Koyun eti',105099.8),
('Etiyopya','Sığırların çiğ sütü',4151456.3),
('Etiyopya','Keçilerin çiğ sütü',57811),
('Etiyopya','Koyunların çiğ sütü',54679.9),
('Faroe Adaları','Sığır Eti (Manda Hariç)',103),
('Faroe Adaları','Koyun eti',601.9),
('Faroe Adaları','Sığırların çiğ sütü',7197),
('Fiji','Sığır Eti (Manda Hariç)',3706),
('Fiji','Tavuk eti',45158),
('Fiji','Ördek eti',413.6);
INSERT INTO global_uretim (ulke,urun,uretim_miktari_ton) VALUES
('Fiji','Keçi eti',211),
('Fiji','Koyun eti',210),
('Fiji','Hindi eti',104.8),
('Fiji','Sığırların çiğ sütü',12766.9),
('Finlandiya','Sığır Eti (Manda Hariç)',84580),
('Finlandiya','Tavuk eti',138280),
('Finlandiya','Ördek eti',0),
('Finlandiya','Keçi eti',0),
('Finlandiya','Koyun eti',1320),
('Finlandiya','Hindi eti',8840),
('Finlandiya','Sığırların çiğ sütü',2258630),
('Finlandiya','Keçilerin çiğ sütü',0),
('Finlandiya','Koyunların çiğ sütü',0),
('Fransa','Sığır Eti (Manda Hariç)',1361310),
('Fransa','Tavuk eti',1114430),
('Fransa','Ördek eti',117840),
('Fransa','Keçi eti',6270),
('Fransa','Koyun eti',79200),
('Fransa','Hindi eti',244920),
('Fransa','Sığırların çiğ sütü',23967960),
('Fransa','Keçilerin çiğ sütü',717610),
('Fransa','Koyunların çiğ sütü',343280),
('Fransız Polinezyası','Sığır Eti (Manda Hariç)',144.1),
('Fransız Polinezyası','Tavuk eti',584.7),
('Fransız Polinezyası','Ördek eti',31.9),
('Fransız Polinezyası','Keçi eti',71),
('Fransız Polinezyası','Koyun eti',3),
('Fransız Polinezyası','Sığırların çiğ sütü',846.5),
('Gabon','Sığır Eti (Manda Hariç)',892.7),
('Gabon','Tavuk eti',4142),
('Gabon','Keçi eti',358.8),
('Gabon','Koyun eti',858.5),
('Gabon','Sığırların çiğ sütü',10686.3),
('Gambiya','Sığır Eti (Manda Hariç)',2409.3),
('Gambiya','Tavuk eti',1083.7),
('Gambiya','Keçi eti',1061.5),
('Gambiya','Koyun eti',686.1),
('Gambiya','Sığırların çiğ sütü',48678.7),
('Georgia','Sığır Eti (Manda Hariç)',23800),
('Georgia','Tavuk eti',24000),
('Georgia','Ördek eti',100),
('Georgia','Keçi eti',0),
('Georgia','Koyun eti',5200),
('Georgia','Hindi eti',300),
('Georgia','Sığırların çiğ sütü',588163),
('Georgia','Keçilerin çiğ sütü',3120),
('Georgia','Koyunların çiğ sütü',7280),
('Almanya','Manda eti',0),
('Almanya','Sığır Eti (Manda Hariç)',994910),
('Almanya','Tavuk eti',1076000),
('Almanya','Ördek eti',22000),
('Almanya','Keçi eti',450),
('Almanya','Koyun eti',31750),
('Almanya','Hindi eti',406000),
('Almanya','Sığırların çiğ sütü',32399050),
('Gana','Sığır Eti (Manda Hariç)',30000),
('Gana','Tavuk eti',70915),
('Gana','Keçi eti',33804.6),
('Gana','Koyun eti',26104.9),
('Gana','Sığırların çiğ sütü',50178.1),
('Yunanistan','Sığır Eti (Manda Hariç)',35540),
('Yunanistan','Tavuk eti',244850),
('Yunanistan','Ördek eti',30),
('Yunanistan','Keçi eti',34160),
('Yunanistan','Koyun eti',59380),
('Yunanistan','Hindi eti',2880),
('Yunanistan','Sığırların çiğ sütü',691250),
('Yunanistan','Keçilerin çiğ sütü',351720),
('Yunanistan','Koyunların çiğ sütü',956450),
('Grenada','Sığır Eti (Manda Hariç)',138.8),
('Grenada','Tavuk eti',366.5),
('Grenada','Keçi eti',27.6),
('Grenada','Koyun eti',118.6),
('Grenada','Sığırların çiğ sütü',562.6),
('Guatemala','Sığır Eti (Manda Hariç)',235057.7),
('Guatemala','Tavuk eti',385379.8),
('Guatemala','Keçi eti',192.1),
('Guatemala','Koyun eti',2034.9),
('Guatemala','Sığırların çiğ sütü',525446.7),
('Guatemala','Keçilerin çiğ sütü',2604),
('Gine','Sığır Eti (Manda Hariç)',71068),
('Gine','Tavuk eti',14918.8),
('Gine','Keçi eti',17376.6),
('Gine','Koyun eti',12352),
('Gine','Sığırların çiğ sütü',232773.1),
('Gine','Keçilerin çiğ sütü',41195.3),
('Gine','Koyunların çiğ sütü',16447.4),
('Gine-Bissau','Sığır Eti (Manda Hariç)',7630.3),
('Gine-Bissau','Tavuk eti',3150.4),
('Gine-Bissau','Keçi eti',948.7),
('Gine-Bissau','Koyun eti',1267.9),
('Gine-Bissau','Sığırların çiğ sütü',18041.2),
('Gine-Bissau','Keçilerin çiğ sütü',14375.1),
('Gine-Bissau','Koyunların çiğ sütü',6783.4),
('Guyana','Sığır Eti (Manda Hariç)',2053.2),
('Guyana','Tavuk eti',56921),
('Guyana','Keçi eti',273.5),
('Guyana','Koyun eti',563.7),
('Guyana','Sığırların çiğ sütü',55000),
('Haiti','Sığır Eti (Manda Hariç)',49745.7),
('Haiti','Tavuk eti',8803.5),
('Haiti','Ördek eti',217.6),
('Haiti','Kaz eti',39.1),
('Haiti','Keçi eti',5065.2),
('Haiti','Koyun eti',1816.8),
('Haiti','Hindi eti',261),
('Haiti','Sığırların çiğ sütü',50022.2),
('Haiti','Keçilerin çiğ sütü',52854.9),
('Honduras','Sığır Eti (Manda Hariç)',66000),
('Honduras','Tavuk eti',257902.8),
('Honduras','Keçi eti',153.6),
('Honduras','Koyun eti',101.9),
('Honduras','Sığırların çiğ sütü',691734.1),
('Macaristan','Sığır Eti (Manda Hariç)',26900),
('Macaristan','Tavuk eti',348840),
('Macaristan','Ördek eti',54500),
('Macaristan','Keçi eti',100),
('Macaristan','Koyun eti',1230),
('Macaristan','Hindi eti',63910),
('Macaristan','Sığırların çiğ sütü',2040340),
('Macaristan','Keçilerin çiğ sütü',3060),
('Macaristan','Koyunların çiğ sütü',1500),
('İzlanda','Sığır Eti (Manda Hariç)',4948),
('İzlanda','Tavuk eti',9167),
('İzlanda','Koyun eti',8659),
('İzlanda','Hindi eti',334),
('İzlanda','Sığırların çiğ sütü',152405),
('Hindistan','Manda eti',4350000),
('Hindistan','Sığır Eti (Manda Hariç)',0),
('Hindistan','Tavuk eti',4906817),
('Hindistan','Ördek eti',43848),
('Hindistan','Keçi eti',550614.9),
('Hindistan','Koyun eti',280394.6),
('Hindistan','Sığırların çiğ sütü',108371300),
('Hindistan','Keçilerin çiğ sütü',6248338.3),
('Endonezya','Manda eti',21120),
('Endonezya','Sığır Eti (Manda Hariç)',498923),
('Endonezya','Tavuk eti',4040989),
('Endonezya','Ördek eti',41972),
('Endonezya','Keçi eti',63658),
('Endonezya','Koyun eti',54650),
('Endonezya','Sığırların çiğ sütü',968980),
('Endonezya','Keçilerin çiğ sütü',370363.5),
('Endonezya','Koyunların çiğ sütü',151602.1),
('İran (İslam Cumhuriyeti)','Manda eti',6668),
('İran (İslam Cumhuriyeti)','Sığır Eti (Manda Hariç)',293378),
('İran (İslam Cumhuriyeti)','Tavuk eti',2089644),
('İran (İslam Cumhuriyeti)','Ördek eti',2892.9),
('İran (İslam Cumhuriyeti)','Kaz eti',2635.9),
('İran (İslam Cumhuriyeti)','Keçi eti',38839),
('İran (İslam Cumhuriyeti)','Koyun eti',254832),
('İran (İslam Cumhuriyeti)','Hindi eti',6036.3),
('İran (İslam Cumhuriyeti)','Sığırların çiğ sütü',7497000),
('İran (İslam Cumhuriyeti)','Keçilerin çiğ sütü',318382.8),
('İran (İslam Cumhuriyeti)','Koyunların çiğ sütü',399530.4),
('Irak','Manda eti',5456.7),
('Irak','Sığır Eti (Manda Hariç)',33849.2),
('Irak','Tavuk eti',156845),
('Irak','Keçi eti',9164.2),
('Irak','Koyun eti',47104),
('Irak','Sığırların çiğ sütü',232493),
('Irak','Keçilerin çiğ sütü',22764),
('Irak','Koyunların çiğ sütü',58592),
('İrlanda','Sığır Eti (Manda Hariç)',621420),
('İrlanda','Tavuk eti',144730),
('İrlanda','Keçi eti',0),
('İrlanda','Koyun eti',68220),
('İrlanda','Hindi eti',14720),
('İrlanda','Sığırların çiğ sütü',9108280),
('İrlanda','Keçilerin çiğ sütü',0),
('İrlanda','Koyunların çiğ sütü',0),
('İsrail','Sığır Eti (Manda Hariç)',160157),
('İsrail','Tavuk eti',553068),
('İsrail','Ördek eti',2558.9),
('İsrail','Kaz eti',3077),
('İsrail','Keçi eti',4410),
('İsrail','Koyun eti',39923),
('İsrail','Hindi eti',87959.3),
('İsrail','Sığırların çiğ sütü',1643983),
('İsrail','Keçilerin çiğ sütü',27951),
('İsrail','Koyunların çiğ sütü',19738),
('İtalya','Sığır Eti (Manda Hariç)',747210),
('İtalya','Tavuk eti',993950),
('İtalya','Ördek eti',2300),
('İtalya','Keçi eti',2200),
('İtalya','Koyun eti',29540),
('İtalya','Hindi eti',211130),
('İtalya','Sığırların çiğ sütü',13181870),
('İtalya','Keçilerin çiğ sütü',59970),
('İtalya','Koyunların çiğ sütü',475400),
('Jamaika','Sığır Eti (Manda Hariç)',6414),
('Jamaika','Tavuk eti',139858),
('Jamaika','Keçi eti',488),
('Jamaika','Koyun eti',8),
('Jamaika','Sığırların çiğ sütü',12399),
('Jamaika','Keçilerin çiğ sütü',196861.3),
('Japonya','Sığır Eti (Manda Hariç)',491270),
('Japonya','Tavuk eti',2371643),
('Japonya','Keçi eti',29.9),
('Japonya','Koyun eti',217.9);
INSERT INTO global_uretim (ulke,urun,uretim_miktari_ton) VALUES
('Japonya','Hindi eti',8.9),
('Japonya','Sığırların çiğ sütü',7617473),
('Ürdün','Sığır Eti (Manda Hariç)',32792.8),
('Ürdün','Tavuk eti',255637.5),
('Ürdün','Ördek eti',122.3),
('Ürdün','Kaz eti',3.2),
('Ürdün','Keçi eti',6000),
('Ürdün','Koyun eti',25000),
('Ürdün','Hindi eti',299.7),
('Ürdün','Sığırların çiğ sütü',318605.7),
('Ürdün','Keçilerin çiğ sütü',11788),
('Ürdün','Koyunların çiğ sütü',100661.7),
('Kazakistan','Sığır Eti (Manda Hariç)',533313.3),
('Kazakistan','Tavuk eti',282996),
('Kazakistan','Ördek eti',289),
('Kazakistan','Kaz eti',404),
('Kazakistan','Keçi eti',19692),
('Kazakistan','Koyun eti',155670.5),
('Kazakistan','Hindi eti',4966),
('Kazakistan','Sığırların çiğ sütü',6319959.5),
('Kazakistan','Keçilerin çiğ sütü',1440),
('Kazakistan','Koyunların çiğ sütü',45630),
('Kenya','Sığır Eti (Manda Hariç)',267563.9),
('Kenya','Tavuk eti',110453.7),
('Kenya','Keçi eti',74000),
('Kenya','Koyun eti',50427.4),
('Kenya','Sığırların çiğ sütü',4214874.8),
('Kenya','Keçilerin çiğ sütü',264883.1),
('Kenya','Koyunların çiğ sütü',99667.1),
('Kiribati','Tavuk eti',1013.7),
('Kuveyt','Sığır Eti (Manda Hariç)',2199.1),
('Kuveyt','Tavuk eti',66180),
('Kuveyt','Keçi eti',1455.4),
('Kuveyt','Koyun eti',52714.6),
('Kuveyt','Sığırların çiğ sütü',68478.8),
('Kuveyt','Keçilerin çiğ sütü',6169.9),
('Kuveyt','Koyunların çiğ sütü',295.9),
('Kırgızistan','Sığır Eti (Manda Hariç)',119741),
('Kırgızistan','Tavuk eti',13565),
('Kırgızistan','Keçi eti',8542.1),
('Kırgızistan','Koyun eti',76038),
('Kırgızistan','Sığırların çiğ sütü',1734143),
('Kırgızistan','Keçilerin çiğ sütü',548),
('Lao Demokratik Halk Cumhuriyeti','Manda eti',21710.4),
('Lao Demokratik Halk Cumhuriyeti','Sığır Eti (Manda Hariç)',42737.1),
('Lao Demokratik Halk Cumhuriyeti','Tavuk eti',38014.1),
('Lao Demokratik Halk Cumhuriyeti','Ördek eti',4600),
('Lao Demokratik Halk Cumhuriyeti','Kaz eti',285.6),
('Lao Demokratik Halk Cumhuriyeti','Keçi eti',3002.3),
('Lao Demokratik Halk Cumhuriyeti','Sığırların çiğ sütü',7300),
('Letonya','Sığır Eti (Manda Hariç)',15940),
('Letonya','Tavuk eti',36560),
('Letonya','Ördek eti',0),
('Letonya','Keçi eti',50),
('Letonya','Koyun eti',810),
('Letonya','Hindi eti',20),
('Letonya','Sığırların çiğ sütü',973810),
('Letonya','Keçilerin çiğ sütü',1480),
('Letonya','Koyunların çiğ sütü',0),
('Lübnan','Sığır Eti (Manda Hariç)',47856.6),
('Lübnan','Tavuk eti',119581.4),
('Lübnan','Keçi eti',2931.2),
('Lübnan','Koyun eti',4406.4),
('Lübnan','Sığırların çiğ sütü',336489.8),
('Lübnan','Keçilerin çiğ sütü',28869.8),
('Lübnan','Koyunların çiğ sütü',20098.2),
('Lesoto','Sığır Eti (Manda Hariç)',1251.1),
('Lesoto','Tavuk eti',938.8),
('Lesoto','Keçi eti',262.2),
('Lesoto','Koyun eti',578),
('Lesoto','Sığırların çiğ sütü',175925.9),
('Liberya','Sığır Eti (Manda Hariç)',1140.9),
('Liberya','Tavuk eti',14648.5),
('Liberya','Ördek eti',345.7),
('Liberya','Keçi eti',1050.1),
('Liberya','Koyun eti',949.5),
('Liberya','Sığırların çiğ sütü',8600.9),
('Libya','Sığır Eti (Manda Hariç)',6701.8),
('Libya','Tavuk eti',130448.2),
('Libya','Keçi eti',11028.2),
('Libya','Koyun eti',29787.5),
('Libya','Sığırların çiğ sütü',149905.5),
('Libya','Keçilerin çiğ sütü',20455.2),
('Libya','Koyunların çiğ sütü',61644.9),
('Litvanya','Sığır Eti (Manda Hariç)',44580),
('Litvanya','Tavuk eti',84240),
('Litvanya','Ördek eti',0),
('Litvanya','Keçi eti',40),
('Litvanya','Koyun eti',960),
('Litvanya','Sığırların çiğ sütü',1517610),
('Litvanya','Keçilerin çiğ sütü',4330),
('Litvanya','Koyunların çiğ sütü',0),
('Lüksemburg','Sığır Eti (Manda Hariç)',9810),
('Lüksemburg','Tavuk eti',0),
('Lüksemburg','Ördek eti',0),
('Lüksemburg','Keçi eti',10),
('Lüksemburg','Koyun eti',50),
('Lüksemburg','Hindi eti',0),
('Lüksemburg','Sığırların çiğ sütü',449090),
('Lüksemburg','Keçilerin çiğ sütü',3250),
('Lüksemburg','Koyunların çiğ sütü',90),
('Madagaskar','Sığır Eti (Manda Hariç)',33413.3),
('Madagaskar','Tavuk eti',53745.4),
('Madagaskar','Ördek eti',12670.8),
('Madagaskar','Kaz eti',12757.5),
('Madagaskar','Keçi eti',3320),
('Madagaskar','Koyun eti',1342.9),
('Madagaskar','Hindi eti',10150.6),
('Madagaskar','Sığırların çiğ sütü',491962.4),
('Malawi','Sığır Eti (Manda Hariç)',65437.1),
('Malawi','Tavuk eti',148877.5),
('Malawi','Keçi eti',70042.2),
('Malawi','Koyun eti',1851.5),
('Malawi','Sığırların çiğ sütü',67791.4),
('Malawi','Keçilerin çiğ sütü',144669.2),
('Malawi','Koyunların çiğ sütü',7090.8),
('Malezya','Manda eti',4071.5),
('Malezya','Sığır Eti (Manda Hariç)',30418.8),
('Malezya','Tavuk eti',1607791.2),
('Malezya','Ördek eti',70067.3),
('Malezya','Keçi eti',2080.5),
('Malezya','Koyun eti',1496.4),
('Malezya','Sığırların çiğ sütü',38951.3),
('Mali','Sığır Eti (Manda Hariç)',60424.2),
('Mali','Tavuk eti',61311),
('Mali','Keçi eti',11523.1),
('Mali','Koyun eti',7193.4),
('Mali','Sığırların çiğ sütü',285016),
('Mali','Keçilerin çiğ sütü',255428.3),
('Mali','Koyunların çiğ sütü',175668.4),
('Malta','Sığır Eti (Manda Hariç)',1040),
('Malta','Tavuk eti',4250),
('Malta','Ördek eti',0),
('Malta','Keçi eti',20),
('Malta','Koyun eti',160),
('Malta','Hindi eti',0),
('Malta','Sığırların çiğ sütü',38970),
('Malta','Keçilerin çiğ sütü',1030),
('Malta','Koyunların çiğ sütü',2070),
('Moritanya','Sığır Eti (Manda Hariç)',32010.9),
('Moritanya','Tavuk eti',3994.8),
('Moritanya','Keçi eti',19899.2),
('Moritanya','Koyun eti',40133),
('Moritanya','Sığırların çiğ sütü',148657.4),
('Moritanya','Keçilerin çiğ sütü',109235.7),
('Moritanya','Koyunların çiğ sütü',79068.1),
('Mauritius','Sığır Eti (Manda Hariç)',2071),
('Mauritius','Tavuk eti',55700),
('Mauritius','Ördek eti',42),
('Mauritius','Kaz eti',50),
('Mauritius','Keçi eti',20),
('Mauritius','Koyun eti',43.2),
('Mauritius','Hindi eti',3.3),
('Mauritius','Sığırların çiğ sütü',2231),
('Meksika','Sığır Eti (Manda Hariç)',2175576.6),
('Meksika','Tavuk eti',3781735.3),
('Meksika','Keçi eti',40825.6),
('Meksika','Koyun eti',67248.8),
('Meksika','Hindi eti',18216.3),
('Meksika','Sığırların çiğ sütü',13497999),
('Meksika','Keçilerin çiğ sütü',173673),
('Meksika','Koyunların çiğ sütü',56756.5),
('Mikronezya (Federal Devletleri)','Sığır Eti (Manda Hariç)',253.6),
('Mikronezya (Federal Devletleri)','Tavuk eti',160.9),
('Mikronezya (Federal Devletleri)','Ördek eti',0),
('Mikronezya (Federal Devletleri)','Keçi eti',13.5),
('Moğolistan','Sığır Eti (Manda Hariç)',141522.4),
('Moğolistan','Tavuk eti',366.8),
('Moğolistan','Keçi eti',121089.5),
('Moğolistan','Koyun eti',193667.8),
('Moğolistan','Sığırların çiğ sütü',595194.4),
('Moğolistan','Keçilerin çiğ sütü',169585.1),
('Moğolistan','Koyunların çiğ sütü',96476.2),
('Karadağ','Sığır Eti (Manda Hariç)',3480.9),
('Karadağ','Tavuk eti',1920.3),
('Karadağ','Keçi eti',97.6),
('Karadağ','Koyun eti',921.6),
('Karadağ','Sığırların çiğ sütü',157957),
('Karadağ','Keçilerin çiğ sütü',5710),
('Karadağ','Koyunların çiğ sütü',12980),
('Fas','Sığır Eti (Manda Hariç)',256769),
('Fas','Tavuk eti',525000),
('Fas','Keçi eti',30250),
('Fas','Koyun eti',163981),
('Fas','Hindi eti',120000),
('Fas','Sığırların çiğ sütü',2060000),
('Fas','Keçilerin çiğ sütü',46226.5),
('Fas','Koyunların çiğ sütü',36633.9),
('Mozambik','Sığır Eti (Manda Hariç)',20051),
('Mozambik','Tavuk eti',146684),
('Mozambik','Ördek eti',3647.3),
('Mozambik','Keçi eti',3166),
('Mozambik','Koyun eti',559),
('Mozambik','Sığırların çiğ sütü',2437),
('Mozambik','Keçilerin çiğ sütü',21276.9),
('Myanmar','Manda eti',27183.2),
('Myanmar','Sığır Eti (Manda Hariç)',110000),
('Myanmar','Tavuk eti',620000),
('Myanmar','Ördek eti',55000),
('Myanmar','Kaz eti',7500);
INSERT INTO global_uretim (ulke,urun,uretim_miktari_ton) VALUES
('Myanmar','Keçi eti',10000),
('Myanmar','Koyun eti',2000),
('Myanmar','Hindi eti',0),
('Myanmar','Sığırların çiğ sütü',800000),
('Myanmar','Keçilerin çiğ sütü',9532.5),
('Myanmar','Koyunların çiğ sütü',2352.3),
('Namibya','Sığır Eti (Manda Hariç)',27559.3),
('Namibya','Tavuk eti',11709.8),
('Namibya','Keçi eti',3510.1),
('Namibya','Koyun eti',6803.9),
('Namibya','Sığırların çiğ sütü',111199.5),
('Nauru''lu','Tavuk eti',4),
('Nepal','Manda eti',194090),
('Nepal','Tavuk eti',204923),
('Nepal','Ördek eti',596),
('Nepal','Keçi eti',74241),
('Nepal','Koyun eti',2880),
('Nepal','Sığırların çiğ sütü',1101812),
('Nepal','Keçilerin çiğ sütü',141617.7),
('Nepal','Koyunların çiğ sütü',17402.8),
('Hollanda (Krallığı)','Sığır Eti (Manda Hariç)',421510),
('Hollanda (Krallığı)','Tavuk eti',863970),
('Hollanda (Krallığı)','Keçi eti',2660),
('Hollanda (Krallığı)','Koyun eti',15910),
('Hollanda (Krallığı)','Hindi eti',0),
('Hollanda (Krallığı)','Sığırların çiğ sütü',14533740),
('Hollanda (Krallığı)','Keçilerin çiğ sütü',445220),
('Hollanda (Krallığı)','Koyunların çiğ sütü',0),
('Yeni Kaledonya','Sığır Eti (Manda Hariç)',3108),
('Yeni Kaledonya','Tavuk eti',775.3),
('Yeni Kaledonya','Keçi eti',0.8),
('Yeni Kaledonya','Koyun eti',4.7),
('Yeni Kaledonya','Sığırların çiğ sütü',446),
('Yeni Zelanda','Sığır Eti (Manda Hariç)',727961.7),
('Yeni Zelanda','Tavuk eti',218803),
('Yeni Zelanda','Ördek eti',652.7),
('Yeni Zelanda','Kaz eti',130.4),
('Yeni Zelanda','Keçi eti',1629.1),
('Yeni Zelanda','Koyun eti',436975),
('Yeni Zelanda','Hindi eti',1221.6),
('Yeni Zelanda','Sığırların çiğ sütü',21051000),
('Nikaragua','Sığır Eti (Manda Hariç)',151393.6),
('Nikaragua','Tavuk eti',154153.9),
('Nikaragua','Keçi eti',37),
('Nikaragua','Koyun eti',23.6),
('Nikaragua','Sığırların çiğ sütü',1436683.9),
('Nijer','Sığır Eti (Manda Hariç)',65239.3),
('Nijer','Tavuk eti',20204.1),
('Nijer','Ördek eti',0),
('Nijer','Keçi eti',29198.6),
('Nijer','Koyun eti',19097.4),
('Nijer','Sığırların çiğ sütü',705668.8),
('Nijer','Keçilerin çiğ sütü',351961),
('Nijer','Koyunların çiğ sütü',148618.8),
('Nijerya','Sığır Eti (Manda Hariç)',328627.2),
('Nijerya','Tavuk eti',355010.7),
('Nijerya','Keçi eti',277847.4),
('Nijerya','Koyun eti',147636.5),
('Nijerya','Sığırların çiğ sütü',527437.1),
('Niue','Sığır Eti (Manda Hariç)',2),
('Niue','Tavuk eti',25.1),
('Niue','Sığırların çiğ sütü',58.4),
('Kuzey Makedonya','Sığır Eti (Manda Hariç)',4415),
('Kuzey Makedonya','Tavuk eti',1942),
('Kuzey Makedonya','Ördek eti',0),
('Kuzey Makedonya','Kaz eti',0),
('Kuzey Makedonya','Koyun eti',3992),
('Kuzey Makedonya','Hindi eti',0),
('Kuzey Makedonya','Sığırların çiğ sütü',334018.7),
('Kuzey Makedonya','Keçilerin çiğ sütü',14113.1),
('Kuzey Makedonya','Koyunların çiğ sütü',39835.3),
('Norveç','Sığır Eti (Manda Hariç)',92311),
('Norveç','Tavuk eti',105614),
('Norveç','Ördek eti',835),
('Norveç','Kaz eti',12),
('Norveç','Keçi eti',339),
('Norveç','Koyun eti',23480),
('Norveç','Hindi eti',8359),
('Norveç','Sığırların çiğ sütü',1494018),
('Norveç','Keçilerin çiğ sütü',19238),
('Umman','Sığır Eti (Manda Hariç)',15316),
('Umman','Tavuk eti',6806.7),
('Umman','Keçi eti',17626.3),
('Umman','Koyun eti',33209.5),
('Umman','Sığırların çiğ sütü',223971.6),
('Umman','Keçilerin çiğ sütü',116719.3),
('Umman','Koyunların çiğ sütü',23076.3),
('Pakistan','Manda eti',1185000),
('Pakistan','Sığır Eti (Manda Hariç)',1269000),
('Pakistan','Tavuk eti',1977000),
('Pakistan','Ördek eti',5152),
('Pakistan','Keçi eti',532000),
('Pakistan','Koyun eti',250000),
('Pakistan','Sığırların çiğ sütü',23026100),
('Pakistan','Keçilerin çiğ sütü',1018000),
('Pakistan','Koyunların çiğ sütü',42000),
('Filistin','Sığır Eti (Manda Hariç)',10094.6),
('Filistin','Tavuk eti',34318.2),
('Filistin','Keçi eti',5332.1),
('Filistin','Koyun eti',11484.2),
('Filistin','Sığırların çiğ sütü',136279.1),
('Filistin','Keçilerin çiğ sütü',21107.4),
('Filistin','Koyunların çiğ sütü',53876.3),
('Panama','Sığır Eti (Manda Hariç)',75322.7),
('Panama','Tavuk eti',223627.5),
('Panama','Sığırların çiğ sütü',179469.3),
('Papua Yeni Gine','Sığır Eti (Manda Hariç)',3019.2),
('Papua Yeni Gine','Tavuk eti',6766.9),
('Papua Yeni Gine','Ördek eti',16.2),
('Papua Yeni Gine','Keçi eti',9.5),
('Papua Yeni Gine','Koyun eti',32),
('Papua Yeni Gine','Hindi eti',23.5),
('Papua Yeni Gine','Sığırların çiğ sütü',163.2),
('Papua Yeni Gine','Keçilerin çiğ sütü',39.9),
('Paraguay','Sığır Eti (Manda Hariç)',514971),
('Paraguay','Tavuk eti',76142.6),
('Paraguay','Ördek eti',1842.1),
('Paraguay','Kaz eti',316),
('Paraguay','Keçi eti',825.7),
('Paraguay','Koyun eti',1802),
('Paraguay','Hindi eti',587.7),
('Paraguay','Sığırların çiğ sütü',558738),
('Peru','Sığır Eti (Manda Hariç)',192718.4),
('Peru','Tavuk eti',1801776.3),
('Peru','Keçi eti',4929.3),
('Peru','Koyun eti',33536.3),
('Peru','Sığırların çiğ sütü',2246935.9),
('Peru','Keçilerin çiğ sütü',20272.6),
('Filipinler','Manda eti',65135.8),
('Filipinler','Sığır Eti (Manda Hariç)',118324.2),
('Filipinler','Tavuk eti',1437322.3),
('Filipinler','Ördek eti',19687.9),
('Filipinler','Kaz eti',375.4),
('Filipinler','Keçi eti',30968.6),
('Filipinler','Koyun eti',116.6),
('Filipinler','Hindi eti',1801.7),
('Filipinler','Sığırların çiğ sütü',31188),
('Polonya','Sığır Eti (Manda Hariç)',540680),
('Polonya','Tavuk eti',2231610),
('Polonya','Ördek eti',65480),
('Polonya','Keçi eti',70),
('Polonya','Koyun eti',1210),
('Polonya','Hindi eti',409170),
('Polonya','Sığırların çiğ sütü',15208490),
('Polonya','Keçilerin çiğ sütü',9150),
('Polonya','Koyunların çiğ sütü',440),
('Portekiz','Sığır Eti (Manda Hariç)',103760),
('Portekiz','Tavuk eti',314170),
('Portekiz','Ördek eti',9610),
('Portekiz','Keçi eti',1310),
('Portekiz','Koyun eti',14800),
('Portekiz','Hindi eti',45650),
('Portekiz','Sığırların çiğ sütü',1928870),
('Portekiz','Keçilerin çiğ sütü',29880),
('Portekiz','Koyunların çiğ sütü',72180),
('Porto Riko','Sığır Eti (Manda Hariç)',5717.5),
('Porto Riko','Tavuk eti',28921.3),
('Porto Riko','Keçi eti',4),
('Porto Riko','Koyun eti',19.3),
('Porto Riko','Sığırların çiğ sütü',229915.1),
('Porto Riko','Keçilerin çiğ sütü',57.9),
('Katar','Sığır Eti (Manda Hariç)',925.2),
('Katar','Tavuk eti',25671),
('Katar','Ördek eti',29),
('Katar','Keçi eti',850.7),
('Katar','Koyun eti',5586.4),
('Katar','Sığırların çiğ sütü',7500),
('Katar','Keçilerin çiğ sütü',9210.8),
('Katar','Koyunların çiğ sütü',11434.2),
('Kore Cumhuriyeti','Sığır Eti (Manda Hariç)',330000),
('Kore Cumhuriyeti','Tavuk eti',930000),
('Kore Cumhuriyeti','Ördek eti',42401.8),
('Kore Cumhuriyeti','Kaz eti',12.4),
('Kore Cumhuriyeti','Keçi eti',1427.1),
('Kore Cumhuriyeti','Koyun eti',5.4),
('Kore Cumhuriyeti','Sığırların çiğ sütü',1975414),
('Kore Cumhuriyeti','Keçilerin çiğ sütü',7977.2),
('Moldova Cumhuriyeti','Sığır Eti (Manda Hariç)',5618),
('Moldova Cumhuriyeti','Tavuk eti',54603.6),
('Moldova Cumhuriyeti','Koyun eti',1219.7),
('Moldova Cumhuriyeti','Hindi eti',319.6),
('Moldova Cumhuriyeti','Sığırların çiğ sütü',206500),
('Moldova Cumhuriyeti','Keçilerin çiğ sütü',17800),
('Moldova Cumhuriyeti','Koyunların çiğ sütü',16100),
('Romanya','Manda eti',0),
('Romanya','Sığır Eti (Manda Hariç)',82640),
('Romanya','Tavuk eti',475450),
('Romanya','Ördek eti',0),
('Romanya','Keçi eti',3740),
('Romanya','Koyun eti',58350),
('Romanya','Sığırların çiğ sütü',3621800),
('Romanya','Keçilerin çiğ sütü',221600),
('Romanya','Koyunların çiğ sütü',404400),
('Rusya Federasyonu','Sığır Eti (Manda Hariç)',1620730),
('Rusya Federasyonu','Tavuk eti',5308201),
('Rusya Federasyonu','Keçi eti',18148),
('Rusya Federasyonu','Koyun eti',191867),
('Rusya Federasyonu','Sığırların çiğ sütü',32738522),
('Rusya Federasyonu','Keçilerin çiğ sütü',233757),
('Rusya Federasyonu','Koyunların çiğ sütü',5649);
INSERT INTO global_uretim (ulke,urun,uretim_miktari_ton) VALUES
('Ruanda','Sığır Eti (Manda Hariç)',37049.4),
('Ruanda','Tavuk eti',8814.4),
('Ruanda','Keçi eti',11392.4),
('Ruanda','Koyun eti',2811.3),
('Ruanda','Sığırların çiğ sütü',181401),
('Ruanda','Keçilerin çiğ sütü',47051.7),
('Ruanda','Koyunların çiğ sütü',5534.8),
('Saint Kitts ve Nevis','Sığır Eti (Manda Hariç)',133.8),
('Saint Kitts ve Nevis','Tavuk eti',40),
('Saint Kitts ve Nevis','Keçi eti',8.5),
('Saint Kitts ve Nevis','Koyun eti',9.8),
('Aziz Lucia','Sığır Eti (Manda Hariç)',417.8),
('Aziz Lucia','Tavuk eti',1355.9),
('Aziz Lucia','Keçi eti',71.6),
('Aziz Lucia','Koyun eti',98.7),
('Aziz Lucia','Sığırların çiğ sütü',1035.6),
('Saint Vincent ve Grenadinler','Sığır Eti (Manda Hariç)',156.5),
('Saint Vincent ve Grenadinler','Tavuk eti',451.4),
('Saint Vincent ve Grenadinler','Keçi eti',35.2),
('Saint Vincent ve Grenadinler','Koyun eti',47),
('Saint Vincent ve Grenadinler','Hindi eti',0),
('Saint Vincent ve Grenadinler','Sığırların çiğ sütü',739.5),
('Samoa','Sığır Eti (Manda Hariç)',1433.1),
('Samoa','Tavuk eti',398.3),
('Samoa','Sığırların çiğ sütü',1661.3),
('Sao Tome ve Principe','Sığır Eti (Manda Hariç)',206.5),
('Sao Tome ve Principe','Tavuk eti',686.9),
('Sao Tome ve Principe','Ördek eti',36.4),
('Sao Tome ve Principe','Keçi eti',11.6),
('Sao Tome ve Principe','Koyun eti',3.4),
('Sao Tome ve Principe','Hindi eti',10.4),
('Sao Tome ve Principe','Sığırların çiğ sütü',528.6),
('Suudi Arabistan','Sığır Eti (Manda Hariç)',31346.9),
('Suudi Arabistan','Tavuk eti',1130000),
('Suudi Arabistan','Keçi eti',34230.7),
('Suudi Arabistan','Koyun eti',119365.4),
('Suudi Arabistan','Sığırların çiğ sütü',2529180.8),
('Suudi Arabistan','Keçilerin çiğ sütü',102862.9),
('Suudi Arabistan','Koyunların çiğ sütü',82373.3),
('Senegal','Sığır Eti (Manda Hariç)',90051),
('Senegal','Tavuk eti',142165),
('Senegal','Keçi eti',26122),
('Senegal','Koyun eti',42461),
('Senegal','Sığırların çiğ sütü',222629.6),
('Senegal','Keçilerin çiğ sütü',14225.5),
('Senegal','Koyunların çiğ sütü',12320.5),
('Sırbistan','Sığır Eti (Manda Hariç)',74043),
('Sırbistan','Tavuk eti',115618),
('Sırbistan','Ördek eti',0),
('Sırbistan','Kaz eti',0),
('Sırbistan','Keçi eti',2932),
('Sırbistan','Koyun eti',28245),
('Sırbistan','Hindi eti',0),
('Sırbistan','Sığırların çiğ sütü',1468036),
('Sırbistan','Keçilerin çiğ sütü',34771),
('Sırbistan','Koyunların çiğ sütü',9300),
('Seyşeller','Sığır Eti (Manda Hariç)',17.1),
('Seyşeller','Tavuk eti',1556.2),
('Seyşeller','Ördek eti',6.4),
('Seyşeller','Keçi eti',22.1),
('Seyşeller','Sığırların çiğ sütü',168.2),
('Sierra Leone','Sığır Eti (Manda Hariç)',12675),
('Sierra Leone','Tavuk eti',19808.3),
('Sierra Leone','Ördek eti',1774.6),
('Sierra Leone','Keçi eti',1599.9),
('Sierra Leone','Koyun eti',2062.7),
('Sierra Leone','Sığırların çiğ sütü',149146.4),
('Singapur','Manda eti',0),
('Singapur','Sığır Eti (Manda Hariç)',34.6),
('Singapur','Tavuk eti',45562.1),
('Singapur','Ördek eti',4336.7),
('Singapur','Keçi eti',9.6),
('Singapur','Koyun eti',22.7),
('Slovakya','Sığır Eti (Manda Hariç)',10850),
('Slovakya','Keçi eti',270),
('Slovakya','Koyun eti',480),
('Slovakya','Sığırların çiğ sütü',915120),
('Slovakya','Keçilerin çiğ sütü',190),
('Slovakya','Koyunların çiğ sütü',11670),
('Slovenya','Sığır Eti (Manda Hariç)',36080),
('Slovenya','Tavuk eti',68440),
('Slovenya','Ördek eti',0),
('Slovenya','Kaz eti',0),
('Slovenya','Keçi eti',330),
('Slovenya','Koyun eti',1360),
('Slovenya','Hindi eti',5220),
('Slovenya','Sığırların çiğ sütü',625350),
('Slovenya','Keçilerin çiğ sütü',2170),
('Slovenya','Koyunların çiğ sütü',590),
('Solomon Adaları','Sığır Eti (Manda Hariç)',768),
('Solomon Adaları','Tavuk eti',284.3),
('Solomon Adaları','Sığırların çiğ sütü',3052.6),
('Somali','Sığır Eti (Manda Hariç)',53700.7),
('Somali','Tavuk eti',4018.3),
('Somali','Keçi eti',38245.8),
('Somali','Koyun eti',40075),
('Somali','Sığırların çiğ sütü',436701.7),
('Somali','Keçilerin çiğ sütü',369617.4),
('Somali','Koyunların çiğ sütü',362991.6),
('Güney Afrika','Sığır Eti (Manda Hariç)',1008270),
('Güney Afrika','Tavuk eti',1951000),
('Güney Afrika','Ördek eti',1216.3),
('Güney Afrika','Kaz eti',509.1),
('Güney Afrika','Keçi eti',12060),
('Güney Afrika','Koyun eti',149000),
('Güney Afrika','Hindi eti',5618.8),
('Güney Afrika','Sığırların çiğ sütü',3771000),
('Güney Sudan','Sığır Eti (Manda Hariç)',137257.1),
('Güney Sudan','Tavuk eti',52058.6),
('Güney Sudan','Ördek eti',0),
('Güney Sudan','Keçi eti',28629.6),
('Güney Sudan','Koyun eti',18162.9),
('Güney Sudan','Sığırların çiğ sütü',2796067.2),
('Güney Sudan','Keçilerin çiğ sütü',517757.1),
('Güney Sudan','Koyunların çiğ sütü',135488.9),
('İspanya','Sığır Eti (Manda Hariç)',731530),
('İspanya','Tavuk eti',1349990),
('İspanya','Ördek eti',3170),
('İspanya','Keçi eti',11070),
('İspanya','Koyun eti',119150),
('İspanya','Hindi eti',231590),
('İspanya','Sığırların çiğ sütü',7454970),
('İspanya','Keçilerin çiğ sütü',482080),
('İspanya','Koyunların çiğ sütü',545950),
('Sri Lanka','Manda eti',8290),
('Sri Lanka','Sığır Eti (Manda Hariç)',19330),
('Sri Lanka','Tavuk eti',228130),
('Sri Lanka','Ördek eti',17.9),
('Sri Lanka','Keçi eti',2680),
('Sri Lanka','Koyun eti',111.5),
('Sri Lanka','Sığırların çiğ sütü',419196.7),
('Sri Lanka','Keçilerin çiğ sütü',16343.8),
('Sudan','Sığır Eti (Manda Hariç)',392235.5),
('Sudan','Tavuk eti',85484.7),
('Sudan','Keçi eti',117899.4),
('Sudan','Koyun eti',273926.9),
('Sudan','Sığırların çiğ sütü',3028261.3),
('Sudan','Keçilerin çiğ sütü',1160272.6),
('Sudan','Koyunların çiğ sütü',414318.4),
('Surinam','Sığır Eti (Manda Hariç)',1775),
('Surinam','Tavuk eti',12403.6),
('Surinam','Ördek eti',812.9),
('Surinam','Keçi eti',6.7),
('Surinam','Koyun eti',11.1),
('Surinam','Sığırların çiğ sütü',2839.7),
('İsveç','Sığır Eti (Manda Hariç)',136750),
('İsveç','Tavuk eti',167170),
('İsveç','Keçi eti',10),
('İsveç','Koyun eti',5090),
('İsveç','Hindi eti',4690),
('İsveç','Sığırların çiğ sütü',2764840),
('İsveç','Keçilerin çiğ sütü',0),
('İsveç','Koyunların çiğ sütü',0),
('İsviçre','Sığır Eti (Manda Hariç)',142291),
('İsviçre','Tavuk eti',109515),
('İsviçre','Keçi eti',556),
('İsviçre','Koyun eti',4969),
('İsviçre','Hindi eti',2080),
('İsviçre','Sığırların çiğ sütü',3711400),
('İsviçre','Keçilerin çiğ sütü',22200),
('İsviçre','Koyunların çiğ sütü',6600),
('Suriye Arap Cumhuriyeti','Manda eti',392),
('Suriye Arap Cumhuriyeti','Sığır Eti (Manda Hariç)',50102),
('Suriye Arap Cumhuriyeti','Tavuk eti',93486),
('Suriye Arap Cumhuriyeti','Ördek eti',24.2),
('Suriye Arap Cumhuriyeti','Kaz eti',46.8),
('Suriye Arap Cumhuriyeti','Keçi eti',11012),
('Suriye Arap Cumhuriyeti','Koyun eti',185044),
('Suriye Arap Cumhuriyeti','Hindi eti',143),
('Suriye Arap Cumhuriyeti','Sığırların çiğ sütü',1204273),
('Suriye Arap Cumhuriyeti','Keçilerin çiğ sütü',113843),
('Suriye Arap Cumhuriyeti','Koyunların çiğ sütü',706823),
('Tacikistan','Sığır Eti (Manda Hariç)',270000),
('Tacikistan','Tavuk eti',22878),
('Tacikistan','Koyun eti',83297.3),
('Tacikistan','Sığırların çiğ sütü',1021354.5),
('Tacikistan','Keçilerin çiğ sütü',55982.7),
('Tayland','Manda eti',17200.5),
('Tayland','Sığır Eti (Manda Hariç)',138522.3),
('Tayland','Tavuk eti',1837587.8),
('Tayland','Ördek eti',74697.5),
('Tayland','Kaz eti',450.2),
('Tayland','Keçi eti',1863.3),
('Tayland','Koyun eti',152.8),
('Tayland','Sığırların çiğ sütü',1222000),
('Doğu Timor','Manda eti',666.4),
('Doğu Timor','Sığır Eti (Manda Hariç)',1273),
('Doğu Timor','Tavuk eti',883.2),
('Doğu Timor','Keçi eti',581.6),
('Doğu Timor','Koyun eti',76.8),
('Doğu Timor','Keçilerin çiğ sütü',6562.3),
('Togo','Sığır Eti (Manda Hariç)',7868.9),
('Togo','Tavuk eti',28443),
('Togo','Keçi eti',5531.5),
('Togo','Koyun eti',5555.8),
('Togo','Sığırların çiğ sütü',11649.2),
('Tokelau','Tavuk eti',4.8),
('Tonga','Sığır Eti (Manda Hariç)',352.8),
('Tonga','Tavuk eti',271.4),
('Tonga','Keçi eti',28.6);
INSERT INTO global_uretim (ulke,urun,uretim_miktari_ton) VALUES
('Tonga','Sığırların çiğ sütü',324.3),
('Trinidad ve Tobago','Manda eti',3),
('Trinidad ve Tobago','Sığır Eti (Manda Hariç)',1252.7),
('Trinidad ve Tobago','Tavuk eti',51149.3),
('Trinidad ve Tobago','Keçi eti',37),
('Trinidad ve Tobago','Koyun eti',71),
('Trinidad ve Tobago','Sığırların çiğ sütü',1394),
('Tunus','Sığır Eti (Manda Hariç)',50490),
('Tunus','Tavuk eti',152780),
('Tunus','Keçi eti',11210),
('Tunus','Koyun eti',59490),
('Tunus','Hindi eti',89256.8),
('Tunus','Sığırların çiğ sütü',1377333.3),
('Tunus','Keçilerin çiğ sütü',11372.7),
('Tunus','Koyunların çiğ sütü',22666.7),
('Türkiye','Manda eti',13585.9),
('Türkiye','Sığır Eti (Manda Hariç)',1572747.2),
('Türkiye','Tavuk eti',2417995.1),
('Türkiye','Ördek eti',513),
('Türkiye','Kaz eti',3840.7),
('Türkiye','Keçi eti',115937.8),
('Türkiye','Koyun eti',489354.4),
('Türkiye','Hindi eti',53646),
('Türkiye','Sığırların çiğ sütü',19912135.4),
('Türkiye','Keçilerin çiğ sütü',540425.9),
('Türkiye','Koyunların çiğ sütü',1067342.1),
('Türkmenistan','Sığır Eti (Manda Hariç)',173147.8),
('Türkmenistan','Tavuk eti',29591.6),
('Türkmenistan','Keçi eti',14230),
('Türkmenistan','Koyun eti',128070),
('Türkmenistan','Sığırların çiğ sütü',2478325.5),
('Türkmenistan','Keçilerin çiğ sütü',9724),
('Tuvalu','Tavuk eti',63.7),
('Uganda','Sığır Eti (Manda Hariç)',187500.5),
('Uganda','Tavuk eti',70487.8),
('Uganda','Keçi eti',31761),
('Uganda','Koyun eti',5800),
('Uganda','Sığırların çiğ sütü',1674018.4),
('Ukrayna','Sığır Eti (Manda Hariç)',268600),
('Ukrayna','Tavuk eti',1207700),
('Ukrayna','Ördek eti',16400),
('Ukrayna','Kaz eti',5307),
('Ukrayna','Keçi eti',4500),
('Ukrayna','Koyun eti',6400),
('Ukrayna','Hindi eti',23400),
('Ukrayna','Sığırların çiğ sütü',7595600),
('Ukrayna','Keçilerin çiğ sütü',159600),
('Ukrayna','Koyunların çiğ sütü',12400),
('Birleşik Arap Emirlikleri','Sığır Eti (Manda Hariç)',19601.2),
('Birleşik Arap Emirlikleri','Tavuk eti',52573),
('Birleşik Arap Emirlikleri','Keçi eti',57294.2),
('Birleşik Arap Emirlikleri','Koyun eti',4417.8),
('Birleşik Arap Emirlikleri','Sığırların çiğ sütü',53143.3),
('Birleşik Arap Emirlikleri','Keçilerin çiğ sütü',76910),
('Birleşik Arap Emirlikleri','Koyunların çiğ sütü',32517.8),
('Büyük Britanya ve Kuzey İrlanda Birleşik Krallığı','Sığır Eti (Manda Hariç)',925000),
('Büyük Britanya ve Kuzey İrlanda Birleşik Krallığı','Tavuk eti',1815000),
('Büyük Britanya ve Kuzey İrlanda Birleşik Krallığı','Ördek eti',17700),
('Büyük Britanya ve Kuzey İrlanda Birleşik Krallığı','Kaz eti',2331.6),
('Büyük Britanya ve Kuzey İrlanda Birleşik Krallığı','Koyun eti',291000),
('Büyük Britanya ve Kuzey İrlanda Birleşik Krallığı','Hindi eti',117000),
('Büyük Britanya ve Kuzey İrlanda Birleşik Krallığı','Sığırların çiğ sütü',15540640),
('Birleşik Tanzanya Cumhuriyeti','Sığır Eti (Manda Hariç)',526351),
('Birleşik Tanzanya Cumhuriyeti','Tavuk eti',91404),
('Birleşik Tanzanya Cumhuriyeti','Ördek eti',1323.5),
('Birleşik Tanzanya Cumhuriyeti','Keçi eti',75400),
('Birleşik Tanzanya Cumhuriyeti','Koyun eti',32400),
('Birleşik Tanzanya Cumhuriyeti','Sığırların çiğ sütü',3448072),
('Birleşik Tanzanya Cumhuriyeti','Keçilerin çiğ sütü',231671),
('Amerika Birleşik Devletleri','Manda eti',0),
('Amerika Birleşik Devletleri','Sığır Eti (Manda Hariç)',12890324),
('Amerika Birleşik Devletleri','Tavuk eti',19599212),
('Amerika Birleşik Devletleri','Ördek eti',62217),
('Amerika Birleşik Devletleri','Keçi eti',8953.5),
('Amerika Birleşik Devletleri','Koyun eti',61779),
('Amerika Birleşik Devletleri','Hindi eti',2368797),
('Amerika Birleşik Devletleri','Sığırların çiğ sütü',102721557),
('Amerika Birleşik Devletleri','Keçilerin çiğ sütü',25760.2),
('Uruguay','Sığır Eti (Manda Hariç)',616485.2),
('Uruguay','Tavuk eti',74646),
('Uruguay','Koyun eti',24074),
('Uruguay','Sığırların çiğ sütü',2286703),
('Özbekistan','Sığır Eti (Manda Hariç)',1028182.7),
('Özbekistan','Tavuk eti',148800),
('Özbekistan','Koyun eti',157510.3),
('Özbekistan','Hindi eti',0),
('Özbekistan','Sığırların çiğ sütü',11599137),
('Vanuatu','Sığır Eti (Manda Hariç)',1884),
('Vanuatu','Tavuk eti',526.2),
('Vanuatu','Keçi eti',13.8),
('Vanuatu','Sığırların çiğ sütü',2450),
('Venezuela (Bolivarcı Cumhuriyeti)','Manda eti',17944.6),
('Venezuela (Bolivarcı Cumhuriyeti)','Sığır Eti (Manda Hariç)',401973.5),
('Venezuela (Bolivarcı Cumhuriyeti)','Tavuk eti',424453),
('Venezuela (Bolivarcı Cumhuriyeti)','Ördek eti',0),
('Venezuela (Bolivarcı Cumhuriyeti)','Kaz eti',0),
('Venezuela (Bolivarcı Cumhuriyeti)','Keçi eti',5856),
('Venezuela (Bolivarcı Cumhuriyeti)','Koyun eti',3737),
('Venezuela (Bolivarcı Cumhuriyeti)','Sığırların çiğ sütü',2524249.9),
('Vietnam','Manda eti',65800),
('Vietnam','Sığır Eti (Manda Hariç)',264800),
('Vietnam','Tavuk eti',1066853.7),
('Vietnam','Ördek eti',182248.6),
('Vietnam','Keçi eti',21728.7),
('Vietnam','Sığırların çiğ sütü',1158441),
('Yemen','Sığır Eti (Manda Hariç)',77051.6),
('Yemen','Tavuk eti',201950.3),
('Yemen','Keçi eti',90627.7),
('Yemen','Koyun eti',64000),
('Yemen','Sığırların çiğ sütü',244533.2),
('Yemen','Keçilerin çiğ sütü',76852.4),
('Yemen','Koyunların çiğ sütü',62130.2),
('Zambiya','Sığır Eti (Manda Hariç)',181075.4),
('Zambiya','Tavuk eti',51109.2),
('Zambiya','Keçi eti',16378.9),
('Zambiya','Koyun eti',975.8),
('Zambiya','Sığırların çiğ sütü',514308.5),
('Zimbabve','Sığır Eti (Manda Hariç)',724951.5),
('Zimbabve','Tavuk eti',111955.2),
('Zimbabve','Ördek eti',41.4),
('Zimbabve','Keçi eti',28390.9),
('Zimbabve','Koyun eti',3583.3),
('Zimbabve','Hindi eti',130.6),
('Zimbabve','Sığırların çiğ sütü',423632.4);

INSERT INTO global_hayvan_sayilari (ulke,ari_kovan,sigir,tavuk,ordek,kaz,keci,koyun,hindi) VALUES
('Afganistan',NULL,5568618,14066,NULL,NULL,7983335,12500000,NULL),
('Arnavutluk',479096,297656,4999,0,0,721555,1371695,346),
('Cezayir',428186,1738340,142061,63,48,5120824,31192020,94),
('Angola',1191158,5255925,46486,NULL,NULL,4524013,1193529,NULL),
('Antigua ve Barbuda',NULL,3257,162,NULL,NULL,21611,8300,NULL),
('Arjantin',2975530,54242595,116815,2638,169,4127245,12461845,2856),
('Ermenistan',208818,559627,4827,NULL,NULL,21943,691787,145),
('Avustralya',593162,24398826,109382,1174,NULL,4007337,70234655,1069),
('Avusturya',NULL,1861070,NULL,NULL,NULL,99020,400660,NULL),
('Azerbaycan',656146,2498179,29795,NULL,NULL,580840,7170828,1138),
('Bahamalar',NULL,742,3220,NULL,NULL,15183,6605,NULL),
('Bahreyn',NULL,7200,1748,NULL,NULL,24400,62300,NULL),
('Bangladeş',NULL,24700000,311800,63845,NULL,60000000,2100000,NULL),
('Barbados',NULL,12239,4655,NULL,NULL,5599,13320,84),
('Beyaz Rusya',154,4209300,105978,2176,NULL,52100,78700,1223),
('Belçika',NULL,2286110,53283,NULL,NULL,75360,110120,NULL),
('Belize',2020,104785,1692,13,NULL,190,15909,53),
('Benin',NULL,2313666,16333,NULL,NULL,3619241,2500613,NULL),
('Butan',NULL,254897,975,NULL,NULL,56004,10024,NULL),
('Bolivya (Çokuluslu Devlet)',0,10739448,223787,698,NULL,2281625,7592484,NULL),
('Bosna Hersek',298756,339169,9299,7,2,44588,997046,11),
('Botsvana',NULL,1002119,830,NULL,NULL,1162516,133502,NULL),
('Brezilya',1017158,234352649,1586048,3403,NULL,12366233,21514274,6500),
('Brunei Sultanlığı',NULL,367,21416,233,NULL,4160,4498,NULL),
('Bulgaristan',NULL,579860,NULL,NULL,NULL,184020,1096400,NULL),
('Burkina Faso',NULL,10098518,55306,NULL,NULL,16346193,11260981,NULL),
('Burundi',181735,1028926,2784,NULL,NULL,3291670,713807,0),
('Yeşil Burun Adaları',NULL,29649,656,NULL,NULL,139218,19229,NULL),
('Kamboçya',NULL,2769078,11682,8805,NULL,NULL,NULL,NULL),
('Kamerun',310685,6041029,51386,NULL,NULL,6639690,3605529,NULL),
('Kanada',730816,11515000,173942,1522,236,30002,822200,5641),
('Orta Afrika Cumhuriyeti',1659185,4780719,7138,13,NULL,6200000,441336,NULL),
('Çad',123928,35749982,6147,NULL,NULL,46438592,45081553,NULL),
('Şili',389715,2955355,57142,NULL,NULL,414187,1830249,26840),
('Çin',9248667,61230315,5185477,683075,319060,132242500,194030100,NULL),
('Kolombiya',108483,29642539,215218,NULL,NULL,1155721,1819247,NULL),
('Komorlar',NULL,51344,547,NULL,NULL,121144,25660,NULL),
('Kongo',NULL,335192,3025,NULL,NULL,328871,126990,NULL),
('Cook Adaları',46,109,16,0,NULL,831,NULL,NULL),
('Kosta Rika',41027,1675490,26362,NULL,NULL,79316,2873,NULL),
('Fildişi Sahili',NULL,1785057,92559,0,NULL,3805052,2271386,NULL),
('Hırvatistan',NULL,422000,10918,49,13,82000,643000,419),
('Küba',201700,3516400,30155,NULL,NULL,634500,1411800,NULL),
('Kıbrıs',NULL,81440,NULL,NULL,NULL,250410,343400,NULL),
('Çekya',654000,1390490,NULL,NULL,NULL,24610,174200,NULL),
('Kore Demokratik Halk Cumhuriyeti',NULL,569438,5810,7392,NULL,3944361,167159,NULL),
('Kongo Demokratik Cumhuriyeti',NULL,1582653,18007,NULL,NULL,4125935,917265,NULL),
('Danimarka',NULL,1466000,22412,53,4,18280,132510,231),
('Cibuti',NULL,300871,NULL,NULL,NULL,518966,470014,NULL),
('Dominika',NULL,13999,203,NULL,NULL,9705,8387,NULL),
('Dominik Cumhuriyeti',96880,3073466,223800,NULL,NULL,227932,260130,NULL),
('Ekvador',47622,3860493,171110,377,44,23789,551960,455),
('Mısır',858316,3051017,300000,7318,3000,1011000,2083708,1902),
('El Salvador',216244,786292,18375,NULL,NULL,14221,5644,NULL),
('Ekvator Ginesi',NULL,5488,380,40,NULL,9953,41771,NULL),
('Eritre',NULL,2140811,1161,NULL,NULL,1897173,2462123,NULL),
('Estonya',55000,249620,2092,NULL,NULL,4000,63100,NULL),
('Esvatini',NULL,608371,3640,NULL,NULL,252953,37623,NULL),
('Etiyopya',6208035,67961433,41960,NULL,NULL,49323166,35069956,NULL),
('Faroe Adaları',NULL,2050,NULL,NULL,NULL,NULL,76761,NULL),
('Fiji',12978,71608,5702,112,NULL,267167,35370,81),
('Finlandiya',NULL,821970,13364,0,NULL,6300,132080,283),
('Fransa',NULL,16986190,231096,22076,217,1310710,6597520,15070),
('Fransız Polinezyası',1590,7543,331,30,NULL,16481,441,NULL),
('Gabon',NULL,39579,3365,NULL,NULL,119285,225025,NULL),
('Gambiya',NULL,281430,1005,NULL,NULL,405954,179185,NULL),
('Georgia',214800,928600,9092,NULL,NULL,52500,904300,403),
('Almanya',NULL,10996960,NULL,NULL,NULL,159000,1516900,NULL),
('Gana',NULL,2238857,88666,NULL,NULL,8659280,5845718,NULL),
('Yunanistan',NULL,581600,NULL,NULL,NULL,2960900,7378400,NULL),
('Grenada',NULL,4559,269,NULL,NULL,6849,13919,NULL),
('Guatemala',91678,4171859,47000,NULL,NULL,115762,616513,NULL),
('Gine',63947,9310926,37544,NULL,NULL,4212916,3507606,NULL),
('Gine-Bissau',6698,734635,2115,NULL,NULL,811669,485107,NULL),
('Guyana',4340,97832,30976,NULL,NULL,83113,132017,NULL),
('Haiti',27436,1527314,5891,325,40,1836790,288165,194),
('Honduras',8493,2880200,48905,NULL,NULL,24898,16902,NULL),
('Macaristan',NULL,894000,32114,4241,952,41000,871700,2636),
('İzlanda',NULL,79306,220,NULL,NULL,1875,365290,NULL),
('Hindistan',12614760,193606913,852324,33421,NULL,149994093,75345847,NULL),
('Endonezya',NULL,18610148,3482427,58352,NULL,19397960,15615300,NULL),
('İran (İslam Cumhuriyeti)',7575395,5625000,1036874,1581,991,18309000,55582000,2008),
('Irak',NULL,2104057,116410,NULL,NULL,1400824,6784517,NULL),
('İrlanda',NULL,6551830,NULL,NULL,NULL,9240,4018030,NULL),
('İsrail',123000,581535,46716,176,898,144500,550000,3443),
('İtalya',NULL,6049000,NULL,NULL,NULL,1010000,6568000,NULL),
('Jamaika',68246,152625,14194,NULL,NULL,587454,1304,NULL),
('Japonya',195942,3985000,321891,NULL,NULL,16547,15175,2),
('Ürdün',49690,81466,35000,7,3,733210,2961717,5),
('Kazakistan',NULL,8538050,48349,NULL,NULL,2302680,19483297,2571),
('Kenya',1416489,23500549,61072,NULL,NULL,34529910,25814057,NULL),
('Kiribati',NULL,NULL,658,NULL,NULL,NULL,NULL,NULL),
('Kuveyt',NULL,32665,58928,NULL,NULL,223114,716046,NULL),
('Kırgızistan',143145,1783469,4984,85,42,685368,5515593,181),
('Lao Demokratik Halk Cumhuriyeti',NULL,2428000,50118,3710,113,753860,NULL,NULL),
('Letonya',105500,391350,NULL,NULL,NULL,11680,87320,NULL),
('Lübnan',351331,87413,70610,NULL,NULL,526021,443461,0),
('Lesoto',NULL,357623,343,NULL,NULL,713463,1142162,NULL),
('Liberya',NULL,45052,8484,337,NULL,352507,294112,NULL),
('Libya',36826,224193,37775,NULL,NULL,2589650,7546329,NULL),
('Litvanya',216511,641920,8897,15,7,14990,135640,95),
('Lüksemburg',NULL,186130,NULL,NULL,NULL,5090,9000,NULL),
('Madagaskar',136423,8916001,43702,4534,3019,1501646,851112,2422),
('Malawi',NULL,2073878,19553,NULL,NULL,11767097,372384,NULL),
('Malezya',NULL,721344,293604,9697,NULL,329710,135560,NULL),
('Mali',38391,12478095,56221,NULL,NULL,27832624,20158662,NULL),
('Malta',NULL,14200,NULL,0,NULL,6520,14470,NULL),
('Moritanya',NULL,1945413,4784,NULL,NULL,7411863,11002788,NULL),
('Mauritius',NULL,3512,16501,39,20,21608,4367,2),
('Meksika',2319393,36338366,611202,NULL,NULL,8817200,8805415,3773),
('Mikronezya (Federal Devletleri)',NULL,17928,192,0,NULL,4845,NULL,NULL),
('Moğolistan',12774,5512839,1506,NULL,NULL,27569395,32747682,NULL),
('Karadağ',73310,70765,855,NULL,NULL,29136,161376,NULL),
('Fas',379843,3100909,222399,NULL,NULL,6045200,21800556,13365),
('Mozambik',47660,2320248,26877,2577,15404,4405952,164002,138),
('Myanmar',63707,10500000,110000,10000,4800,2200000,450000,0),
('Namibya',NULL,2917450,4502,NULL,NULL,1802675,1342289,NULL),
('Nauru''lu',NULL,NULL,5,NULL,NULL,NULL,NULL,NULL),
('Nepal',NULL,7413197,66803,606,NULL,13990703,771205,NULL),
('Hollanda (Krallığı)',0,3751000,NULL,644,NULL,570000,723000,NULL),
('Yeni Kaledonya',9124,79581,577,NULL,NULL,1185,2263,NULL),
('Yeni Zelanda',730806,10034248,24963,183,86,88428,25333562,75),
('Nikaragua',NULL,5612913,27584,NULL,NULL,7939,6602,NULL),
('Nijer',NULL,18133707,20788,NULL,NULL,20369179,14627232,NULL),
('Nijerya',0,20905254,248992,NULL,NULL,88037053,50284350,NULL),
('Niue',824,113,19,NULL,NULL,NULL,NULL,NULL),
('Kuzey Makedonya',290879,164751,1562,NULL,NULL,80186,646488,NULL),
('Norveç',NULL,898800,16131,120,NULL,70400,2253000,448),
('Umman',153842,430389,5004,0,NULL,2492013,655177,NULL),
('Pakistan',401144,53436000,1725000,3867,NULL,82503000,31969000,NULL),
('Filistin',61333,55979,6048,NULL,NULL,222024,777883,NULL),
('Panama',NULL,1508571,28924,121,NULL,9181,NULL,16),
('Papua Yeni Gine',NULL,91165,4693,18,NULL,3108,7288,17),
('Paraguay',60594,13513375,25875,1373,132,110186,317239,214),
('Peru',NULL,5862305,190882,NULL,NULL,1767612,11210723,NULL),
('Filipinler',NULL,2577506,185102,12000,406,3908131,30000,579),
('Polonya',NULL,6448290,176580,6380,NULL,62580,266370,14967),
('Portekiz',NULL,1579140,NULL,NULL,NULL,352050,2269280,NULL),
('Porto Riko',2334,237846,9365,NULL,NULL,3444,6588,NULL),
('Katar',NULL,41575,30000,NULL,NULL,358137,813941,NULL),
('Kore Cumhuriyeti',2125326,4116407,172868,4823,5,260356,1270,10),
('Moldova Cumhuriyeti',190900,104100,48867,NULL,NULL,139900,433800,159),
('Romanya',NULL,1833700,78268,NULL,NULL,1483200,10247400,NULL),
('Rusya Federasyonu',2789983,17649619,488236,21359,3610,1811125,19148212,8755),
('Ruanda',4272,1424180,2583,24,12,1513140,331748,NULL),
('Saint Kitts ve Nevis',NULL,6500,65,NULL,NULL,9000,12000,NULL),
('Aziz Lucia',NULL,10720,475,NULL,NULL,15294,9145,NULL),
('Saint Vincent ve Grenadinler',NULL,2261,254,NULL,NULL,10392,7844,NULL),
('Samoa',11111,42029,455,NULL,NULL,NULL,NULL,NULL),
('Sao Tome ve Principe',NULL,1387,300,34,NULL,6037,3329,3),
('Suudi Arabistan',NULL,655680,210360,NULL,NULL,6779154,21804724,NULL),
('Senegal',314358,3725851,97459,NULL,NULL,6590015,7972868,NULL),
('Sırbistan',977471,799844,14624,88,22,191703,1720826,69),
('Seyşeller',NULL,631,250,5,NULL,5787,NULL,NULL),
('Sierra Leone',NULL,646230,26928,2550,NULL,752645,1022738,NULL),
('Singapur',NULL,182,2500,0,NULL,746,NULL,NULL),
('Slovakya',NULL,433180,9096,16,1,20500,301130,163),
('Slovenya',NULL,464910,5023,12,NULL,25960,117200,95),
('Solomon Adaları',NULL,15277,248,NULL,NULL,NULL,NULL,NULL),
('Somali',NULL,4535919,3851,NULL,NULL,11178929,10241518,NULL),
('Güney Afrika',72493,12196802,170305,427,145,5138635,21432364,536),
('Güney Sudan',0,13646686,36667,NULL,NULL,16444483,14563459,NULL),
('İspanya',NULL,6455130,NULL,NULL,NULL,2463450,14452590,NULL),
('Sri Lanka',NULL,1127630,22767,13,NULL,365790,12200,NULL),
('Sudan',76385,32318770,50260,NULL,NULL,32598924,41332641,NULL),
('Surinam',NULL,34361,6277,492,NULL,3892,6005,NULL),
('İsveç',NULL,1390550,NULL,NULL,NULL,12000,340840,NULL),
('İsviçre',192917,1525270,13109,6,3,82313,355893,82),
('Suriye Arap Cumhuriyeti',535538,852719,14526,46,46,2028594,17847163,148),
('Tacikistan',245029,2512412,15279,NULL,NULL,2071390,4175661,NULL),
('Tayland',NULL,4623099,289778,14564,62,474076,40534,NULL),
('Doğu Timor',20000,234726,1004,NULL,NULL,215152,43363,NULL),
('Togo',NULL,473632,34592,NULL,NULL,5453572,1991392,NULL),
('Tokelau',NULL,NULL,5,NULL,NULL,NULL,NULL,NULL),
('Tonga',819,12169,339,NULL,NULL,14483,NULL,NULL),
('Trinidad ve Tobago',7102,36207,40087,NULL,NULL,12205,16604,NULL),
('Tunus',684974,580301,100147,NULL,NULL,1165485,6195681,13039),
('Türkmenistan',NULL,2522407,21108,NULL,NULL,4680048,14281484,495),
('Tuvalu',39,NULL,57,NULL,NULL,0,NULL,NULL),
('Türkiye',8984676,16851956,361096,432,1386,11577862,44687888,3670),
('Uganda',82773,14641481,36488,NULL,NULL,16881480,2192607,NULL),
('Ukrayna',2686,2644000,186623,9960,3430,487200,607100,1511),
('Birleşik Arap Emirlikleri',NULL,106759,26282,NULL,NULL,2599390,2235981,NULL),
('Büyük Britanya ve Kuzey İrlanda Birleşik Krallığı',0,9632000,179000,2355,131,111000,33066000,3800),
('Birleşik Tanzanya Cumhuriyeti',3077056,31865784,40036,1360,NULL,22146488,6226177,NULL),
('Amerika Birleşik Devletleri',2667000,92076600,1528000,7900,NULL,2550000,5065000,70000),
('Uruguay',617000,11572000,3073,NULL,NULL,18245,6164000,NULL),
('Özbekistan',691858,13853500,86877,NULL,NULL,3664500,19938000,728),
('Vanuatu',NULL,103825,414,NULL,NULL,6886,NULL,NULL),
('Venezuela (Bolivarcı Cumhuriyeti)',10483,16644150,125528,NULL,NULL,1394118,631632,NULL),
('Vietnam',273005,6339400,400467,83700,NULL,2852566,NULL,NULL),
('Yemen',168026,1852243,69758,NULL,NULL,10281259,10487333,NULL),
('Zambiya',60794,4698972,41183,NULL,NULL,4455860,260560,NULL),
('Zimbabve',NULL,5438771,16261,88,NULL,5362646,354008,30);

INSERT INTO global_hayvan_sayilari_detay (ulke,hayvan_turu,deger) VALUES
('Afganistan','Sığır (Manda Hariç)',5597758),
('Afganistan','Tavuk (1000 Adet)',13358),
('Afganistan','Keçi',8038813),
('Afganistan','Koyun',12239176),
('Arnavutluk','Arılı Kovan',518790),
('Arnavutluk','Manda',0),
('Arnavutluk','Sığır (Manda Hariç)',263385),
('Arnavutluk','Tavuk (1000 Adet)',4877),
('Arnavutluk','Ördek (1000 Adet)',NULL),
('Arnavutluk','Kaz (1000 Adet)',NULL),
('Arnavutluk','Keçi',640242),
('Arnavutluk','Koyun',1206206),
('Arnavutluk','Hindi (1000 Adet)',347),
('Cezayir','Arılı Kovan',437271),
('Cezayir','Sığır (Manda Hariç)',1806339),
('Cezayir','Tavuk (1000 Adet)',200027),
('Cezayir','Ördek (1000 Adet)',62),
('Cezayir','Kaz (1000 Adet)',48),
('Cezayir','Keçi',5105938),
('Cezayir','Koyun',31816014),
('Cezayir','Hindi (1000 Adet)',7582),
('Angola','Arılı Kovan',1192639),
('Angola','Sığır (Manda Hariç)',5181346),
('Angola','Tavuk (1000 Adet)',48031),
('Angola','Keçi',4392558),
('Angola','Koyun',1167257),
('Antigua ve Barbuda','Sığır (Manda Hariç)',3813),
('Antigua ve Barbuda','Tavuk (1000 Adet)',158),
('Antigua ve Barbuda','Keçi',27180),
('Antigua ve Barbuda','Koyun',8508),
('Arjantin','Arılı Kovan',3013042),
('Arjantin','Sığır (Manda Hariç)',54242595),
('Arjantin','Tavuk (1000 Adet)',113418),
('Arjantin','Ördek (1000 Adet)',2659),
('Arjantin','Kaz (1000 Adet)',176),
('Arjantin','Keçi',4127245),
('Arjantin','Koyun',12609460),
('Arjantin','Hindi (1000 Adet)',2852),
('Ermenistan','Arılı Kovan',206853),
('Ermenistan','Manda',542),
('Ermenistan','Sığır (Manda Hariç)',501862),
('Ermenistan','Tavuk (1000 Adet)',4186),
('Ermenistan','Keçi',20561),
('Ermenistan','Koyun',680410),
('Ermenistan','Hindi (1000 Adet)',175),
('Avustralya','Arılı Kovan',609696),
('Avustralya','Manda',NULL),
('Avustralya','Sığır (Manda Hariç)',29878186),
('Avustralya','Tavuk (1000 Adet)',108520),
('Avustralya','Ördek (1000 Adet)',1156),
('Avustralya','Keçi',4116926),
('Avustralya','Koyun',72102519),
('Avustralya','Hindi (1000 Adet)',910),
('Avusturya','Arılı Kovan',494000),
('Avusturya','Sığır (Manda Hariç)',1835470),
('Avusturya','Keçi',96940),
('Avusturya','Koyun',391870),
('Azerbaycan','Arılı Kovan',597336),
('Azerbaycan','Manda',108093),
('Azerbaycan','Sığır (Manda Hariç)',2399626),
('Azerbaycan','Tavuk (1000 Adet)',28698),
('Azerbaycan','Keçi',419905),
('Azerbaycan','Koyun',6640708),
('Azerbaycan','Hindi (1000 Adet)',1488),
('Bahamalar','Sığır (Manda Hariç)',776),
('Bahamalar','Tavuk (1000 Adet)',3246),
('Bahamalar','Keçi',15122),
('Bahamalar','Koyun',6603),
('Bahreyn','Sığır (Manda Hariç)',6955),
('Bahreyn','Tavuk (1000 Adet)',1839),
('Bahreyn','Keçi',23467),
('Bahreyn','Koyun',60767),
('Bangladeş','Manda',1516000),
('Bangladeş','Sığır (Manda Hariç)',24856000),
('Bangladeş','Tavuk (1000 Adet)',319689),
('Bangladeş','Ördek (1000 Adet)',66016),
('Bangladeş','Keçi',26945000),
('Bangladeş','Koyun',3827000),
('Barbados','Sığır (Manda Hariç)',10732),
('Barbados','Tavuk (1000 Adet)',5022),
('Barbados','Keçi',5645),
('Barbados','Koyun',13345),
('Barbados','Hindi (1000 Adet)',82),
('Beyaz Rusya','Arılı Kovan',154000),
('Beyaz Rusya','Sığır (Manda Hariç)',4197300),
('Beyaz Rusya','Tavuk (1000 Adet)',119658),
('Beyaz Rusya','Ördek (1000 Adet)',1866),
('Beyaz Rusya','Keçi',50300),
('Beyaz Rusya','Koyun',75700),
('Beyaz Rusya','Hindi (1000 Adet)',1400),
('Belçika','Sığır (Manda Hariç)',2245710),
('Belçika','Tavuk (1000 Adet)',48754),
('Belize','Arılı Kovan',2073),
('Belize','Sığır (Manda Hariç)',102493),
('Belize','Tavuk (1000 Adet)',1703),
('Belize','Ördek (1000 Adet)',12),
('Belize','Keçi',193),
('Belize','Koyun',16115),
('Belize','Hindi (1000 Adet)',55),
('Benin','Sığır (Manda Hariç)',2528241),
('Benin','Tavuk (1000 Adet)',17638),
('Benin','Keçi',3727819),
('Benin','Koyun',2572970),
('Butan','Manda',59289),
('Butan','Sığır (Manda Hariç)',222597),
('Butan','Tavuk (1000 Adet)',819),
('Butan','Keçi',60798),
('Butan','Koyun',9411),
('Bolivya (Çokuluslu Devlet)','Arılı Kovan',NULL),
('Bolivya (Çokuluslu Devlet)','Sığır (Manda Hariç)',11099476),
('Bolivya (Çokuluslu Devlet)','Tavuk (1000 Adet)',223238),
('Bolivya (Çokuluslu Devlet)','Ördek (1000 Adet)',671),
('Bolivya (Çokuluslu Devlet)','Keçi',2280188),
('Bolivya (Çokuluslu Devlet)','Koyun',7476133),
('Bosna Hersek','Arılı Kovan',312867),
('Bosna Hersek','Sığır (Manda Hariç)',330119),
('Bosna Hersek','Tavuk (1000 Adet)',9383),
('Bosna Hersek','Ördek (1000 Adet)',15),
('Bosna Hersek','Kaz (1000 Adet)',3),
('Bosna Hersek','Keçi',51003),
('Bosna Hersek','Koyun',1003559),
('Bosna Hersek','Hindi (1000 Adet)',14),
('Botsvana','Sığır (Manda Hariç)',1000000),
('Botsvana','Tavuk (1000 Adet)',820),
('Botsvana','Keçi',1162721),
('Botsvana','Koyun',239693),
('Brezilya','Arılı Kovan',1026934),
('Brezilya','Manda',1672956),
('Brezilya','Sığır (Manda Hariç)',238626442),
('Brezilya','Tavuk (1000 Adet)',1577570),
('Brezilya','Ördek (1000 Adet)',3384),
('Brezilya','Keçi',12891493),
('Brezilya','Koyun',21792139),
('Brezilya','Hindi (1000 Adet)',5922),
('Brunei Sultanlığı','Manda',1016),
('Brunei Sultanlığı','Sığır (Manda Hariç)',314),
('Brunei Sultanlığı','Tavuk (1000 Adet)',21131),
('Brunei Sultanlığı','Ördek (1000 Adet)',239),
('Brunei Sultanlığı','Keçi',3559),
('Brunei Sultanlığı','Koyun',4470),
('Bulgaristan','Arılı Kovan',817000),
('Bulgaristan','Manda',20940),
('Bulgaristan','Sığır (Manda Hariç)',574300),
('Bulgaristan','Keçi',174950),
('Bulgaristan','Koyun',1072770),
('Burkina Faso','Sığır (Manda Hariç)',10143317),
('Burkina Faso','Tavuk (1000 Adet)',32977),
('Burkina Faso','Keçi',10842105),
('Burkina Faso','Koyun',11430584),
('Burundi','Arılı Kovan',362000),
('Burundi','Sığır (Manda Hariç)',1192217),
('Burundi','Tavuk (1000 Adet)',3057),
('Burundi','Keçi',3783404),
('Burundi','Koyun',687367),
('Burundi','Hindi (1000 Adet)',NULL),
('Yeşil Burun Adaları','Sığır (Manda Hariç)',29714),
('Yeşil Burun Adaları','Tavuk (1000 Adet)',671),
('Yeşil Burun Adaları','Keçi',143116),
('Yeşil Burun Adaları','Koyun',19464),
('Kamboçya','Manda',665269),
('Kamboçya','Sığır (Manda Hariç)',2611835),
('Kamboçya','Tavuk (1000 Adet)',12817),
('Kamboçya','Ördek (1000 Adet)',8878),
('Kamerun','Arılı Kovan',309512),
('Kamerun','Sığır (Manda Hariç)',5978095),
('Kamerun','Tavuk (1000 Adet)',47688),
('Kamerun','Keçi',6560715),
('Kamerun','Koyun',3571331),
('Kanada','Arılı Kovan',743750),
('Kanada','Sığır (Manda Hariç)',11295000),
('Kanada','Tavuk (1000 Adet)',171487),
('Kanada','Ördek (1000 Adet)',1511),
('Kanada','Kaz (1000 Adet)',340),
('Kanada','Keçi',30069),
('Kanada','Koyun',846800),
('Kanada','Hindi (1000 Adet)',5651),
('Orta Afrika Cumhuriyeti','Arılı Kovan',1675246),
('Orta Afrika Cumhuriyeti','Sığır (Manda Hariç)',4845784),
('Orta Afrika Cumhuriyeti','Tavuk (1000 Adet)',7048),
('Orta Afrika Cumhuriyeti','Ördek (1000 Adet)',13),
('Orta Afrika Cumhuriyeti','Keçi',6251226),
('Orta Afrika Cumhuriyeti','Koyun',441831),
('Çad','Arılı Kovan',123895),
('Çad','Sığır (Manda Hariç)',37647402),
('Çad','Tavuk (1000 Adet)',6164),
('Çad','Keçi',49308574),
('Çad','Koyun',48653400),
('Şili','Arılı Kovan',400045),
('Şili','Sığır (Manda Hariç)',2953310),
('Şili','Tavuk (1000 Adet)',52345),
('Şili','Keçi',400073),
('Şili','Koyun',1203537),
('Şili','Hindi (1000 Adet)',24849),
('Çin, Hong Kong ÖİB','Manda',335),
('Çin, Hong Kong ÖİB','Sığır (Manda Hariç)',1560),
('Çin, Hong Kong ÖİB','Tavuk (1000 Adet)',4219),
('Çin, Hong Kong ÖİB','Ördek (1000 Adet)',232),
('Çin, Hong Kong ÖİB','Kaz (1000 Adet)',NULL),
('Çin, Hong Kong ÖİB','Keçi',700),
('Çin, Hong Kong ÖİB','Koyun',22);
INSERT INTO global_hayvan_sayilari_detay (ulke,hayvan_turu,deger) VALUES
('Çin, Hong Kong ÖİB','Hindi (1000 Adet)',0),
('Çin, Makao ÖİB','Tavuk (1000 Adet)',819),
('Çin','Arılı Kovan',9313974),
('Çin','Manda',31525530),
('Çin','Sığır (Manda Hariç)',73559570),
('Çin','Tavuk (1000 Adet)',5217362),
('Çin','Ördek (1000 Adet)',820000),
('Çin','Kaz (1000 Adet)',328645),
('Çin','Keçi',129342000),
('Çin','Koyun',192983700),
('Çin, Tayvan Eyaleti','Arılı Kovan',178379),
('Çin, Tayvan Eyaleti','Manda',2011),
('Çin, Tayvan Eyaleti','Sığır (Manda Hariç)',157177),
('Çin, Tayvan Eyaleti','Tavuk (1000 Adet)',102717),
('Çin, Tayvan Eyaleti','Ördek (1000 Adet)',7283),
('Çin, Tayvan Eyaleti','Kaz (1000 Adet)',962),
('Çin, Tayvan Eyaleti','Keçi',107662),
('Çin, Tayvan Eyaleti','Koyun',172),
('Çin, Tayvan Eyaleti','Hindi (1000 Adet)',67),
('Kolombiya','Arılı Kovan',106766),
('Kolombiya','Manda',563372),
('Kolombiya','Sığır (Manda Hariç)',29203256),
('Kolombiya','Tavuk (1000 Adet)',208331),
('Kolombiya','Keçi',1148239),
('Kolombiya','Koyun',1792245),
('Komorlar','Sığır (Manda Hariç)',51352),
('Komorlar','Tavuk (1000 Adet)',537),
('Komorlar','Keçi',121194),
('Komorlar','Koyun',25757),
('Kongo','Sığır (Manda Hariç)',327769),
('Kongo','Tavuk (1000 Adet)',3030),
('Kongo','Keçi',326711),
('Kongo','Koyun',124765),
('Cook Adaları','Arılı Kovan',46),
('Cook Adaları','Sığır (Manda Hariç)',229),
('Cook Adaları','Tavuk (1000 Adet)',33),
('Cook Adaları','Ördek (1000 Adet)',NULL),
('Cook Adaları','Keçi',2663),
('Kosta Rika','Arılı Kovan',41257),
('Kosta Rika','Sığır (Manda Hariç)',2196700),
('Kosta Rika','Tavuk (1000 Adet)',26741),
('Kosta Rika','Keçi',77593),
('Kosta Rika','Koyun',2885),
('Fildişi Sahili','Sığır (Manda Hariç)',1867999),
('Fildişi Sahili','Tavuk (1000 Adet)',138544),
('Fildişi Sahili','Ördek (1000 Adet)',NULL),
('Fildişi Sahili','Keçi',4070402),
('Fildişi Sahili','Koyun',2531492),
('Hırvatistan','Arılı Kovan',450000),
('Hırvatistan','Sığır (Manda Hariç)',415000),
('Hırvatistan','Tavuk (1000 Adet)',10343),
('Hırvatistan','Ördek (1000 Adet)',33),
('Hırvatistan','Kaz (1000 Adet)',9),
('Hırvatistan','Keçi',73000),
('Hırvatistan','Koyun',552000),
('Hırvatistan','Hindi (1000 Adet)',357),
('Küba','Arılı Kovan',205114),
('Küba','Sığır (Manda Hariç)',3391840),
('Küba','Tavuk (1000 Adet)',30242),
('Küba','Keçi',604115),
('Küba','Koyun',1414807),
('Kıbrıs','Arılı Kovan',56000),
('Kıbrıs','Manda',0),
('Kıbrıs','Sığır (Manda Hariç)',82270),
('Çekya','Arılı Kovan',715462),
('Çekya','Manda',0),
('Çekya','Sığır (Manda Hariç)',1369590),
('Çekya','Tavuk (1000 Adet)',21957),
('Çekya','Keçi',28757),
('Çekya','Koyun',179158),
('Kore Demokratik Halk Cumhuriyeti','Sığır (Manda Hariç)',573401),
('Kore Demokratik Halk Cumhuriyeti','Tavuk (1000 Adet)',6645),
('Kore Demokratik Halk Cumhuriyeti','Ördek (1000 Adet)',7199),
('Kore Demokratik Halk Cumhuriyeti','Keçi',3910648),
('Kore Demokratik Halk Cumhuriyeti','Koyun',166675),
('Kongo Demokratik Cumhuriyeti','Sığır (Manda Hariç)',1832468),
('Kongo Demokratik Cumhuriyeti','Tavuk (1000 Adet)',19002),
('Kongo Demokratik Cumhuriyeti','Keçi',4140123),
('Kongo Demokratik Cumhuriyeti','Koyun',918961),
('Danimarka','Manda',0),
('Danimarka','Sığır (Manda Hariç)',1434870),
('Danimarka','Tavuk (1000 Adet)',20156),
('Danimarka','Ördek (1000 Adet)',65),
('Danimarka','Kaz (1000 Adet)',3),
('Danimarka','Koyun',152572),
('Danimarka','Hindi (1000 Adet)',251),
('Cibuti','Sığır (Manda Hariç)',310795),
('Cibuti','Keçi',519769),
('Cibuti','Koyun',470257),
('Dominika','Sığır (Manda Hariç)',14003),
('Dominika','Tavuk (1000 Adet)',204),
('Dominika','Keçi',9706),
('Dominika','Koyun',8426),
('Dominik Cumhuriyeti','Arılı Kovan',96385),
('Dominik Cumhuriyeti','Sığır (Manda Hariç)',3082735),
('Dominik Cumhuriyeti','Tavuk (1000 Adet)',239642),
('Dominik Cumhuriyeti','Keçi',229502),
('Dominik Cumhuriyeti','Koyun',256478),
('Ekvador','Arılı Kovan',47443),
('Ekvador','Sığır (Manda Hariç)',3723196),
('Ekvador','Tavuk (1000 Adet)',173781),
('Ekvador','Ördek (1000 Adet)',352),
('Ekvador','Kaz (1000 Adet)',45),
('Ekvador','Keçi',28641),
('Ekvador','Koyun',561949),
('Ekvador','Hindi (1000 Adet)',280),
('Mısır','Arılı Kovan',784000),
('Mısır','Manda',1445764),
('Mısır','Sığır (Manda Hariç)',3133580),
('Mısır','Tavuk (1000 Adet)',273333),
('Mısır','Ördek (1000 Adet)',4557),
('Mısır','Kaz (1000 Adet)',2433),
('Mısır','Keçi',1050154),
('Mısır','Koyun',1991545),
('Mısır','Hindi (1000 Adet)',2323),
('El Salvador','Arılı Kovan',216053),
('El Salvador','Sığır (Manda Hariç)',746087),
('El Salvador','Tavuk (1000 Adet)',18773),
('El Salvador','Keçi',14121),
('El Salvador','Koyun',5545),
('Ekvator Ginesi','Sığır (Manda Hariç)',5517),
('Ekvator Ginesi','Tavuk (1000 Adet)',381),
('Ekvator Ginesi','Ördek (1000 Adet)',38),
('Ekvator Ginesi','Keçi',9952),
('Ekvator Ginesi','Koyun',41688),
('Eritre','Sığır (Manda Hariç)',2142924),
('Eritre','Tavuk (1000 Adet)',1203),
('Eritre','Keçi',1919229),
('Eritre','Koyun',2475388),
('Estonya','Arılı Kovan',52000),
('Estonya','Manda',0),
('Estonya','Sığır (Manda Hariç)',241360),
('Estonya','Tavuk (1000 Adet)',2132),
('Estonya','Keçi',3700),
('Estonya','Koyun',55100),
('Esvatini','Sığır (Manda Hariç)',513127),
('Esvatini','Tavuk (1000 Adet)',1938),
('Esvatini','Keçi',520471),
('Esvatini','Koyun',16665),
('Etiyopya','Arılı Kovan',6794876),
('Etiyopya','Sığır (Manda Hariç)',70904004),
('Etiyopya','Tavuk (1000 Adet)',54973),
('Etiyopya','Keçi',53572317),
('Etiyopya','Koyun',39946177),
('Faroe Adaları','Sığır (Manda Hariç)',1916),
('Faroe Adaları','Koyun',78638),
('Fiji','Arılı Kovan',12421),
('Fiji','Sığır (Manda Hariç)',121798),
('Fiji','Tavuk (1000 Adet)',5743),
('Fiji','Ördek (1000 Adet)',113),
('Fiji','Keçi',276138),
('Fiji','Koyun',38073),
('Fiji','Hindi (1000 Adet)',82),
('Finlandiya','Arılı Kovan',82000),
('Finlandiya','Manda',0),
('Finlandiya','Sığır (Manda Hariç)',798640),
('Finlandiya','Tavuk (1000 Adet)',18697),
('Finlandiya','Ördek (1000 Adet)',NULL),
('Finlandiya','Keçi',5800),
('Finlandiya','Koyun',122100),
('Finlandiya','Hindi (1000 Adet)',272),
('Fransa','Arılı Kovan',1792000),
('Fransa','Sığır (Manda Hariç)',16806900),
('Fransa','Tavuk (1000 Adet)',220787),
('Fransa','Ördek (1000 Adet)',18988),
('Fransa','Kaz (1000 Adet)',196),
('Fransa','Keçi',1275000),
('Fransa','Koyun',6576000),
('Fransa','Hindi (1000 Adet)',13780),
('Fransız Polinezyası','Arılı Kovan',1589),
('Fransız Polinezyası','Sığır (Manda Hariç)',8500),
('Fransız Polinezyası','Tavuk (1000 Adet)',338),
('Fransız Polinezyası','Ördek (1000 Adet)',30),
('Fransız Polinezyası','Keçi',16100),
('Fransız Polinezyası','Koyun',444),
('Gabon','Sığır (Manda Hariç)',39824),
('Gabon','Tavuk (1000 Adet)',3403),
('Gabon','Keçi',117623),
('Gabon','Koyun',228935),
('Gambiya','Sığır (Manda Hariç)',278850),
('Gambiya','Tavuk (1000 Adet)',994),
('Gambiya','Keçi',416192),
('Gambiya','Koyun',170631),
('Georgia','Arılı Kovan',200700),
('Georgia','Manda',19658),
('Georgia','Sığır (Manda Hariç)',853700),
('Georgia','Tavuk (1000 Adet)',8812),
('Georgia','Keçi',50200),
('Georgia','Koyun',863800),
('Georgia','Hindi (1000 Adet)',396),
('Almanya','Arılı Kovan',1000000),
('Almanya','Manda',12150),
('Almanya','Sığır (Manda Hariç)',10836200),
('Almanya','Tavuk (1000 Adet)',156301),
('Almanya','Ördek (1000 Adet)',1593),
('Almanya','Keçi',162600),
('Almanya','Koyun',1559700),
('Almanya','Hindi (1000 Adet)',8999),
('Gana','Sığır (Manda Hariç)',2291454),
('Gana','Tavuk (1000 Adet)',93666);
INSERT INTO global_hayvan_sayilari_detay (ulke,hayvan_turu,deger) VALUES
('Gana','Keçi',9269844),
('Gana','Koyun',5974866),
('Yunanistan','Arılı Kovan',2317000),
('Yunanistan','Manda',4200),
('Yunanistan','Sığır (Manda Hariç)',622400),
('Yunanistan','Keçi',2747700),
('Yunanistan','Koyun',7892300),
('Grenada','Sığır (Manda Hariç)',6664),
('Grenada','Tavuk (1000 Adet)',399),
('Grenada','Keçi',25000),
('Grenada','Koyun',10000),
('Guatemala','Arılı Kovan',97773),
('Guatemala','Sığır (Manda Hariç)',4176956),
('Guatemala','Tavuk (1000 Adet)',47216),
('Guatemala','Keçi',116062),
('Guatemala','Koyun',616612),
('Gine','Arılı Kovan',63845),
('Gine','Sığır (Manda Hariç)',8835187),
('Gine','Tavuk (1000 Adet)',41159),
('Gine','Keçi',4486349),
('Gine','Koyun',3722622),
('Gine-Bissau','Arılı Kovan',6688),
('Gine-Bissau','Sığır (Manda Hariç)',738927),
('Gine-Bissau','Tavuk (1000 Adet)',2140),
('Gine-Bissau','Keçi',817843),
('Gine-Bissau','Koyun',483895),
('Guyana','Arılı Kovan',4344),
('Guyana','Sığır (Manda Hariç)',102526),
('Guyana','Tavuk (1000 Adet)',32088),
('Guyana','Keçi',82979),
('Guyana','Koyun',132078),
('Haiti','Arılı Kovan',27385),
('Haiti','Sığır (Manda Hariç)',1558495),
('Haiti','Tavuk (1000 Adet)',5952),
('Haiti','Ördek (1000 Adet)',334),
('Haiti','Kaz (1000 Adet)',40),
('Haiti','Keçi',1851086),
('Haiti','Koyun',300722),
('Haiti','Hindi (1000 Adet)',195),
('Honduras','Arılı Kovan',9157),
('Honduras','Sığır (Manda Hariç)',2932125),
('Honduras','Tavuk (1000 Adet)',47902),
('Honduras','Keçi',24678),
('Honduras','Koyun',16947),
('Macaristan','Arılı Kovan',1171000),
('Macaristan','Manda',7600),
('Macaristan','Sığır (Manda Hariç)',869700),
('Macaristan','Tavuk (1000 Adet)',29124),
('Macaristan','Ördek (1000 Adet)',2727),
('Macaristan','Kaz (1000 Adet)',614),
('Macaristan','Keçi',31300),
('Macaristan','Koyun',907100),
('Macaristan','Hindi (1000 Adet)',2519),
('İzlanda','Sığır (Manda Hariç)',78732),
('İzlanda','Tavuk (1000 Adet)',220),
('İzlanda','Keçi',1835),
('İzlanda','Koyun',354986),
('İzlanda','Hindi (1000 Adet)',30),
('Hindistan','Arılı Kovan',12663817),
('Hindistan','Manda',112049996),
('Hindistan','Sığır (Manda Hariç)',194478229),
('Hindistan','Tavuk (1000 Adet)',845000),
('Hindistan','Ördek (1000 Adet)',33500),
('Hindistan','Keçi',154262149),
('Hindistan','Koyun',77423974),
('Endonezya','Manda',1016596),
('Endonezya','Sığır (Manda Hariç)',18830155),
('Endonezya','Tavuk (1000 Adet)',3702487),
('Endonezya','Ördek (1000 Adet)',59838),
('Endonezya','Keçi',19645537),
('Endonezya','Koyun',15524842),
('İran (İslam Cumhuriyeti)','Arılı Kovan',7358044),
('İran (İslam Cumhuriyeti)','Manda',160000),
('İran (İslam Cumhuriyeti)','Sığır (Manda Hariç)',5487783),
('İran (İslam Cumhuriyeti)','Tavuk (1000 Adet)',1018112),
('İran (İslam Cumhuriyeti)','Ördek (1000 Adet)',1587),
('İran (İslam Cumhuriyeti)','Kaz (1000 Adet)',986),
('İran (İslam Cumhuriyeti)','Keçi',18421686),
('İran (İslam Cumhuriyeti)','Koyun',52012337),
('İran (İslam Cumhuriyeti)','Hindi (1000 Adet)',2005),
('Irak','Manda',260564),
('Irak','Sığır (Manda Hariç)',2147569),
('Irak','Tavuk (1000 Adet)',144993),
('Irak','Keçi',1425689),
('Irak','Koyun',6815047),
('İrlanda','Manda',0),
('İrlanda','Sığır (Manda Hariç)',6525960),
('İrlanda','Koyun',3740910),
('İsrail','Arılı Kovan',124000),
('İsrail','Sığır (Manda Hariç)',580059),
('İsrail','Tavuk (1000 Adet)',48506),
('İsrail','Ördek (1000 Adet)',178),
('İsrail','Kaz (1000 Adet)',874),
('İsrail','Keçi',114127),
('İsrail','Koyun',500000),
('İsrail','Hindi (1000 Adet)',3085),
('İtalya','Arılı Kovan',1592000),
('İtalya','Manda',416000),
('İtalya','Sığır (Manda Hariç)',5999000),
('İtalya','Keçi',980000),
('İtalya','Koyun',6497000),
('Jamaika','Arılı Kovan',76000),
('Jamaika','Sığır (Manda Hariç)',151499),
('Jamaika','Tavuk (1000 Adet)',14126),
('Jamaika','Keçi',594116),
('Jamaika','Koyun',1308),
('Japonya','Arılı Kovan',196955),
('Japonya','Sığır (Manda Hariç)',4043000),
('Japonya','Tavuk (1000 Adet)',313728),
('Japonya','Keçi',17559),
('Japonya','Koyun',14954),
('Japonya','Hindi (1000 Adet)',2),
('Ürdün','Arılı Kovan',49380),
('Ürdün','Manda',93),
('Ürdün','Sığır (Manda Hariç)',79277),
('Ürdün','Tavuk (1000 Adet)',42411),
('Ürdün','Ördek (1000 Adet)',7),
('Ürdün','Kaz (1000 Adet)',3),
('Ürdün','Keçi',766634),
('Ürdün','Koyun',2934462),
('Ürdün','Hindi (1000 Adet)',5),
('Kazakistan','Manda',9486),
('Kazakistan','Sığır (Manda Hariç)',6616836),
('Kazakistan','Tavuk (1000 Adet)',44174),
('Kazakistan','Ördek (1000 Adet)',100),
('Kazakistan','Kaz (1000 Adet)',150),
('Kazakistan','Keçi',1705701),
('Kazakistan','Koyun',16961692),
('Kazakistan','Hindi (1000 Adet)',2049),
('Kenya','Arılı Kovan',1676583),
('Kenya','Sığır (Manda Hariç)',21882008),
('Kenya','Tavuk (1000 Adet)',67043),
('Kenya','Keçi',34989347),
('Kenya','Koyun',23208541),
('Kiribati','Tavuk (1000 Adet)',659),
('Kuveyt','Sığır (Manda Hariç)',33512),
('Kuveyt','Tavuk (1000 Adet)',60234),
('Kuveyt','Keçi',219045),
('Kuveyt','Koyun',734585),
('Kırgızistan','Arılı Kovan',152579),
('Kırgızistan','Sığır (Manda Hariç)',1802299),
('Kırgızistan','Tavuk (1000 Adet)',5554),
('Kırgızistan','Ördek (1000 Adet)',89),
('Kırgızistan','Kaz (1000 Adet)',44),
('Kırgızistan','Keçi',662917),
('Kırgızistan','Koyun',5553208),
('Kırgızistan','Hindi (1000 Adet)',191),
('Lao Demokratik Halk Cumhuriyeti','Manda',1211949),
('Lao Demokratik Halk Cumhuriyeti','Sığır (Manda Hariç)',2542707),
('Lao Demokratik Halk Cumhuriyeti','Tavuk (1000 Adet)',52235),
('Lao Demokratik Halk Cumhuriyeti','Ördek (1000 Adet)',3693),
('Lao Demokratik Halk Cumhuriyeti','Kaz (1000 Adet)',114),
('Lao Demokratik Halk Cumhuriyeti','Keçi',786965),
('Letonya','Arılı Kovan',98700),
('Letonya','Manda',0),
('Letonya','Sığır (Manda Hariç)',368060),
('Letonya','Tavuk (1000 Adet)',5922),
('Letonya','Keçi',10340),
('Letonya','Koyun',78300),
('Lübnan','Arılı Kovan',318218),
('Lübnan','Sığır (Manda Hariç)',86991),
('Lübnan','Tavuk (1000 Adet)',68498),
('Lübnan','Keçi',523669),
('Lübnan','Koyun',434209),
('Lübnan','Hindi (1000 Adet)',NULL),
('Lesoto','Sığır (Manda Hariç)',404351),
('Lesoto','Tavuk (1000 Adet)',473),
('Lesoto','Keçi',621885),
('Lesoto','Koyun',1467491),
('Liberya','Sığır (Manda Hariç)',44868),
('Liberya','Tavuk (1000 Adet)',8548),
('Liberya','Ördek (1000 Adet)',337),
('Liberya','Keçi',349517),
('Liberya','Koyun',287717),
('Libya','Arılı Kovan',36509),
('Libya','Sığır (Manda Hariç)',211263),
('Libya','Tavuk (1000 Adet)',37899),
('Libya','Keçi',2719322),
('Libya','Koyun',7528420),
('Litvanya','Arılı Kovan',231813),
('Litvanya','Manda',0),
('Litvanya','Sığır (Manda Hariç)',623520),
('Litvanya','Tavuk (1000 Adet)',9729),
('Litvanya','Ördek (1000 Adet)',13),
('Litvanya','Kaz (1000 Adet)',6),
('Litvanya','Keçi',13980),
('Litvanya','Koyun',127880),
('Litvanya','Hindi (1000 Adet)',175),
('Lüksemburg','Arılı Kovan',7000),
('Lüksemburg','Manda',0),
('Lüksemburg','Sığır (Manda Hariç)',183560),
('Madagaskar','Arılı Kovan',136661),
('Madagaskar','Sığır (Manda Hariç)',7520290),
('Madagaskar','Tavuk (1000 Adet)',45083),
('Madagaskar','Ördek (1000 Adet)',4614),
('Madagaskar','Kaz (1000 Adet)',3022),
('Madagaskar','Keçi',2019044),
('Madagaskar','Koyun',957575),
('Madagaskar','Hindi (1000 Adet)',2436),
('Malawi','Sığır (Manda Hariç)',2170565);
INSERT INTO global_hayvan_sayilari_detay (ulke,hayvan_turu,deger) VALUES
('Malawi','Tavuk (1000 Adet)',19744),
('Malawi','Keçi',12550986),
('Malawi','Koyun',366313),
('Malezya','Manda',72565),
('Malezya','Sığır (Manda Hariç)',726206),
('Malezya','Tavuk (1000 Adet)',313102),
('Malezya','Ördek (1000 Adet)',9572),
('Malezya','Keçi',338260),
('Malezya','Koyun',141029),
('Mali','Arılı Kovan',38148),
('Mali','Sığır (Manda Hariç)',13631182),
('Mali','Tavuk (1000 Adet)',60310),
('Mali','Keçi',32194191),
('Mali','Koyun',23317665),
('Malta','Manda',0),
('Malta','Sığır (Manda Hariç)',14230),
('Malta','Ördek (1000 Adet)',NULL),
('Malta','Keçi',6560),
('Malta','Koyun',13990),
('Moritanya','Sığır (Manda Hariç)',1968393),
('Moritanya','Tavuk (1000 Adet)',4779),
('Moritanya','Keçi',7258755),
('Moritanya','Koyun',11382264),
('Mauritius','Manda',25),
('Mauritius','Sığır (Manda Hariç)',3400),
('Mauritius','Tavuk (1000 Adet)',16759),
('Mauritius','Ördek (1000 Adet)',38),
('Mauritius','Kaz (1000 Adet)',21),
('Mauritius','Keçi',21894),
('Mauritius','Koyun',3950),
('Mauritius','Hindi (1000 Adet)',2),
('Meksika','Arılı Kovan',2201329),
('Meksika','Sığır (Manda Hariç)',36619592),
('Meksika','Tavuk (1000 Adet)',621072),
('Meksika','Keçi',8840467),
('Meksika','Koyun',8836730),
('Meksika','Hindi (1000 Adet)',3817),
('Mikronezya (Federal Devletleri)','Manda',168),
('Mikronezya (Federal Devletleri)','Sığır (Manda Hariç)',17888),
('Mikronezya (Federal Devletleri)','Tavuk (1000 Adet)',192),
('Mikronezya (Federal Devletleri)','Ördek (1000 Adet)',NULL),
('Mikronezya (Federal Devletleri)','Keçi',4893),
('Moğolistan','Arılı Kovan',14695),
('Moğolistan','Sığır (Manda Hariç)',5350755),
('Moğolistan','Tavuk (1000 Adet)',1795),
('Moğolistan','Keçi',24618228),
('Moğolistan','Koyun',29409352),
('Karadağ','Arılı Kovan',46609),
('Karadağ','Sığır (Manda Hariç)',69298),
('Karadağ','Tavuk (1000 Adet)',810),
('Karadağ','Keçi',29217),
('Karadağ','Koyun',167958),
('Fas','Arılı Kovan',383163),
('Fas','Sığır (Manda Hariç)',2883867),
('Fas','Tavuk (1000 Adet)',224293),
('Fas','Keçi',5635894),
('Fas','Koyun',20660585),
('Fas','Hindi (1000 Adet)',14324),
('Mozambik','Arılı Kovan',48529),
('Mozambik','Sığır (Manda Hariç)',2406285),
('Mozambik','Tavuk (1000 Adet)',19880),
('Mozambik','Ördek (1000 Adet)',2625),
('Mozambik','Kaz (1000 Adet)',17065),
('Mozambik','Keçi',4101030),
('Mozambik','Koyun',229764),
('Mozambik','Hindi (1000 Adet)',169),
('Myanmar','Arılı Kovan',62554),
('Myanmar','Manda',2075000),
('Myanmar','Sığır (Manda Hariç)',10800000),
('Myanmar','Tavuk (1000 Adet)',135000),
('Myanmar','Ördek (1000 Adet)',11500),
('Myanmar','Kaz (1000 Adet)',5090),
('Myanmar','Keçi',2300000),
('Myanmar','Koyun',540000),
('Myanmar','Hindi (1000 Adet)',NULL),
('Namibya','Sığır (Manda Hariç)',3600000),
('Namibya','Tavuk (1000 Adet)',4354),
('Namibya','Keçi',1896452),
('Namibya','Koyun',2264782),
('Nauru''lu','Tavuk (1000 Adet)',5),
('Nepal','Manda',3081062),
('Nepal','Sığır (Manda Hariç)',4750329),
('Nepal','Tavuk (1000 Adet)',65205),
('Nepal','Ördek (1000 Adet)',1326),
('Nepal','Keçi',14541244),
('Nepal','Koyun',501849),
('Hollanda (Krallığı)','Arılı Kovan',NULL),
('Hollanda (Krallığı)','Manda',0),
('Hollanda (Krallığı)','Sığır (Manda Hariç)',3739000),
('Hollanda (Krallığı)','Tavuk (1000 Adet)',93004),
('Hollanda (Krallığı)','Ördek (1000 Adet)',581),
('Hollanda (Krallığı)','Keçi',566000),
('Hollanda (Krallığı)','Koyun',665000),
('Hollanda (Krallığı)','Hindi (1000 Adet)',588),
('Yeni Kaledonya','Arılı Kovan',9922),
('Yeni Kaledonya','Sığır (Manda Hariç)',79729),
('Yeni Kaledonya','Tavuk (1000 Adet)',575),
('Yeni Kaledonya','Keçi',1648),
('Yeni Kaledonya','Koyun',2021),
('Yeni Zelanda','Arılı Kovan',601412),
('Yeni Zelanda','Sığır (Manda Hariç)',9538661),
('Yeni Zelanda','Tavuk (1000 Adet)',25274),
('Yeni Zelanda','Ördek (1000 Adet)',180),
('Yeni Zelanda','Kaz (1000 Adet)',88),
('Yeni Zelanda','Keçi',60953),
('Yeni Zelanda','Koyun',24359267),
('Yeni Zelanda','Hindi (1000 Adet)',73),
('Nikaragua','Sığır (Manda Hariç)',5552814),
('Nikaragua','Tavuk (1000 Adet)',28341),
('Nikaragua','Keçi',8005),
('Nikaragua','Koyun',6933),
('Nijer','Sığır (Manda Hariç)',17126638),
('Nijer','Tavuk (1000 Adet)',20955),
('Nijer','Keçi',19595793),
('Nijer','Koyun',14138167),
('Nijerya','Arılı Kovan',NULL),
('Nijerya','Sığır (Manda Hariç)',20906596),
('Nijerya','Tavuk (1000 Adet)',227836),
('Nijerya','Keçi',89294278),
('Nijerya','Koyun',51420432),
('Niue','Arılı Kovan',824),
('Niue','Sığır (Manda Hariç)',113),
('Niue','Tavuk (1000 Adet)',19),
('Kuzey Makedonya','Arılı Kovan',306415),
('Kuzey Makedonya','Manda',635),
('Kuzey Makedonya','Sığır (Manda Hariç)',148693),
('Kuzey Makedonya','Tavuk (1000 Adet)',1746),
('Kuzey Makedonya','Keçi',85528),
('Kuzey Makedonya','Koyun',587073),
('Norveç','Sığır (Manda Hariç)',875600),
('Norveç','Tavuk (1000 Adet)',16484),
('Norveç','Ördek (1000 Adet)',122),
('Norveç','Keçi',71800),
('Norveç','Koyun',2191100),
('Norveç','Hindi (1000 Adet)',414),
('Umman','Arılı Kovan',145485),
('Umman','Sığır (Manda Hariç)',438997),
('Umman','Tavuk (1000 Adet)',5024),
('Umman','Ördek (1000 Adet)',NULL),
('Umman','Keçi',2541853),
('Umman','Koyun',668280),
('Pakistan','Arılı Kovan',401444),
('Pakistan','Manda',44974000),
('Pakistan','Sığır (Manda Hariç)',55450000),
('Pakistan','Tavuk (1000 Adet)',1887000),
('Pakistan','Ördek (1000 Adet)',3767),
('Pakistan','Keçi',84738000),
('Pakistan','Koyun',32347000),
('Filistin','Arılı Kovan',55196),
('Filistin','Sığır (Manda Hariç)',44597),
('Filistin','Tavuk (1000 Adet)',5662),
('Filistin','Keçi',231245),
('Filistin','Koyun',801273),
('Panama','Sığır (Manda Hariç)',1518656),
('Panama','Tavuk (1000 Adet)',30103),
('Panama','Ördek (1000 Adet)',111),
('Panama','Keçi',9174),
('Panama','Hindi (1000 Adet)',17),
('Papua Yeni Gine','Sığır (Manda Hariç)',91834),
('Papua Yeni Gine','Tavuk (1000 Adet)',4739),
('Papua Yeni Gine','Ördek (1000 Adet)',19),
('Papua Yeni Gine','Keçi',3149),
('Papua Yeni Gine','Koyun',7523),
('Papua Yeni Gine','Hindi (1000 Adet)',17),
('Paraguay','Arılı Kovan',59749),
('Paraguay','Sığır (Manda Hariç)',13526256),
('Paraguay','Tavuk (1000 Adet)',25470),
('Paraguay','Ördek (1000 Adet)',1365),
('Paraguay','Kaz (1000 Adet)',134),
('Paraguay','Keçi',114026),
('Paraguay','Koyun',327100),
('Paraguay','Hindi (1000 Adet)',215),
('Peru','Sığır (Manda Hariç)',5876213),
('Peru','Tavuk (1000 Adet)',191696),
('Peru','Keçi',1764665),
('Peru','Koyun',11283007),
('Filipinler','Manda',2776115),
('Filipinler','Sığır (Manda Hariç)',2581371),
('Filipinler','Tavuk (1000 Adet)',191203),
('Filipinler','Ördek (1000 Adet)',13519),
('Filipinler','Kaz (1000 Adet)',410),
('Filipinler','Keçi',3902482),
('Filipinler','Koyun',30000),
('Filipinler','Hindi (1000 Adet)',581),
('Polonya','Arılı Kovan',2350000),
('Polonya','Manda',620),
('Polonya','Sığır (Manda Hariç)',6267460),
('Polonya','Tavuk (1000 Adet)',195145),
('Polonya','Ördek (1000 Adet)',6932),
('Polonya','Keçi',60897),
('Polonya','Koyun',270492),
('Polonya','Hindi (1000 Adet)',15118),
('Portekiz','Arılı Kovan',678000),
('Portekiz','Manda',0),
('Portekiz','Sığır (Manda Hariç)',1527720),
('Portekiz','Keçi',335620),
('Portekiz','Koyun',2216700),
('Porto Riko','Arılı Kovan',9632),
('Porto Riko','Sığır (Manda Hariç)',225681),
('Porto Riko','Tavuk (1000 Adet)',4365);
INSERT INTO global_hayvan_sayilari_detay (ulke,hayvan_turu,deger) VALUES
('Porto Riko','Keçi',3335),
('Porto Riko','Koyun',16549),
('Katar','Arılı Kovan',6565),
('Katar','Sığır (Manda Hariç)',43977),
('Katar','Tavuk (1000 Adet)',32038),
('Katar','Keçi',372262),
('Katar','Koyun',810601),
('Kore Cumhuriyeti','Arılı Kovan',2128266),
('Kore Cumhuriyeti','Sığır (Manda Hariç)',4035076),
('Kore Cumhuriyeti','Tavuk (1000 Adet)',182127),
('Kore Cumhuriyeti','Ördek (1000 Adet)',6538),
('Kore Cumhuriyeti','Kaz (1000 Adet)',4),
('Kore Cumhuriyeti','Keçi',322919),
('Kore Cumhuriyeti','Koyun',1338),
('Kore Cumhuriyeti','Hindi (1000 Adet)',9),
('Moldova Cumhuriyeti','Arılı Kovan',207082),
('Moldova Cumhuriyeti','Sığır (Manda Hariç)',101030),
('Moldova Cumhuriyeti','Tavuk (1000 Adet)',50696),
('Moldova Cumhuriyeti','Keçi',133034),
('Moldova Cumhuriyeti','Koyun',416895),
('Moldova Cumhuriyeti','Hindi (1000 Adet)',165),
('Romanya','Arılı Kovan',2396000),
('Romanya','Manda',16900),
('Romanya','Sığır (Manda Hariç)',1814700),
('Romanya','Tavuk (1000 Adet)',77750),
('Romanya','Keçi',1421700),
('Romanya','Koyun',10299500),
('Rusya Federasyonu','Arılı Kovan',2743100),
('Rusya Federasyonu','Manda',5122),
('Rusya Federasyonu','Sığır (Manda Hariç)',17489037),
('Rusya Federasyonu','Tavuk (1000 Adet)',499220),
('Rusya Federasyonu','Ördek (1000 Adet)',21840),
('Rusya Federasyonu','Kaz (1000 Adet)',3690),
('Rusya Federasyonu','Keçi',1748200),
('Rusya Federasyonu','Koyun',19083000),
('Rusya Federasyonu','Hindi (1000 Adet)',8950),
('Ruanda','Arılı Kovan',4233),
('Ruanda','Sığır (Manda Hariç)',1441712),
('Ruanda','Tavuk (1000 Adet)',3260),
('Ruanda','Ördek (1000 Adet)',25),
('Ruanda','Kaz (1000 Adet)',11),
('Ruanda','Keçi',1503941),
('Ruanda','Koyun',307998),
('Saint Kitts ve Nevis','Sığır (Manda Hariç)',1739),
('Saint Kitts ve Nevis','Tavuk (1000 Adet)',78),
('Saint Kitts ve Nevis','Keçi',9578),
('Saint Kitts ve Nevis','Koyun',13174),
('Aziz Lucia','Sığır (Manda Hariç)',10540),
('Aziz Lucia','Tavuk (1000 Adet)',482),
('Aziz Lucia','Keçi',14651),
('Aziz Lucia','Koyun',8828),
('Saint Vincent ve Grenadinler','Sığır (Manda Hariç)',2170),
('Saint Vincent ve Grenadinler','Tavuk (1000 Adet)',247),
('Saint Vincent ve Grenadinler','Keçi',10806),
('Saint Vincent ve Grenadinler','Koyun',7973),
('Samoa','Arılı Kovan',11085),
('Samoa','Sığır (Manda Hariç)',40113),
('Samoa','Tavuk (1000 Adet)',417),
('Sao Tome ve Principe','Sığır (Manda Hariç)',1466),
('Sao Tome ve Principe','Tavuk (1000 Adet)',224),
('Sao Tome ve Principe','Ördek (1000 Adet)',35),
('Sao Tome ve Principe','Keçi',6066),
('Sao Tome ve Principe','Koyun',3410),
('Sao Tome ve Principe','Hindi (1000 Adet)',3),
('Suudi Arabistan','Sığır (Manda Hariç)',645609),
('Suudi Arabistan','Tavuk (1000 Adet)',214331),
('Suudi Arabistan','Keçi',6324981),
('Suudi Arabistan','Koyun',18946715),
('Senegal','Arılı Kovan',312753),
('Senegal','Sığır (Manda Hariç)',3766238),
('Senegal','Tavuk (1000 Adet)',102373),
('Senegal','Keçi',6488404),
('Senegal','Koyun',8196297),
('Sırbistan','Arılı Kovan',1103300),
('Sırbistan','Sığır (Manda Hariç)',725408),
('Sırbistan','Tavuk (1000 Adet)',13913),
('Sırbistan','Ördek (1000 Adet)',102),
('Sırbistan','Kaz (1000 Adet)',57),
('Sırbistan','Keçi',147077),
('Sırbistan','Koyun',1716809),
('Sırbistan','Hindi (1000 Adet)',78),
('Seyşeller','Sığır (Manda Hariç)',501),
('Seyşeller','Tavuk (1000 Adet)',265),
('Seyşeller','Ördek (1000 Adet)',5),
('Seyşeller','Keçi',5851),
('Sierra Leone','Sığır (Manda Hariç)',667117),
('Sierra Leone','Tavuk (1000 Adet)',22903),
('Sierra Leone','Ördek (1000 Adet)',1724),
('Sierra Leone','Keçi',897661),
('Sierra Leone','Koyun',1005267),
('Singapur','Manda',NULL),
('Singapur','Sığır (Manda Hariç)',178),
('Singapur','Tavuk (1000 Adet)',2883),
('Singapur','Ördek (1000 Adet)',NULL),
('Singapur','Keçi',753),
('Slovakya','Arılı Kovan',342000),
('Slovakya','Manda',0),
('Slovakya','Sığır (Manda Hariç)',429720),
('Slovakya','Tavuk (1000 Adet)',9404),
('Slovakya','Ördek (1000 Adet)',32),
('Slovakya','Kaz (1000 Adet)',1),
('Slovakya','Koyun',289849),
('Slovakya','Hindi (1000 Adet)',146),
('Slovenya','Arılı Kovan',208000),
('Slovenya','Manda',0),
('Slovenya','Sığır (Manda Hariç)',456050),
('Slovenya','Tavuk (1000 Adet)',4059),
('Slovenya','Ördek (1000 Adet)',12),
('Slovenya','Kaz (1000 Adet)',3),
('Slovenya','Keçi',26824),
('Slovenya','Koyun',116323),
('Slovenya','Hindi (1000 Adet)',61),
('Solomon Adaları','Sığır (Manda Hariç)',15439),
('Solomon Adaları','Tavuk (1000 Adet)',247),
('Somali','Sığır (Manda Hariç)',4543613),
('Somali','Tavuk (1000 Adet)',3884),
('Somali','Keçi',11462373),
('Somali','Koyun',10333790),
('Güney Afrika','Arılı Kovan',71863),
('Güney Afrika','Sığır (Manda Hariç)',12198082),
('Güney Afrika','Tavuk (1000 Adet)',163215),
('Güney Afrika','Ördek (1000 Adet)',433),
('Güney Afrika','Kaz (1000 Adet)',146),
('Güney Afrika','Keçi',5125311),
('Güney Afrika','Koyun',21425621),
('Güney Afrika','Hindi (1000 Adet)',541),
('Güney Sudan','Arılı Kovan',NULL),
('Güney Sudan','Sığır (Manda Hariç)',14134538),
('Güney Sudan','Tavuk (1000 Adet)',35556),
('Güney Sudan','Keçi',16149177),
('Güney Sudan','Koyun',14505214),
('İspanya','Arılı Kovan',2804000),
('İspanya','Manda',870),
('İspanya','Sığır (Manda Hariç)',6294640),
('İspanya','Keçi',2293470),
('İspanya','Koyun',13596560),
('Sri Lanka','Manda',327010),
('Sri Lanka','Sığır (Manda Hariç)',1122370),
('Sri Lanka','Tavuk (1000 Adet)',18065),
('Sri Lanka','Ördek (1000 Adet)',15),
('Sri Lanka','Keçi',350550),
('Sri Lanka','Koyun',12880),
('Sudan','Arılı Kovan',76426),
('Sudan','Sığır (Manda Hariç)',30704926),
('Sudan','Tavuk (1000 Adet)',50342),
('Sudan','Keçi',31416151),
('Sudan','Koyun',39985834),
('Surinam','Manda',1023),
('Surinam','Sığır (Manda Hariç)',31933),
('Surinam','Tavuk (1000 Adet)',5112),
('Surinam','Ördek (1000 Adet)',495),
('Surinam','Keçi',4112),
('Surinam','Koyun',6280),
('İsveç','Arılı Kovan',179000),
('İsveç','Sığır (Manda Hariç)',1369000),
('İsveç','Koyun',338550),
('İsviçre','Arılı Kovan',198074),
('İsviçre','Sığır (Manda Hariç)',1528595),
('İsviçre','Tavuk (1000 Adet)',13152),
('İsviçre','Ördek (1000 Adet)',7),
('İsviçre','Kaz (1000 Adet)',3),
('İsviçre','Keçi',81256),
('İsviçre','Koyun',362375),
('İsviçre','Hindi (1000 Adet)',121),
('Suriye Arap Cumhuriyeti','Arılı Kovan',559738),
('Suriye Arap Cumhuriyeti','Manda',6502),
('Suriye Arap Cumhuriyeti','Sığır (Manda Hariç)',841437),
('Suriye Arap Cumhuriyeti','Tavuk (1000 Adet)',15490),
('Suriye Arap Cumhuriyeti','Ördek (1000 Adet)',45),
('Suriye Arap Cumhuriyeti','Kaz (1000 Adet)',47),
('Suriye Arap Cumhuriyeti','Keçi',2192379),
('Suriye Arap Cumhuriyeti','Koyun',18569178),
('Suriye Arap Cumhuriyeti','Hindi (1000 Adet)',145),
('Tacikistan','Arılı Kovan',249038),
('Tacikistan','Manda',15675),
('Tacikistan','Sığır (Manda Hariç)',2605000),
('Tacikistan','Tavuk (1000 Adet)',11510),
('Tacikistan','Keçi',2098547),
('Tacikistan','Koyun',3783512),
('Tayland','Manda',889775),
('Tayland','Sığır (Manda Hariç)',4630798),
('Tayland','Tavuk (1000 Adet)',288758),
('Tayland','Ördek (1000 Adet)',15504),
('Tayland','Kaz (1000 Adet)',67),
('Tayland','Keçi',483417),
('Tayland','Koyun',38442),
('Doğu Timor','Arılı Kovan',20000),
('Doğu Timor','Manda',135124),
('Doğu Timor','Sığır (Manda Hariç)',241365),
('Doğu Timor','Tavuk (1000 Adet)',800),
('Doğu Timor','Keçi',170393),
('Doğu Timor','Koyun',20304),
('Togo','Sığır (Manda Hariç)',468958),
('Togo','Tavuk (1000 Adet)',35924),
('Togo','Keçi',5850910),
('Togo','Koyun',2082011),
('Tokelau','Tavuk (1000 Adet)',5),
('Tonga','Arılı Kovan',894),
('Tonga','Sığır (Manda Hariç)',12170),
('Tonga','Tavuk (1000 Adet)',340);
INSERT INTO global_hayvan_sayilari_detay (ulke,hayvan_turu,deger) VALUES
('Tonga','Keçi',14808),
('Trinidad ve Tobago','Arılı Kovan',7650),
('Trinidad ve Tobago','Manda',6509),
('Trinidad ve Tobago','Sığır (Manda Hariç)',36003),
('Trinidad ve Tobago','Tavuk (1000 Adet)',40642),
('Trinidad ve Tobago','Keçi',13496),
('Trinidad ve Tobago','Koyun',17349),
('Tunus','Arılı Kovan',667789),
('Tunus','Sığır (Manda Hariç)',583828),
('Tunus','Tavuk (1000 Adet)',99635),
('Tunus','Keçi',1151380),
('Tunus','Koyun',6236386),
('Tunus','Hindi (1000 Adet)',13377),
('Türkiye','Arılı Kovan',9224881),
('Türkiye','Manda',161749),
('Türkiye','Sığır (Manda Hariç)',16421256),
('Türkiye','Tavuk (1000 Adet)',368624),
('Türkiye','Ördek (1000 Adet)',421),
('Türkiye','Kaz (1000 Adet)',1328),
('Türkiye','Keçi',10302940),
('Türkiye','Koyun',42060470),
('Türkiye','Hindi (1000 Adet)',3379),
('Türkmenistan','Sığır (Manda Hariç)',2541931),
('Türkmenistan','Tavuk (1000 Adet)',21429),
('Türkmenistan','Keçi',4883012),
('Türkmenistan','Koyun',14122637),
('Türkmenistan','Hindi (1000 Adet)',469),
('Tuvalu','Arılı Kovan',39),
('Tuvalu','Tavuk (1000 Adet)',58),
('Tuvalu','Keçi',NULL),
('Uganda','Arılı Kovan',83265),
('Uganda','Sığır (Manda Hariç)',15235785),
('Uganda','Tavuk (1000 Adet)',48661),
('Uganda','Keçi',17518333),
('Uganda','Koyun',4992372),
('Ukrayna','Arılı Kovan',2403),
('Ukrayna','Sığır (Manda Hariç)',2307000),
('Ukrayna','Tavuk (1000 Adet)',165468),
('Ukrayna','Ördek (1000 Adet)',8848),
('Ukrayna','Kaz (1000 Adet)',2980),
('Ukrayna','Keçi',422800),
('Ukrayna','Koyun',518600),
('Ukrayna','Hindi (1000 Adet)',1378),
('Birleşik Arap Emirlikleri','Sığır (Manda Hariç)',109907),
('Birleşik Arap Emirlikleri','Tavuk (1000 Adet)',26116),
('Birleşik Arap Emirlikleri','Keçi',2309766),
('Birleşik Arap Emirlikleri','Koyun',2063668),
('Büyük Britanya ve Kuzey İrlanda Birleşik Krallığı','Arılı Kovan',NULL),
('Büyük Britanya ve Kuzey İrlanda Birleşik Krallığı','Sığır (Manda Hariç)',9555426),
('Büyük Britanya ve Kuzey İrlanda Birleşik Krallığı','Tavuk (1000 Adet)',170233),
('Büyük Britanya ve Kuzey İrlanda Birleşik Krallığı','Ördek (1000 Adet)',1467),
('Büyük Britanya ve Kuzey İrlanda Birleşik Krallığı','Kaz (1000 Adet)',125),
('Büyük Britanya ve Kuzey İrlanda Birleşik Krallığı','Keçi',111000),
('Büyük Britanya ve Kuzey İrlanda Birleşik Krallığı','Koyun',31802536),
('Büyük Britanya ve Kuzey İrlanda Birleşik Krallığı','Hindi (1000 Adet)',2500),
('Birleşik Tanzanya Cumhuriyeti','Arılı Kovan',3080237),
('Birleşik Tanzanya Cumhuriyeti','Sığır (Manda Hariç)',37913129),
('Birleşik Tanzanya Cumhuriyeti','Tavuk (1000 Adet)',40641),
('Birleşik Tanzanya Cumhuriyeti','Ördek (1000 Adet)',1362),
('Birleşik Tanzanya Cumhuriyeti','Keçi',27586547),
('Birleşik Tanzanya Cumhuriyeti','Koyun',9373407),
('Amerika Birleşik Devletleri','Arılı Kovan',2509000),
('Amerika Birleşik Devletleri','Sığır (Manda Hariç)',88841000),
('Amerika Birleşik Devletleri','Tavuk (1000 Adet)',1526000),
('Amerika Birleşik Devletleri','Ördek (1000 Adet)',7996),
('Amerika Birleşik Devletleri','Keçi',2527000),
('Amerika Birleşik Devletleri','Koyun',5130000),
('Amerika Birleşik Devletleri','Hindi (1000 Adet)',73000),
('Uruguay','Arılı Kovan',646000),
('Uruguay','Sığır (Manda Hariç)',11877000),
('Uruguay','Tavuk (1000 Adet)',49431),
('Uruguay','Keçi',18466),
('Uruguay','Koyun',5927000),
('Özbekistan','Arılı Kovan',711207),
('Özbekistan','Sığır (Manda Hariç)',14142239),
('Özbekistan','Tavuk (1000 Adet)',89950),
('Özbekistan','Keçi',3584300),
('Özbekistan','Koyun',20533600),
('Özbekistan','Hindi (1000 Adet)',748),
('Vanuatu','Arılı Kovan',150),
('Vanuatu','Sığır (Manda Hariç)',91644),
('Vanuatu','Tavuk (1000 Adet)',410),
('Vanuatu','Keçi',5133),
('Vanuatu','Koyun',1260),
('Venezuela (Bolivarcı Cumhuriyeti)','Arılı Kovan',10895),
('Venezuela (Bolivarcı Cumhuriyeti)','Sığır (Manda Hariç)',16526784),
('Venezuela (Bolivarcı Cumhuriyeti)','Tavuk (1000 Adet)',133198),
('Venezuela (Bolivarcı Cumhuriyeti)','Kaz (1000 Adet)',1000),
('Venezuela (Bolivarcı Cumhuriyeti)','Keçi',1196167),
('Venezuela (Bolivarcı Cumhuriyeti)','Koyun',620111),
('Vietnam','Arılı Kovan',273095),
('Vietnam','Manda',2136009),
('Vietnam','Sığır (Manda Hariç)',6331895),
('Vietnam','Tavuk (1000 Adet)',457221),
('Vietnam','Ördek (1000 Adet)',87645),
('Vietnam','Keçi',3088328),
('Yemen','Arılı Kovan',152437),
('Yemen','Sığır (Manda Hariç)',1877413),
('Yemen','Tavuk (1000 Adet)',69604),
('Yemen','Keçi',9984795),
('Yemen','Koyun',10344548),
('Zambiya','Arılı Kovan',60508),
('Zambiya','Sığır (Manda Hariç)',4589016),
('Zambiya','Tavuk (1000 Adet)',41294),
('Zambiya','Keçi',4661702),
('Zambiya','Koyun',243082),
('Zimbabve','Sığır (Manda Hariç)',5754985),
('Zimbabve','Tavuk (1000 Adet)',17510),
('Zimbabve','Ördek (1000 Adet)',88),
('Zimbabve','Keçi',6464047),
('Zimbabve','Koyun',512758),
('Zimbabve','Hindi (1000 Adet)',31),
('Gröndland','Sığır (Manda Hariç)',0);

INSERT INTO global_karkas_agirligi (ulke,karkas_verimi_kg) VALUES
('Afganistan',157.1),
('Arnavutluk',119),
('Cezayir',233.2),
('Angola',166),
('Antigua ve Barbuda',159.1),
('Arjantin',232.1),
('Ermenistan',120.6),
('Avustralya',307.1),
('Avusturya',329),
('Azerbaycan',111.8),
('Bahamalar',170),
('Bahreyn',120),
('Bangladeş',72.3),
('Barbados',207),
('Beyaz Rusya',237),
('Belçika',315.4),
('Belize',204.1),
('Benin',209.3),
('Butan',103),
('Bolivya',197.6),
('Bosna Hersek',237.8),
('Botsvana',200),
('Brezilya',245),
('Brunei',255.8),
('Bulgaristan',154.7),
('Burkina Faso',104.9),
('Burundi',205),
('Kamboçya',120),
('Kamerun',146.8),
('Kanada',369.9),
('Yeşil Burun Adaları',161),
('Orta Afrika Cumhuriyeti',162.7),
('Çad',120),
('Şili',260.2),
('Çin',148.3),
('Kolombiya',228),
('Komorlar',110),
('Kongo',150.8),
('Cook Adaları',108),
('Kosta Rika',230),
('Fildişi Sahili',97.8),
('Hırvatistan',253.7),
('Küba',170.5),
('Kıbrıs',263.4),
('Çekya',307.6),
('Demokratik Kongo Cumhuriyeti',157.7),
('Danimarka',266.1),
('Cibuti',109),
('Dominika',180),
('Dominik Cumhuriyeti',124),
('Doğu Timor',103),
('Ekvador',216.7),
('Mısır',325),
('El Salvador',166),
('Ekvator Ginesi',110),
('Eritre',100.5),
('Estonya',254.7),
('Esvatini',229.8),
('Etiyopya',108.6),
('Faroe Adaları',308.4),
('Fiji',211.8),
('Finlandiya',326),
('Fransa',319.5),
('Fransız Polinezyası',176),
('Gabon',119.3),
('Gambiya',120),
('Georgia',110),
('Almanya',329.2),
('Gana',103.4),
('Yunanistan',240.6),
('Grenada',160),
('Guatemala',201),
('Gine',109),
('Gine-Bissau',114),
('Guyana',190.6),
('Haiti',158.2),
('Honduras',197),
('Hong Kong',299.5),
('Macaristan',259.5),
('İzlanda',211),
('Endonezya',450),
('İran',212.2),
('Irak',212.2),
('İrlanda',325.1),
('İsrail',334),
('İtalya',267.1),
('Jamaika',220.8),
('Japonya',450),
('Ürdün',240.3),
('Kazakistan',176),
('Kenya',114),
('Kuveyt',323),
('Kırgızistan',215),
('Laos',128),
('Letonya',212.3),
('Lübnan',211),
('Lesoto',122.5),
('Liberya',125),
('Libya',200),
('Litvanya',275.2),
('Lüksemburg',366.6),
('Makao',383.6),
('Madagaskar',109.6),
('Malawi',107.1),
('Malezya',257.7),
('Mali',115.1),
('Malta',277),
('Moritanya',130.3),
('Mauritius',268.2),
('Melanezya',185.7),
('Meksika',251),
('Mikronezya (ülke)',137.2),
('Moldova',165.2),
('Moğolistan',128.3),
('Karadağ',209),
('Fas',278.1),
('Mozambik',140),
('Myanmar',99.5),
('Namibya',273),
('Hollanda',200),
('Yeni Kaledonya',219),
('Yeni Zelanda',158.5),
('Nikaragua',189.8),
('Nijer',262),
('Nijerya',99.2),
('Niue',177),
('Kuzey Kore',150),
('Kuzey Makedonya',263.9),
('Norveç',290.5),
('Umman',124.8),
('Pakistan',130.1),
('Filistin',251.2),
('Panama',218.1),
('Papua Yeni Gine',140),
('Paraguay',224),
('Peru',146),
('Filipinler',134),
('Polonya',302),
('Polinezya',159.6),
('Portekiz',243.3),
('Porto Riko',294.6),
('Katar',120),
('Romanya',134.3),
('Rusya',214.7),
('Ruanda',86.3),
('Saint Kitts ve Nevis',191.1),
('Aziz Lucia',183.7),
('Saint Vincent ve Grenadinler',211.1),
('Samoa',152.3),
('Sao Tome ve Principe',190),
('Suudi Arabistan',160.3),
('Senegal',186),
('Sırbistan',233),
('Seyşeller',206),
('Sierra Leone',291.9),
('Singapur',429),
('Slovakya',286.7),
('Slovenya',294.2),
('Solomon Adaları',185),
('Somali',109.5),
('Güney Afrika',309.4),
('Güney Kore',325.1),
('Güney Sudan',140.5),
('İspanya',282),
('Sri Lanka',131),
('Sudan',109.1),
('Surinam',205),
('İsveç',324.6),
('İsviçre',238.8),
('Suriye',117),
('Tayvan',191.2),
('Tacikistan',297),
('Tanzanya',139.3),
('Tayland',152.3),
('Togo',106),
('Tonga',190),
('Trinidad ve Tobago',209),
('Tunus',227),
('Türkiye',287),
('Türkmenistan',161.7),
('Uganda',155.3),
('Ukrayna',167.6),
('Birleşik Arap Emirlikleri',250),
('Birleşik Krallık',328.4),
('Amerika Birleşik Devletleri',370),
('Uruguay',264.4),
('Özbekistan',181.6),
('Vanuatu',190),
('Venezuela',241.6),
('Vietnam',139.3),
('Yemen',60),
('Zambiya',162),
('Zimbabve',275.7);

INSERT INTO global_et_tuketimi_karsilastirma (ulke,kanatli_eti,sigir_eti,koyun_keci_eti,domuz_eti,balik_deniz_urunleri,diger_etler) VALUES
('ABD',57.67,37.81,0.7,29.73,22.36,0.92),
('AB-27',22.92,14.08,1.36,40.86,23.44,0.94),
('Türkiye',20.05,18.3,6,0,7.3,0),
('Japonya',25.47,9.54,0.12,21.94,45.12,0.1),
('Çin',17.86,7.69,3.81,33.8,39.87,0.48),
('Almanya',17.63,14.04,0.71,43.26,13.15,0.95),
('Yunanistan',26.09,14.51,7.58,26.6,21.67,2.01);

INSERT INTO tr_hayvan_varliklari (tarih,sigir_bas,manda_bas,buyukbas_toplam_bas,koyun_bas,keci_bas,kucukbas_toplam_bas) VALUES
('1929-01-01 00:00:00',4685000,492000,5177000,10184524,11127521,21312045),
('1930-01-01 00:00:00',4735000,508000,5243000,10498426,11155980,21654406),
('1931-01-01 00:00:00',4869000,494000,5363000,11762343,12231710,23994053),
('1932-01-01 00:00:00',5345000,555000,5900000,11758706,10826332,22585038),
('1933-01-01 00:00:00',5124000,542000,5666000,11070773,9752967,20823740),
('1934-01-01 00:00:00',5207000,541000,5748000,10739269,8988278,19727547),
('1935-01-01 00:00:00',6486176,540184,7026360,13591000,11761424,25352424),
('1936-01-01 00:00:00',8328669,801067,9129736,20771989,15022060,35794049),
('1937-01-01 00:00:00',8765858,903511,9669369,21724533,16008956,37733489),
('1938-01-01 00:00:00',9310966,885117,10196083,23138450,16274592,39413042),
('1939-01-01 00:00:00',9395303,906804,10302107,25220503,16518088,41738591),
('1940-01-01 00:00:00',9759282,947208,10706490,26271838,16895605,43167443),
('1941-01-01 00:00:00',10064357,963029,11027386,25411693,17056854,42468547),
('1942-01-01 00:00:00',9618476,882216,10500692,22967097,16403183,39370280),
('1943-01-01 00:00:00',9231043,847912,10078955,21104603,16206276,37310879),
('1944-01-01 00:00:00',9549432,856803,10406235,22450258,17225726,39675984),
('1945-01-01 00:00:00',9809926,848166,10658092,23386009,16248417,39634426),
('1946-01-01 00:00:00',9706057,900862,10606919,23386616,16683105,40069721),
('1947-01-01 00:00:00',9800919,947422,10748341,24579866,17257838,41837704),
('1948-01-01 00:00:00',10179321,936751,11116072,25840090,18558026,44398116),
('1949-01-01 00:00:00',10103741,897074,11000815,23073071,17403221,40476292),
('1950-01-01 00:00:00',10123185,947731,11070916,23082521,18464604,41547125),
('1951-01-01 00:00:00',10395858,967062,11362920,24832649,20901214,45733863),
('1952-01-01 00:00:00',10694807,1013388,11708195,26534233,21044368,47578601),
('1953-01-01 00:00:00',10758553,1044134,11802687,27286602,20963248,48249850),
('1954-01-01 00:00:00',10867500,1070716,11938216,26807557,21079432,47886989),
('1955-01-01 00:00:00',11058935,1056000,12114935,26443838,21032902,47476740),
('1956-01-01 00:00:00',11546208,1075438,12621646,27974232,21513807,49488039),
('1957-01-01 00:00:00',12064130,1121727,13185857,29209029,22821525,52030554),
('1958-01-01 00:00:00',12484211,1161803,13646014,30823393,24232626,55056019),
('1959-01-01 00:00:00',13075800,1229200,14305000,33613500,25077700,58691200),
('1960-01-01 00:00:00',12435000,1140000,13575000,34463200,24632200,59095400),
('1961-01-01 00:00:00',12097300,1140400,13237700,33306900,23948600,57255500),
('1962-01-01 00:00:00',12662000,1159900,13821900,31614000,22075000,53689000),
('1963-01-01 00:00:00',12704130,1165860,13869990,32278980,21504910,53783890),
('1964-01-01 00:00:00',13211000,1202500,14413500,32654000,21162000,53816000),
('1965-01-01 00:00:00',13203000,1216000,14419000,33382000,20805000,54187000),
('1966-01-01 00:00:00',13769000,1253000,15022000,34663000,20932000,55595000),
('1967-01-01 00:00:00',14165000,1248000,15413000,35878000,20659000,56537000),
('1968-01-01 00:00:00',13761000,1257000,15018000,36587000,20637000,57224000),
('1969-01-01 00:00:00',13189000,1178000,14367000,36351000,20267000,56618000),
('1970-01-01 00:00:00',12756000,1117000,13873000,36471000,19483000,55954000),
('1971-01-01 00:00:00',12939000,1062000,14001000,37008000,19169000,56177000),
('1972-01-01 00:00:00',13045000,1039000,14084000,38806000,18463000,57269000),
('1973-01-01 00:00:00',13236000,1023000,14259000,40093000,18700000,58793000),
('1974-01-01 00:00:00',13388000,1022000,14410000,40539000,18746000,59285000),
('1975-01-01 00:00:00',13751000,1051000,14802000,41366000,18763000,60129000),
('1976-01-01 00:00:00',14102000,1056000,15158000,41504000,18508000,60012000),
('1977-01-01 00:00:00',14540000,1012000,15552000,42708000,18276000,60984000),
('1978-01-01 00:00:00',14941000,1023000,15964000,43942000,18447000,62389000),
('1979-01-01 00:00:00',15567000,1040000,16607000,46026000,18775000,64801000),
('1980-01-01 00:00:00',15894000,1031000,16925000,48630000,19043000,67673000),
('1981-01-01 00:00:00',15981000,1002000,16983000,49598000,18926000,68524000),
('1982-01-01 00:00:00',14484000,808000,15292000,49636000,18213000,67849000),
('1983-01-01 00:00:00',14099000,758000,14857000,48707000,16732000,65439000),
('1984-01-01 00:00:00',12410000,544000,12954000,40391000,13100000,53491000),
('1985-01-01 00:00:00',12466000,551000,13017000,42500000,13336000,55836000),
('1986-01-01 00:00:00',12713000,540000,13253000,43758000,13406000,57164000),
('1987-01-01 00:00:00',12713000,524000,13237000,43796000,13057000,56853000),
('1988-01-01 00:00:00',12562000,485000,13047000,45384000,12914000,58298000),
('1989-01-01 00:00:00',12173000,429000,12602000,43647000,11942000,55589000),
('1990-01-01 00:00:00',11377000,371000,11748000,40553000,10977000,51530000),
('1991-01-01 00:00:00',11972923,366150,12339073,40432340,10764198,51196538),
('1992-01-01 00:00:00',11950907,352410,12303317,39415938,10453940,49869878),
('1993-01-01 00:00:00',11910000,316000,12226000,37541000,10133000,47674000),
('1994-01-01 00:00:00',11901000,305000,12206000,35646000,9564000,45210000),
('1995-01-01 00:00:00',11789000,255000,12044000,33791000,9111000,42902000),
('1996-01-01 00:00:00',11886000,235000,12121000,33072000,8951000,42023000),
('1997-01-01 00:00:00',11185000,194000,11379000,30238000,8376000,38614000),
('1998-01-01 00:00:00',11031000,176000,11207000,29435000,8057000,37492000),
('1999-01-01 00:00:00',11054000,165000,11219000,30256000,7774000,38030000),
('2000-01-01 00:00:00',10761000,146000,10907000,28492000,7201000,35693000),
('2001-01-01 00:00:00',10761000,138000,10899000,26972000,7022000,33994000),
('2002-01-01 00:00:00',9803498,121077,9924575,25173706,6780094,31953800),
('2003-01-01 00:00:00',9788102,113356,9901458,25431539,6771675,32203214),
('2004-01-01 00:00:00',10069346,103900,10173246,25201155,6609937,31811092),
('2005-01-01 00:00:00',10526440,104965,10631405,25304325,6517464,31821789),
('2006-01-01 00:00:00',10871364,100516,10971880,25616912,6643294,32260206),
('2007-01-01 00:00:00',11036753,84705,11121458,25462293,6286358,31748651),
('2008-01-01 00:00:00',10859942,86297,10946239,23974591,5593561,29568152),
('2009-01-01 00:00:00',10723958,87207,10811165,21749508,5128285,26877793),
('2010-01-01 00:00:00',11369800,84726,11454526,23089691,6293233,29382924),
('2011-01-01 00:00:00',12386337,97632,12483969,25031565,7277953,32309518),
('2012-01-01 00:00:00',13914912,107435,14022347,27425233,8357286,35782519),
('2013-01-01 00:00:00',14415257,117591,14532848,29284247,9225548,38509795),
('2014-01-01 00:00:00',14223109,122114,14344935,31140244,10344936,41485180),
('2015-01-01 00:00:00',13994071,133766,14127837,31507934,10416166,41924100),
('2016-01-01 00:00:00',14080155,142073,14222228,30983933,10345299,41329232),
('2017-01-01 00:00:00',15943586,161439,16105025,33677636,10634672,44312308),
('2018-01-01 00:00:00',17042506,178397,17220903,35194972,10922427,46117399),
('2019-01-01 00:00:00',17688139,184192,17872331,37276050,11205429,48481479),
('2020-01-01 00:00:00',17965482,192489,18157971,42126781,11985845,54112626),
('2021-01-01 00:00:00',17850543,185574,18036117,45177690,12341514,57519204),
('2022-01-01 00:00:00',16851956,171835,17023791,44687888,11577862,56265750),
('2023-01-01 00:00:00',16421256,161749,16583005,42060470,10302940,52363410),
('2024-01-01 00:00:00',16824208,162051,16986259,44080584,10822084,54902668),
('2025-01-01 00:00:00',17030316,158328,17188644,47014865,11191414,58206279);

INSERT INTO tr_hayvansal_urun_uretimi (yil,bal_uretimi,cig_sut_uretimi,kirmizi_et_uretimi,yumurta_milyon_adet,kanatli_eti_ton) VALUES
(1961,8001,6507020,405067,1308.033,60000),
(1962,8507,6781350,402432,1349.947,60240),
(1963,10446,6795340,403722,1335.043,61080),
(1964,9500,6959500,390634,1359.462,62040),
(1965,10320,7001800,401703,1447.561,65880),
(1966,11408,7345500,421336,1460.823,67080),
(1967,12744,7558200,405880,1536.189,72000),
(1968,12920,7535900,413335,1760.01,80000),
(1969,12950,7464000,458383,1828.268,88800),
(1970,14889,7343200,460493,1914.044,97320),
(1971,16345,7471000,459779,2131.361,106324),
(1972,16363,7583100,442490,2461.75,121016),
(1973,15612,7861200,456038,2557.852,130117),
(1974,16601,8012800,492854,2559.207,148132),
(1975,21250,8235700,546555,2596.692,173779),
(1976,24061,8463750,513816,3093.307,185691),
(1977,21653,8738375,537305,3989.644,175985),
(1978,21671,9011750,525581,4178.686,197772),
(1979,26059,9468275,444449,4314.193,204751),
(1980,25170,9614900,433040,4134.719,240163),
(1981,30041,9838780,501575,4580.92,274095),
(1982,34030,9044305,524574,4993.394,281807),
(1983,33178,8776640,541759,5031.775,235326),
(1984,35620,9387531,776392,5659.334,275018),
(1985,35840,9670123,712893,5837.682,273310),
(1986,39649,9840337,850589,5448.681,302477),
(1987,34417,9798515,722838,6127.01,337669),
(1988,42729,9889746,709442,6801.658,367974),
(1989,40180,9633075,755875,6778.136,377176),
(1990,51286,9617415,742149,7698.637,401658),
(1991,54655,10240105,496484,7667.99,400002),
(1992,60318,10279245,448743,8215.016,424133),
(1993,59207,10406020,432092,10006.269,443964),
(1994,54908,10560915,465949,9845.407,474000),
(1995,68620,10601550,414784,10268.668,282038),
(1996,62950,10760915,415381,9787.22,420609),
(1997,63319,10076526,516878,12089.341,471415),
(1998,67490,9971000,531894,13887.864,486710),
(1999,67259,10082000,511046,14090.023,596880),
(2000,61091,9793962,491217,13508.586,643457),
(2001,60190,9495550,783341.46,10575.046,614745),
(2002,74555,8408568,778944.78,11554.91,696187),
(2003,69540,10611011,755880.34,12666.782,872419),
(2004,73929,10679407,736074.22,11055.557,876774),
(2005,82336,11107897,737219.97,12052.455,936697),
(2006,83842,11952100,754625.1799999999,11733.572,917659),
(2007,73935,12329789,795999.98,12724.959,1068454),
(2008,81364,12243040,828526.79,13190.696,1087682),
(2009,82003,12542186,846939.2099999998,13832.726,1293315),
(2010,81115,13543674,879819.01,11840.396,1444059),
(2011,94245,15056211,969442.71,12954.686,1613309),
(2012,89162.22,17401262,1067553.07,14910.774,1723918.63),
(2013,94694.01,18223712,1099081.44,16496.751,1758362.83),
(2014,103525.17,18630859,1123058.67,17145.389,1894668.63),
(2015,108128.36,18654682,1187018.3,16727.51,1909276.47),
(2016,105727.43,18489161,1303647.57,18097.605,1879017.52),
(2017,114471.45,20699894,1440327.27,19281.196,2136734.37),
(2018,107920.1,22120716,1661766.51,19643.711,2156671.12),
(2019,109329.57,22960379,1740615.7700000003,19898.126,2138450.72),
(2020,104076.65,23503790,1785952.2999999998,19788.063,2138450.72),
(2021,96344.2,23200306,1952038.3199999998,19297.591,2245770.43),
(2022,118297,21563492,2191625.2199999997,19808.539,2417995.11),
(2023,114889,21438542,2384046.9322659983,20638,2376366),
(2024,95492,21098564,2105895,19463.87,2319642),
(2025,97253,21379088,1885130,19892.69,2797057);

INSERT INTO tr_kisi_basi_uretim_tuketim (yil,nufus_kisi,toplam_sut_uretimi,sut_uretimi_kg_kisi,sut_tuketimi_kg_kisi,yumurta_uretimi_adet_kisi,yumurta_tuketimi_adet_kisi,tavuk_eti_uretim_kg_kisi,tavuk_eti_tuketim_kg_kisi,kisi_basina_bal_uretimi_kg_kisi) VALUES
(2011,74724269,15056211,201.5,201.4,173,188,21.59,18.79,1.26),
(2012,75627384,17401262,230.1,230,197,207,22.795,18.94,1.18),
(2013,76667864,18223712,237.7,237.6,215,218,22.935,18.41,1.23),
(2014,77695904,18630859,239.8,238,221,226,24.385,19.54,1.32),
(2015,78741053,18654682,236.9,236.9,212,218,24.247,20.29,1.37),
(2016,79814871,18489161,231.7,231.8,227,233,23.54,20.01,1.32),
(2017,80810525,20699894,256.2,256.1,239,172,26.44,21.73,1.42),
(2018,82003882,22120716,269.8,270,240,174,26.3,20.89,1.32),
(2019,83154997,22960379,276.1,276.1,239,191,25.71,20.47,1.31),
(2020,83614362,23503790,281.1,276,238,200,25.69,20.5,1.25),
(2021,84680273,23200306,274,274,228,191,26.5,20.68,1.14),
(2022,85229533,21563492,253,252.8,232,189,28.37,21.95,1.39),
(2023,85372377,21438542,251.11801677959605,251,241.74095562549465,197,27.835303215230844,21,1.3457397349964848);

INSERT INTO tr_kisi_basina_guncel_tuketim (tereyagi_kg,yogurt_kg,icme_sutu_litre,peynir_kg,toplam_sut_litre,kirmizi_et_kg,yumurta_adet,pilic_eti_kg,bal_kg,balik_deniz_urunleri) VALUES
(1.8,30.6,36,18.4,251,24.3,200,21,1.3457397349964848,7.2);

INSERT INTO tr_verimlilikler (yil,cig_sut_verimi_lt,buyukbas_karkas_et_verimi_kg,kucukbas_karkas_et_verimi_kg,bal_verimi_kg) VALUES
(2001,1660.2847536127042,174.36479673640565,18.16317168745719,14.625661759756696),
(2002,1696.9463979295233,177.70378199978688,18.802398021278144,18),
(2003,1875.9128555006728,182.2871720218692,18.739531317714896,16),
(2004,2464.469472430221,187.85471908692404,17.88459658321845,17),
(2005,2493.4358231866695,192.0780883276874,17.81058943627861,18),
(2006,2581.185355908836,196.06664168329914,17.55328978710875,17),
(2007,2654.9249982393953,202.36727288670963,17.872835435486728,15),
(2008,2744.2259667437665,207.7483465298767,17.94874162678153,17),
(2009,2788.5562124580692,215.08707441693625,18.10517518128765,15),
(2010,2832.0881106035217,220.53971326723544,19.18317999772282,15),
(2011,2883.0997883932887,227.12799884279312,19.478264180568168,16),
(2012,2929.7960273182434,230.7025971207408,20.113987675592796,14),
(2013,2952.170019430267,230.9217882908079,20.439208997351358,14),
(2014,3033.393982288418,231.23483985271793,19.293328987811336,14),
(2015,3035.714081587891,232.41822945457182,18.90565796111768,14),
(2016,3066.281373958311,239.123930140473,19.405076987132514,13.4),
(2017,3118.5862022368306,252.02386037845682,19.362554810200496,14.3),
(2018,3135.842408187989,264.0399302864407,20.18922051472889,13.3),
(2019,2962.8346060946596,273.3568475773331,21.15947054120077,13.3),
(2020,3237.256266430066,278.1039739537697,21.27955645019031,12.7),
(2021,3202.300709752009,283.73439610702366,21.808108590686842,11.03),
(2022,3341.900419578359,286.1983970153364,21.87064751356815,13.16),
(2023,3439.305654020056,286.6702776966595,21.684574918104975,12.5);

INSERT INTO tr_yeterlilikler (sira,sut_ton,kirmizi_et_ton,beyaz_et_ton,yumurta_milyon_adet,bal_ton) VALUES
(NULL,1.17,0.94,1.48,1.4,1.11);

INSERT INTO il_hayvan_sayilari (il,tarih,sigir_varligi_bas,manda_varligi_bas,koyun_varligi_bas,keci_varligi_bas,arici_sayisi,bal_uretimi_ton,aricilik_yapan_isletme_sayisi,yeni_kovan_sayisi,eski_kovan_sayisi,kovan_varligi,balmumu_uretimi_ton,bal_verimi_kg,bal_cesidi,peynir_cesidi,et_tavugu_sayisi,yumurta_tavugu_sayisi,toplam_hayvan_varligi) VALUES
('Adana','2023-01-01 00:00:00',247367,680,555568,389371,2468,12279.977,2468,492883,1651,494534,329,24.831410984886784,'Narenciye Balı, Pamuk Balı, Kekik Balı',NULL,7674465,944743,1192986),
('Adıyaman','2023-01-01 00:00:00',107164,11,147029,154268,1445,326.502,1445,77065,695,77760,17,4.198842592592593,'Kekik Balı, Yaban Çiçeği Balı',NULL,78000,93815,408472),
('Afyonkarahisar','2023-01-01 00:00:00',373579,5817,937909,79671,318,456.152,318,49607,300,49907,11,9.140040475284028,'Yaban Çiçeği Balı, Kekik Balı, Geven Balı',NULL,329800,14634962,1396976),
('Ağrı','2023-01-01 00:00:00',320066,986,1000000,67182,319,317.833,319,28004,0,28004,9,11.349557206113413,'Geven Balı, Yayla Balı, Dağ Çiçekleri Balı',NULL,0,152500,1388234),
('Aksaray','2023-01-01 00:00:00',325790,1355,772614,65756,280,125.535,280,13473,57,13530,4,9.278270509977828,'Geven Balı, Yaban Çiçeği Balı',NULL,0,231400,1165515),
('Amasya','2023-01-01 00:00:00',193230,3910,197026,49543,592,535.781,592,34680,271,34951,17,15.32948985722869,'Kestane Balı, Ihlamur Balı, Çiçek Balı',NULL,143000,2035948,443709),
('Ankara','2023-01-01 00:00:00',608396,2118,1620266,259129,1682,742.084,1682,93941,2131,96072,32,7.724248480306437,'Ayçiçeği Balı, Yaban Çiçeği Balı, Geven Balı',NULL,9011815,5409193,2489909),
('Antalya','2023-01-01 00:00:00',166083,99,593270,647574,3517,2242.606,3517,250423,237,250660,131,8.946804436288199,'Keçiboynuzu Balı, Narenciye Balı, Kekik Balı, Çam Balı',NULL,0,474608,1407026),
('Ardahan','2023-01-01 00:00:00',320563,41,161468,5819,706,171.107,706,35680,2,35682,2,4.795330979205202,'Yayla Balı, Dağ Çiçekleri Balı',NULL,0,143719,487891),
('Artvin','2023-01-01 00:00:00',53858,26,211952,17556,2135,426.729,2135,114262,2651,116913,19,3.649970490877832,'Kestane Balı, Ihlamur Balı, Yayla Balı, Orman Gülü Balı',NULL,0,16319,283392),
('Aydın','2023-01-01 00:00:00',490556,531,286520,76844,1749,3412.09,1749,270510,666,271176,109,12.582566303802697,'Çam Balı, Püren Balı, Kekik Balı, Narenciye Balı',NULL,2397250,858308,854451),
('Balıkesir','2023-01-01 00:00:00',527509,5137,1183486,143630,2168,2087.84,2168,187148,735,187883,49,11.112447640286774,'Kestane Balı, Çam Balı, Ihlamur Balı, Kekik Balı',NULL,29174723,5674117,1859762),
('Bartın','2023-01-01 00:00:00',37175,3851,4483,1127,691,384.3,691,42700,0,42700,35,9.000000000000002,'Kestane Balı, Ihlamur Balı, Çiçek Balı',NULL,772374,87215,46636),
('Batman','2023-01-01 00:00:00',96721,505,707494,183193,717,244.759,717,58738,0,58738,3,4.166961762402533,'Yaban Çiçeği Balı, Kekik Balı',NULL,0,118111,987913),
('Bayburt','2023-01-01 00:00:00',71014,723,67926,6094,642,432.738,642,72010,113,72123,25,6,'Yayla Balı, Kestane Balı, Dağ Çiçekleri Balı',NULL,0,32676,145757),
('Bilecik','2023-01-01 00:00:00',36009,44,132997,40482,419,220.399,419,21345,24,21369,8,10.313959474004399,'Kestane Balı, Ihlamur Balı, Çiçek Balı',NULL,7868084,271806,209532),
('Bingöl','2023-01-01 00:00:00',125436,78,392877,163059,1126,1328.089,1126,171114,2453,173567,39,7.651736793284438,'Geven Balı, Dağ Çiçekleri Balı, Yayla Balı',NULL,642250,94182,681450),
('Bitlis','2023-01-01 00:00:00',62616,8253,477261,262627,1188,2186.033,1188,164092,93099,257191,106,8.499648121435042,'Geven Balı, Yayla Balı, Dağ Çiçekleri Balı',NULL,0,75583,810757),
('Bolu','2023-01-01 00:00:00',123516,1780,131882,29181,768,146.848,768,28446,177,28623,4,5.130419592635294,'Kestane Balı, Ihlamur Balı, Orman Çiçekleri Balı',NULL,23722976,2766616,286359),
('Burdur','2023-01-01 00:00:00',195880,63,215214,149954,531,235.826,531,42891,454,43345,33,5.440673664782558,'Kekik Balı, Çiçek Balı, Geven Balı',NULL,0,325760,561111),
('Bursa','2023-01-01 00:00:00',219777,4225,519221,73454,1725,1151.085,1725,94967,1094,96061,37,11.982854644444675,'Kestane Balı, Ihlamur Balı, Çiçek Balı, Kekik Balı',NULL,5079951,5366378,816677),
('canakkale','2023-01-01 00:00:00',205691,195,570799,229011,1624,2175.657,1624,94432,910,95342,94,22.819502422856665,'Kekik Balı, Çam Balı, Ihlamur Balı',NULL,7101480,257034,1005696),
('cankiri','2023-01-01 00:00:00',141993,965,146201,21140,1163,467.232,1163,54412,1094,55506,21,8.41768457464058,'Geven Balı, Yaban Çiçeği Balı',NULL,2222600,486972,310299),
('corum','2023-01-01 00:00:00',203905,2850,218876,66551,1057,456.439,1057,46267,936,47203,33,9.66970319683071,'Ayçiçeği Balı, Çiçek Balı, Geven Balı',NULL,0,3261911,492182),
('Denizli','2023-01-01 00:00:00',261434,232,512506,160177,1106,1039.243,1106,106850,0,106850,80,9.726186242395881,'Çam Balı, Kekik Balı, Püren Balı',NULL,4455660,1975116,934349),
('Diyarbakır','2023-01-01 00:00:00',564405,16430,1713175,357507,1036,2229.395,1036,176262,877,177139,31,12.585568395440868,'Yaban Çiçeği Balı, Pamuk Balı',NULL,270400,533880,2651517),
('Düzce','2023-01-01 00:00:00',51004,3039,19589,1142,792,412.14,792,52314,25,52339,14,7.874433978486405,'Kestane Balı, Ihlamur Balı, Çiçek Balı',NULL,4732037,444952,74774),
('Edirne','2023-01-01 00:00:00',141655,391,307009,57846,931,1003.387,931,78560,1397,79957,13,12.549082631914654,'Ayçiçeği Balı, Akasya Balı, Ihlamur Balı',NULL,81000,172701,506901),
('Elazığ','2023-01-01 00:00:00',157975,93,740075,109239,1418,637.469,1418,100433,227,100660,50,6.3328929068150215,'Geven Balı, Dağ Çiçekleri Balı',NULL,5717290,1602460,1007382),
('Erzincan','2023-01-01 00:00:00',109438,1218,550634,59893,1259,926.386,1259,114820,318,115138,35,8.045875384321423,'Geven Balı, Yayla Balı, Dağ Çiçekleri Balı',NULL,1036063,543595,721183),
('Erzurum','2023-01-01 00:00:00',695095,1226,799595,78274,2340,1353.795,12451,151171,3525,154696,66,8.751325179707298,'Geven Balı, Yayla Balı, Dağ Çiçekleri Balı',NULL,0,141859,1574190),
('Eskişehir','2023-01-01 00:00:00',145525,673,994928,84204,444,164.295,444,25840,192,26032,6,6.311270743700061,'Ayçiçeği Balı, Geven Balı, Çiçek Balı',NULL,3413198,1510003,1225330),
('Gaziantep','2023-01-01 00:00:00',200672,280,609288,235748,433,164.053,433,25484,3777,29261,6,5.606541129831517,'Yaban Çiçeği Balı, Antep Fıstığı Çiçeği Balı',NULL,447682,6305371,1045988),
('Giresun','2023-01-01 00:00:00',109034,3900,98890,14744,1983,1233.157,1983,120046,145,120191,39,10.25997786855921,'Kestane Balı, Ihlamur Balı, Yayla Balı',NULL,127000,43912,226568),
('Gümüşhane','2023-01-01 00:00:00',64144,85,56529,5906,678,422.006,678,41837,254,42091,17,10.026038820650495,'Yayla Balı, Kestane Balı, Dağ Çiçekleri Balı',NULL,0,239208,126664),
('Hakkari','2023-01-01 00:00:00',34116,429,468922,219544,1181,1014.703,1181,151921,15232,167153,75,6.070504268544387,'Yayla Balı, Dağ Çiçekleri Balı',NULL,0,73477,723011),
('Hatay','2023-01-01 00:00:00',141163,520,334608,183610,1028,1151.069,1028,122533,964,123497,60,9.320623173032542,'Narenciye Balı, Defne Balı, Kekik Balı',NULL,563500,305773,659901),
('Iğdır','2023-01-01 00:00:00',67195,1383,826259,34677,264,121.154,264,19400,0,19400,9,6.245051546391752,'Yaban Çiçeği Balı, Kekik Balı',NULL,0,92050,929514),
('Isparta','2023-01-01 00:00:00',138388,264,260067,170956,636,271.909,636,39276,230,39506,30,6.8827266744292,'Lavanta Balı, Kekik Balı, Geven Balı',NULL,0,374034,569675),
('istanbul','2023-01-01 00:00:00',76115,12891,141050,21549,1527,792.367,1527,92766,331,93097,28,8.511197997787253,'Ihlamur Balı, Kestane Balı, Çiçek Balı',NULL,700000,1083217,251605),
('izmir','2023-01-01 00:00:00',815736,601,638468,174743,3049,3626.224,3049,304383,2330,306713,125,11.82285719874932,'Çam Balı, Narenciye Balı, Kekik Balı, Püren Balı',NULL,12241040,5230818,1629548),
('Kahramanmaraş','2023-01-01 00:00:00',230991,509,609888,380705,1471,1168.858,1471,113656,2134,115790,46,10.094636842559806,'Geven Balı, Kekik Balı, Yayla Balı',NULL,425001,1143278,1222093),
('Karabük','2023-01-01 00:00:00',46616,1036,21567,4988,513,98.77,513,26775,68,26843,3,3.679544015199493,'Kestane Balı, Ihlamur Balı, Çiçek Balı',NULL,1322580,207438,74207),
('Karaman','2023-01-01 00:00:00',60959,0,545703,166768,955,341.262,955,63800,831,64631,17,5.280159675697421,'Geven Balı, Kekik Balı, Çiçek Balı',NULL,0,1512805,773430),
('Kars','2023-01-01 00:00:00',615279,98,666863,31267,747,1690.642,747,91386,0,91386,62,18.500010942595146,'Yayla Balı, Geven Balı, Dağ Çiçekleri Balı',NULL,0,352910,1313507),
('Kastamonu','2023-01-01 00:00:00',274095,978,69612,19977,1627,375.301,1627,81648,3966,85614,25,4.383640526082182,'Kestane Balı, Ihlamur Balı, Çiçek Balı',NULL,502200,180310,364662),
('Kayseri','2023-01-01 00:00:00',419343,7940,902553,74544,937,454.898,937,62126,986,63112,15,7.207789326910889,'Geven Balı, Yayla Balı, Çiçek Balı',NULL,220000,3618379,1404380),
('Kırıkkale','2023-01-01 00:00:00',70013,479,146446,27705,263,101.55,263,14773,163,14936,6,6.799009105516872,'Geven Balı, Yaban Çiçeği Balı',NULL,350000,251596,244643),
('Kırklareli','2023-01-01 00:00:00',150618,1406,306075,61703,1099,405.806,1099,49065,2586,51651,10,7.8566920291959494,'Ayçiçeği Balı, Akasya Balı, Ihlamur Balı',NULL,438640,221561,519802),
('Kırşehir','2023-01-01 00:00:00',277976,234,393557,25478,195,100.855,195,11161,28,11189,3,9.013763517740637,'Geven Balı, Yaban Çiçeği Balı',NULL,0,1029552,697245),
('Kilis','2023-01-01 00:00:00',12073,0,96319,81862,119,16.33,119,3767,916,4683,1,3.487080931027119,'Yaban Çiçeği Balı, Kekik Balı',NULL,189000,74452,190254),
('Kocaeli','2023-01-01 00:00:00',117282,3061,105619,20031,1032,4239.884,1032,70265,564,70829,18,59.860847957757414,'Ihlamur Balı, Kestane Balı, Çiçek Balı',NULL,7263529,580498,245993),
('Konya','2023-01-01 00:00:00',927539,796,2792569,266479,1659,963.622,1659,134355,2149,136504,65,7.0592949657152895,'Geven Balı, Lavanta Balı, Yaban Çiçeği Balı',NULL,209200,10702230,3987383),
('Kütahya','2023-01-01 00:00:00',182248,3767,368558,121551,526,257.998,526,28758,761,29519,8,8.740065720383482,'Çam Balı, Kekik Balı, Çiçek Balı',NULL,387500,1216062,676124),
('Malatya','2023-01-01 00:00:00',178121,9,326457,56346,1963,1004.744,1963,116285,2024,118309,31,8.49254071964094,'Geven Balı, Yaban Çiçeği Balı, Kayısı Çiçeği Balı',NULL,5280551,850128,560933),
('Manisa','2023-01-01 00:00:00',234395,580,770731,162663,1735,663.298,1735,90673,1777,92450,24,7.174667387777177,'Çam Balı, Kekik Balı, Narenciye Balı',NULL,37853103,12220717,1168369),
('Mardin','2023-01-01 00:00:00',71712,3,581655,405898,981,861.848,981,68867,450,69317,13,12.433429028953936,'Yaban Çiçeği Balı, Badem Çiçeği Balı',NULL,0,2044768,1059268),
('Mersin','2023-01-01 00:00:00',103188,155,787614,777803,2776,3420.227,2776,326197,438,326635,211,10.47109770845133,'Narenciye Balı, Keçiboynuzu Balı, Kekik Balı',NULL,21924013,3578076,1668760),
('Muğla','2023-01-01 00:00:00',241156,10,234126,200995,4702,8081.511,4702,814873,2141,817014,386,9.891520830732398,'Çam Balı, Kekik Balı, Püren Balı, Meşe Balı',NULL,20000,482447,676287),
('Muş','2023-01-01 00:00:00',228976,6531,826506,224955,392,582.085,392,64143,840,64983,34,8.957496576027577,'Geven Balı, Yayla Balı, Dağ Çiçekleri Balı',NULL,0,231126,1286968),
('Nevşehir','2023-01-01 00:00:00',110150,43,194227,9612,539,113.969,539,17209,291,17500,8,6.5125142857142855,'Geven Balı, Yaban Çiçeği Balı',NULL,142000,1053346,314032),
('Niğde','2023-01-01 00:00:00',170370,2,475860,59358,385,637.784,385,46219,0,46219,12,13.799173500075726,'Geven Balı, Yaban Çiçeği Balı',NULL,2188658,380566,705590),
('Ordu','2023-01-01 00:00:00',120641,1206,179089,1714,2938,19006.516,2938,611400,65,611465,228,31.083571422730653,'Kestane Balı, Ihlamur Balı, Yayla Balı',NULL,81000,168149,302650),
('Osmaniye','2023-01-01 00:00:00',66571,1038,140911,75511,800,579.218,800,72572,165,72737,23,7.963182424350743,'Narenciye Balı, Kekik Balı, Pamuk Balı',NULL,834000,290164,284031),
('Rize','2023-01-01 00:00:00',17835,1,7168,22329,2667,611.103,2667,116924,1446,118370,17,5.162651009546337,'Anzer Balı, Kestane Balı, Ihlamur Balı, Yayla Balı',NULL,0,30045,47333),
('Sakarya','2023-01-01 00:00:00',177579,2104,76416,17294,1290,764.832,47119,94584,208,94792,25,8.068528989788168,'Ihlamur Balı, Kestane Balı, Akasya Balı',NULL,24567809,2017220,273393),
('Samsun','2023-01-01 00:00:00',325539,20009,225704,24798,1846,999.398,1846,96935,513,97448,32,10.255705607093013,'Kestane Balı, Ihlamur Balı, Yayla Balı',NULL,1813500,1799214,596050),
('Sanliurfa','2023-01-01 00:00:00',313134,884,2032032,191163,911,2370.137,1139,146801,56617,203418,24,11.651559842295176,'Geven Balı, Yayla Balı, Dağ Çiçekleri Balı',NULL,0,62013,2537213),
('Siirt','2023-01-01 00:00:00',23967,10,702957,494350,1139,2798.92,928,30355,149,30504,6,91.75583530028848,'Kestane Balı, Ihlamur Balı, Çiçek Balı',NULL,44850,99883,1221284),
('Sinop','2023-01-01 00:00:00',78289,732,66682,15661,928,154.577,26724,300414,995,301409,404,0.5128479906041293,'Geven Balı, Yayla Balı, Dağ Çiçekleri Balı',NULL,0,660495,161364),
('Şırnak','2023-01-01 00:00:00',57759,238,778766,438487,959,460.111,911,204507,1955,206462,25,2.2285505323013433,'Yaban Çiçeği Balı, Pamuk Balı',NULL,40000,652220,1275250),
('Sivas','2023-01-01 00:00:00',385618,4768,964904,71082,3730,6382.761,959,84546,2848,87394,25,73.03431585692383,'Geven Balı, Yaban Çiçeği Balı',NULL,0,84174,1426372),
('Tekirdağ','2023-01-01 00:00:00',140498,1591,290976,48607,1212,667.24,1212,63230,430,63660,12,10.481306943135408,'Ayçiçeği Balı, Akasya Balı, Ihlamur Balı',NULL,0,345059,481672),
('Tokat','2023-01-01 00:00:00',271028,8592,454655,63972,882,617.822,882,54437,438,54875,27,11.258715261958999,'Kestane Balı, Ihlamur Balı, Çiçek Balı',NULL,0,268548,798247),
('Trabzon','2023-01-01 00:00:00',112757,189,152652,19852,2609,1075.465,2609,159264,201,159465,72,6.7442071928009275,'Kestane Balı, Ihlamur Balı, Yayla Balı, Orman Gülü Balı',NULL,0,93282,285450),
('Tunceli','2023-01-01 00:00:00',26438,7,400589,103700,962,446.134,962,81249,503,81752,31,5.4571631275075845,'Geven Balı, Yayla Balı, Dağ Çiçekleri Balı',NULL,37876,68987,530734),
('Uşak','2023-01-01 00:00:00',126451,0,251995,43930,158,117.34,158,11997,497,12494,0,9.391708019849528,'Kekik Balı, Çiçek Balı, Geven Balı',NULL,12761767,274074,422376),
('Van','2023-01-01 00:00:00',132641,552,2993722,286423,1013,2225.713,1013,151866,24847,176713,125,12.595072235772127,'Geven Balı, Yayla Balı, Dağ Çiçekleri Balı',NULL,0,510108,3413338),
('Yalova','2023-01-01 00:00:00',12180,12,25986,3645,380,257.495,380,27314,85,27399,5,9.397970728858718,'Kestane Balı, Ihlamur Balı, Çiçek Balı',NULL,0,20643,41823),
('Yozgat','2023-01-01 00:00:00',223530,3033,439595,38214,716,458.93,716,37241,693,37934,27,12.098117783518743,'Geven Balı, Yaban Çiçeği Balı',NULL,88000,429067,704372),
('Zonguldak','2023-01-01 00:00:00',58713,1248,19622,9545,1508,195.081,1508,64764,152,64916,12,3.0051297060817053,'Kestane Balı, Ihlamur Balı, Orman Çiçekleri Balı',NULL,5159162,184951,89128),
('Adana','2024-01-01 00:00:00',249720,728,579019,418099,2297,11581.881,2297,482518,4567,487085,251.281,23.777946354332403,NULL,NULL,6355552,995966,1247566),
('Adıyaman','2024-01-01 00:00:00',103958,557,116029,154423,1561,391.782,1561,87704,716,88420,12.705,4.4309206061976925,NULL,NULL,98000,159965,374967),
('Afyonkarahisar','2024-01-01 00:00:00',380929,6109,937593,81414,298,310.216,298,43079,550,43629,6.974,7.11031653258154,NULL,NULL,388500,10452649,1406045),
('Ağrı','2024-01-01 00:00:00',312309,1098,1508881,76733,290,280.521,290,26944,0,26944,8.06,10.411260391923992,NULL,NULL,0,142793,1899021),
('Aksaray','2024-01-01 00:00:00',332872,1188,878540,75414,332,75.04,332,15260,44,15304,1.621,4.9032932566649245,NULL,NULL,0,252051,1288014),
('Amasya','2024-01-01 00:00:00',197306,4094,208491,60306,596,448.121,596,32927,107,33034,12.933,13.565447720530363,NULL,NULL,189150,1915581,470197),
('Ankara','2024-01-01 00:00:00',627948,2260,1811254,253928,1714,624.194,1714,103015,1418,104433,24.936,5.976980456369155,NULL,NULL,9663180,5699366,2695390),
('Antalya','2024-01-01 00:00:00',170416,286,581470,628303,3497,2024.142,3497,242228,222,242450,107.852,8.348698700763045,NULL,NULL,0,481120,1380475),
('Ardahan','2024-01-01 00:00:00',330958,52,161519,6255,707,156.165,707,36063,0,36063,1.617,4.330338574161884,NULL,NULL,50,144289,498784),
('Artvin','2024-01-01 00:00:00',51877,0,202299,14733,2126,700.966,2126,111740,1187,112927,15.434,6.207248930725159,NULL,NULL,0,17477,268909),
('Aydın','2024-01-01 00:00:00',509423,492,301061,77461,1745,2998.377,1745,267915,618,268533,130.792,11.165767335858163,NULL,NULL,3180610,759599,888437),
('Balıkesir','2024-01-01 00:00:00',570501,5061,1222213,148691,2229,2252.859,2229,198813,624,199437,56.243,11.29609350321154,NULL,NULL,34665820,6664708,1946466),
('Bartın','2024-01-01 00:00:00',38453,3970,4053,1283,635,348.36,635,38736,0,38736,32.09,8.993184634448575,NULL,NULL,774874,83044,47759),
('Batman','2024-01-01 00:00:00',100251,379,817407,207502,865,293.106,865,67902,420,68322,5.446,4.290067620971283,NULL,NULL,0,124306,1125539),
('Bayburt','2024-01-01 00:00:00',66619,727,48697,4194,629,251.925,629,62208,5,62213,19.479,4.049394821018115,NULL,NULL,0,29717,120237),
('Bilecik','2024-01-01 00:00:00',36615,36,104843,44056,430,137.816,430,19626,734,20360,4.653,6.768958742632613,NULL,NULL,8636613,291463,185550),
('Bingöl','2024-01-01 00:00:00',131799,59,458922,196179,1179,1444.886,1179,175532,3385,178917,43.797,8.075733440645662,NULL,NULL,679500,95283,786959),
('Bitlis','2024-01-01 00:00:00',62979,8002,550725,316736,1327,2225.28,1327,194376,86824,281200,57.749,7.9135135135135135,NULL,NULL,0,61237,938442),
('Bolu','2024-01-01 00:00:00',118315,1672,125476,29129,634,126.808,634,23779,180,23959,2.974,5.292708376810385,NULL,NULL,34078918,2770894,274592),
('Burdur','2024-01-01 00:00:00',202217,64,224270,160996,481,185.45,481,36213,160,36373,21.506,5.0985621202540345,NULL,NULL,0,408077,587547),
('Bursa','2024-01-01 00:00:00',213404,4117,516275,74702,1774,1008.749,1774,89261,1395,90656,36.613,11.127217172608542,NULL,NULL,5430468,5444504,808498),
('canakkale','2024-01-01 00:00:00',211225,94,540455,222246,1633,2291.124,1633,95806,892,96698,95.806,23.693602763242257,NULL,NULL,7342656,217843,974020),
('cankiri','2024-01-01 00:00:00',151255,997,141167,20424,1099,136.08,1099,46118,779,46897,12.163,2.9016781457236074,NULL,NULL,2339240,472569,313843),
('corum','2024-01-01 00:00:00',199275,2440,194136,58546,932,389.517,932,38043,1622,39665,14.293,9.82016891466028,NULL,NULL,15000,3207957,454397),
('Denizli','2024-01-01 00:00:00',265763,186,502580,161150,1011,983.55,1011,106871,0,106871,88.483,9.203151462978731,NULL,NULL,5326715,1970116,929679),
('Diyarbakır','2024-01-01 00:00:00',589103,16676,1894610,405717,1090,2459.251,1090,192955,709,193664,33.736,12.698544902511568,NULL,NULL,255065,660099,2906106),
('Düzce','2024-01-01 00:00:00',50254,2464,17795,960,801,465.765,801,53541,20,53561,15.436,8.695972816041522,NULL,NULL,5830230,529354,71473),
('Edirne','2024-01-01 00:00:00',140530,350,324302,65237,945,602.657,945,71015,1146,72161,13.335,8.351561092556922,NULL,NULL,81000,196921,530419),
('Elazığ','2024-01-01 00:00:00',152537,115,780682,102484,1406,603.821,1406,93589,227,93816,48.993,6.436226230067366,NULL,NULL,5147682,1895274,1035818),
('Erzincan','2024-01-01 00:00:00',115445,1244,551386,50000,1255,1126.577,1255,106700,283,106983,52.966,10.530430068328613,NULL,NULL,854955,393502,718075),
('Erzurum','2024-01-01 00:00:00',708532,1329,758270,79413,2249,963.685,2249,135047,1027,136074,54.344,7.082065640754295,NULL,NULL,0,136690,1547544),
('Eskişehir','2024-01-01 00:00:00',152599,796,1088552,90490,423,132.978,423,24855,174,25029,5.169,5.312956969914899,NULL,NULL,2697348,1515923,1332437),
('Gaziantep','2024-01-01 00:00:00',189306,322,618406,230996,423,154.164,423,31019,3025,34044,2.691,4.528375044060627,NULL,NULL,567194,7151334,1039030),
('Giresun','2024-01-01 00:00:00',111249,3927,101760,14735,1754,993.837,1754,117037,115,117152,34.472,8.483312278066103,NULL,NULL,122900,31774,231671),
('Gümüşhane','2024-01-01 00:00:00',61906,84,43933,5365,625,469.879,625,40696,205,40901,20.096,11.4882032224151,NULL,NULL,0,308615,111288),
('Hakkari','2024-01-01 00:00:00',38530,259,498234,254778,1349,1048.298,1349,146542,9102,155644,70.921,6.73522911259027,NULL,NULL,0,94650,791801),
('Hatay','2024-01-01 00:00:00',140464,394,313649,172438,1063,1137.245,1063,125842,1212,127054,61.134,8.95087915374565,NULL,NULL,673000,309174,626945),
('Iğdır','2024-01-01 00:00:00',92277,1378,997101,48777,279,134.16,279,17747,0,17747,11.68,7.559587535921564,NULL,NULL,0,92360,1139533),
('Isparta','2024-01-01 00:00:00',130468,204,245011,169134,602,255.522,602,36836,88,36924,28.419,6.920214494637634,NULL,NULL,0,508627,544817),
('istanbul','2024-01-01 00:00:00',67263,13402,145667,22299,1616,832.095,1616,93040,147,93187,33.621,8.92930344361338,NULL,NULL,768500,1038541,248631),
('izmir','2024-01-01 00:00:00',882862,785,658858,192742,2593,2884.472,2593,263338,2320,265658,138.522,10.857839778963932,NULL,NULL,10831931,5306968,1735247),
('Kahramanmaraş','2024-01-01 00:00:00',229087,262,571622,332964,1441,686.358,1441,109932,2747,112679,51.417,6.091268115620479,NULL,NULL,786944,1383354,1133935),
('Karabük','2024-01-01 00:00:00',46970,1105,20930,5016,529,95.66,529,15817,68,15885,3.301,6.022033364809569,NULL,NULL,1273980,207071,74021),
('Karaman','2024-01-01 00:00:00',62347,0,605430,182439,954,287.809,954,58699,785,59484,15.398,4.83842714007128,NULL,NULL,0,1791167,850216),
('Kars','2024-01-01 00:00:00',604208,115,673375,32468,717,1740.525,717,116035,0,116035,13.924,15.000000000000002,NULL,NULL,0,343958,1310166),
('Kastamonu','2024-01-01 00:00:00',264671,1019,57666,17832,1550,306.733,1550,74230,3278,77508,22.926,3.9574366517004695,NULL,NULL,403850,177746,341188),
('Kayseri','2024-01-01 00:00:00',427897,8256,934235,82608,974,457.91,974,63441,931,64372,13.651,7.1134965512955945,NULL,NULL,225000,4046277,1452996),
('Kırıkkale','2024-01-01 00:00:00',83263,537,168677,29240,269,60.93,269,12009,220,12229,3.322,4.982418840461198,NULL,NULL,360000,333797,281717),
('Kırklareli','2024-01-01 00:00:00',153398,1635,293239,67657,1116,431.044,1116,52514,1900,54414,8.538,7.9215643033042955,NULL,NULL,444942,196883,515929),
('Kırşehir','2024-01-01 00:00:00',289839,285,439578,28075,218,86.097,218,12015,30,12045,2.64,7.147945205479451,NULL,NULL,0,871476,757777),
('Kilis','2024-01-01 00:00:00',13427,0,91812,71702,102,13.337,102,3120,1013,4133,0.676,3.226953786595693,NULL,NULL,215600,81180,176941),
('Kocaeli','2024-01-01 00:00:00',132967,3006,83166,21353,1059,909.029,1059,74375,189,74564,23.676,12.191258516174026,NULL,NULL,7591367,579172,240492),
('Konya','2024-01-01 00:00:00',944383,455,2931323,272297,1733,884.411,1733,126863,2158,129021,53.032,6.854783329845528,NULL,NULL,305000,7253446,4148458),
('Kütahya','2024-01-01 00:00:00',180781,3713,336073,124697,478,216.156,478,25618,660,26278,8.415,8.225740162873887,NULL,NULL,320500,1410362,645264),
('Malatya','2024-01-01 00:00:00',181932,8,326818,52644,2015,736.026,2015,116999,4615,121614,39.755,6.052148601312348,NULL,NULL,4824939,825189,561402),
('Manisa','2024-01-01 00:00:00',261671,531,717510,160512,1764,627.194,1764,91252,1671,92923,23.136,6.7496098920611685,NULL,NULL,35301623,11358792,1140224),
('Mardin','2024-01-01 00:00:00',85834,3,545379,429697,727,812.4,727,60622,406,61028,12.443,13.311922396277119,NULL,NULL,0,2195214,1060913),
('Mersin','2024-01-01 00:00:00',101397,123,892747,792294,2596,1926.415,2596,311216,415,311631,185.771,6.18171812175297,NULL,NULL,22276715,2839883,1786561),
('Muğla','2024-01-01 00:00:00',247301,8,211585,192805,4308,7030.914,4308,727019,1894,728913,355.82,9.645751962168324,NULL,NULL,25000,473605,651699),
('Muş','2024-01-01 00:00:00',235125,7152,895621,262589,413,528.31,413,58644,220,58864,22.179,8.97509513454743,NULL,NULL,0,287932,1400487),
('Nevşehir','2024-01-01 00:00:00',117250,45,221358,10758,543,106.895,543,16492,244,16736,5.329,6.387129541108987,NULL,NULL,75648,1034111,349411),
('Niğde','2024-01-01 00:00:00',187875,8,557384,67597,388,564.424,388,44863,0,44863,10.642,12.581057887345919,NULL,NULL,2824100,546652,812864),
('Ordu','2024-01-01 00:00:00',129949,1226,182052,1080,3114,13000.685,3114,625051,59,625110,236.717,20.797435651325365,NULL,NULL,109000,147427,314307),
('Osmaniye','2024-01-01 00:00:00',64608,961,136117,82261,802,422.273,802,69628,75,69703,14.153,6.05817540134571,NULL,NULL,826005,161591,283947),
('Rize','2024-01-01 00:00:00',20429,0,8028,22578,2707,388.38,2707,112958,2189,115147,14.504,3.3729059376275545,NULL,NULL,0,31136,51035),
('Sakarya','2024-01-01 00:00:00',190867,2733,64545,14768,1227,728.667,1227,93754,151,93905,26.149,7.759618763644109,NULL,NULL,24783689,1993480,272913),
('Samsun','2024-01-01 00:00:00',338946,19495,232315,24849,1755,926.22,1755,94535,350,94885,31.901,9.761500764082838,NULL,NULL,2059441,1779172,615605),
('Sanliurfa','2024-01-01 00:00:00',318780,428,2364954,249471,943,2419.895,943,192417,1936,194353,26.905,12.45102982717015,NULL,NULL,41500,610400,2933633),
('Siirt','2024-01-01 00:00:00',27279,13,786415,541325,1379,3048.471,1379,168561,58536,227097,33.916,13.423651567391907,NULL,NULL,0,60518,1355032),
('Sinop','2024-01-01 00:00:00',82165,980,65438,16527,892,160.436,892,27216,131,27347,7.279,5.866676417888617,NULL,NULL,0,98508,165110),
('Şırnak','2024-01-01 00:00:00',61776,193,802717,480747,924,683.585,924,94997,2658,97655,27.727,7,NULL,NULL,0,85860,1345433),
('Sivas','2024-01-01 00:00:00',361103,4281,938317,70812,2358,4002.512,2358,252164,447,252611,81.512,15.844567338714466,NULL,NULL,0,706785,1374513),
('Tekirdağ','2024-01-01 00:00:00',139482,1667,302674,49878,1256,723.774,1256,67782,405,68187,14.52,10.614545294557614,NULL,NULL,0,255440,493701),
('Tokat','2024-01-01 00:00:00',248056,7973,386256,51564,881,581.583,881,51608,414,52022,25.97,11.179558648264194,NULL,NULL,0,272252,693849),
('Trabzon','2024-01-01 00:00:00',121324,207,175307,23192,2629,780.636,2629,155677,152,155829,47.281,5.009568180505554,NULL,NULL,0,91164,320030),
('Tunceli','2024-01-01 00:00:00',26766,12,403206,117963,1027,199.246,1027,80243,441,80684,25.663,2.469461107530613,NULL,NULL,40000,74590,547947),
('Uşak','2024-01-01 00:00:00',133958,0,300738,51939,262,67,262,11298,486,11784,0,5.6856754921928045,NULL,NULL,14039290,211132,486635),
('Van','2024-01-01 00:00:00',149649,620,3040146,333392,988,2128.432,988,141115,25822,166937,93.595,12.749911643314544,NULL,NULL,0,569084,3523807),
('Yalova','2024-01-01 00:00:00',12883,5,27069,2992,340,183.934,340,20863,78,20941,6.021,8.783439186285278,NULL,NULL,0,11653,42949),
('Yozgat','2024-01-01 00:00:00',227993,3179,498651,39024,682,415,682,34779,660,35439,21.867,11.710262704929598,NULL,NULL,72000,467630,768847),
('Zonguldak','2024-01-01 00:00:00',56860,1415,14520,12010,1430,191.684,1430,58265,130,58395,13.085,3.282541313468619,NULL,NULL,4305827,202733,84805);

INSERT INTO il_bal_cesitleri (il,balin_cesiti,aricilik_yapan_isletme_sayisi,yeni_kovan_sayisi,eski_kovan_sayisi,toplam_kovan,bal_uretimi_ton,balmumu_uretimi_ton,bal_verimi_kg) VALUES
('Adana','Narenciye Balı, Pamuk Balı, Kekik Balı',2468,492883,1651,494534,47088,329,24.8),
('Adıyaman','Kekik Balı, Yaban Çiçeği Balı',1445,77065,695,77.76,327,17,4.2),
('Afyonkarahisar','Yaban Çiçeği Balı, Kekik Balı, Geven Balı',318,49607,300,49907,456,11,9.1),
('Ağrı','Geven Balı, Yayla Balı, Dağ Çiçekleri Balı',319,28004,NULL,28004,318,9,11.4),
('Aksaray','Geven Balı, Yaban Çiçeği Balı',280,13473,57,13.53,126,4,9.3),
('Amasya','Kestane Balı, Ihlamur Balı, Çiçek Balı',592,34.68,271,34951,536,17,15.3),
('Ankara','Ayçiçeği Balı, Yaban Çiçeği Balı, Geven Balı',1682,93941,2131,96072,742,32,7.7),
('Antalya','Keçiboynuzu Balı, Narenciye Balı, Kekik Balı, Çam Balı',3517,250423,237,250.66,2243,131,8.9),
('Ardahan','Yayla Balı, Dağ Çiçekleri Balı',706,35.68,2,35682,171,2,4.8),
('Artvin','Kestane Balı, Ihlamur Balı, Yayla Balı, Orman Gülü Balı',2135,114262,2651,116913,427,19,3.7),
('Aydın','Çam Balı, Püren Balı, Kekik Balı, Narenciye Balı',1749,270.51,666,271176,3412,109,12.6),
('Balıkesir','Kestane Balı, Çam Balı, Ihlamur Balı, Kekik Balı',2168,187148,735,187883,2088,49,11.1),
('Bartın','Kestane Balı, Ihlamur Balı, Çiçek Balı',691,42.7,NULL,42.7,384,35,9),
('Batman','Yaban Çiçeği Balı, Kekik Balı',717,58738,NULL,58738,245,3,4.2),
('Bayburt','Yayla Balı, Kestane Balı, Dağ Çiçekleri Balı',642,72.01,113,72123,433,25,6),
('Bilecik','Kestane Balı, Ihlamur Balı, Çiçek Balı',419,21345,24,21369,220,8,10.3),
('Bingöl','Geven Balı, Dağ Çiçekleri Balı, Yayla Balı',1126,171114,2453,173567,1328,39,7.7),
('Bitlis','Geven Balı, Yayla Balı, Dağ Çiçekleri Balı',1188,164092,93099,257191,2186,106,8.5),
('Bolu','Kestane Balı, Ihlamur Balı, Orman Çiçekleri Balı',768,28446,177,28623,147,4,5.1),
('Burdur','Kekik Balı, Çiçek Balı, Geven Balı',531,42891,454,43345,236,33,5.4),
('Bursa','Kestane Balı, Ihlamur Balı, Çiçek Balı, Kekik Balı',1725,94967,1094,96061,1151,37,12),
('Çanakkale','Kekik Balı, Çam Balı, Ihlamur Balı',1624,94432,910,95342,2176,94,22.8),
('Çankırı','Geven Balı, Yaban Çiçeği Balı',1163,54412,1094,55506,467,21,8.4),
('Çorum','Ayçiçeği Balı, Çiçek Balı, Geven Balı',1057,46267,936,47203,456,33,9.7),
('Denizli','Çam Balı, Kekik Balı, Püren Balı',1106,106.85,NULL,106.85,1039,80,9.7),
('Diyarbakır','Yaban Çiçeği Balı, Pamuk Balı',1036,176262,877,177139,2229,31,12.6),
('Düzce','Kestane Balı, Ihlamur Balı, Çiçek Balı',792,52314,25,52339,412,14,7.9),
('Edirne','Ayçiçeği Balı, Akasya Balı, Ihlamur Balı',931,78.56,1397,79957,1003,13,12.5),
('Elazığ','Geven Balı, Dağ Çiçekleri Balı',1418,100433,227,100.66,637,50,6.3),
('Erzincan','Geven Balı, Yayla Balı, Dağ Çiçekleri Balı',1259,114.82,318,115138,926,35,8),
('Erzurum','Geven Balı, Yayla Balı, Dağ Çiçekleri Balı',12451,151171,3525,154696,1354,66,8.8),
('Eskişehir','Ayçiçeği Balı, Geven Balı, Çiçek Balı',444,25.84,192,26032,164,6,6.3),
('Gaziantep','Yaban Çiçeği Balı, Antep Fıstığı Çiçeği Balı',433,25484,3777,29261,164,6,5.6),
('Giresun','Kestane Balı, Ihlamur Balı, Yayla Balı',1983,120046,145,120191,1233,39,10.3),
('Gümüşhane','Yayla Balı, Kestane Balı, Dağ Çiçekleri Balı',678,41837,254,42091,422,17,10),
('Hakkari','Yayla Balı, Dağ Çiçekleri Balı',1181,151921,15232,167153,1015,75,6.1),
('Hatay','Narenciye Balı, Defne Balı, Kekik Balı',1028,122533,964,123497,1151,60,9.3),
('Iğdır','Yaban Çiçeği Balı, Kekik Balı',264,45401,NULL,45401,121,9,6.2),
('Isparta','Lavanta Balı, Kekik Balı, Geven Balı',636,39276,230,39506,272,30,6.9),
('İstanbul','Ihlamur Balı, Kestane Balı, Çiçek Balı',1527,92766,331,93097,792,28,8.5),
('İzmir','Çam Balı, Narenciye Balı, Kekik Balı, Püren Balı',3049,304383,12086,306713,3626,125,11.8),
('Kahramanmaraş','Geven Balı, Kekik Balı, Yayla Balı',1471,113656,2134,115.79,1169,46,10.1),
('Karabük','Kestane Balı, Ihlamur Balı, Çiçek Balı',513,26775,68,26843,99,3,3.7),
('Karaman','Geven Balı, Kekik Balı, Çiçek Balı',955,63.8,831,64631,341,17,5.3),
('Kars','Yayla Balı, Geven Balı, Dağ Çiçekleri Balı',747,91386,NULL,91386,1691,62,18.5),
('Kastamonu','Kestane Balı, Ihlamur Balı, Çiçek Balı',1627,81648,3966,85614,375,25,4.4),
('Kayseri','Geven Balı, Yayla Balı, Çiçek Balı',937,62126,986,63112,455,15,7.2),
('Kırıkkale','Geven Balı, Yaban Çiçeği Balı',263,14773,163,14936,102,6,6.8),
('Kırklareli','Ayçiçeği Balı, Akasya Balı, Ihlamur Balı',1099,49065,2586,51651,406,10,7.9),
('Kırşehir','Geven Balı, Yaban Çiçeği Balı',195,11161,28,11189,101,3,9),
('Kilis','Yaban Çiçeği Balı, Kekik Balı',119,3767,916,4683,16,1,3.4),
('Kocaeli','Ihlamur Balı, Kestane Balı, Çiçek Balı',1032,70265,564,70829,45383,18,59.9),
('Konya','Geven Balı, Lavanta Balı, Yaban Çiçeği Balı',1659,134355,2149,136504,964,65,7.1),
('Kütahya','Çam Balı, Kekik Balı, Çiçek Balı',526,28758,761,29519,258,8,8.7),
('Malatya','Geven Balı, Yaban Çiçeği Balı, Kayısı Çiçeği Balı',1963,116285,2024,118309,1005,31,8.5),
('Manisa','Çam Balı, Kekik Balı, Narenciye Balı',1735,90673,1777,92.45,663,24,7.2),
('Mardin','Yaban Çiçeği Balı, Badem Çiçeği Balı',981,68867,450,69317,862,13,12.4),
('Mersin','Narenciye Balı, Keçiboynuzu Balı, Kekik Balı',2776,326197,438,326635,15401,211,10.5),
('Muğla','Çam Balı, Kekik Balı, Püren Balı, Meşe Balı',4702,814873,2141,817014,8082,386,9.9),
('Muş','Geven Balı, Yayla Balı, Dağ Çiçekleri Balı',392,64143,840,64983,582,34,9),
('Nevşehir','Geven Balı, Yaban Çiçeği Balı',539,17209,291,45429,114,8,6.5),
('Niğde','Geven Balı, Yaban Çiçeği Balı',385,46219,NULL,46219,638,12,13.8),
('Ordu','Kestane Balı, Ihlamur Balı, Yayla Balı',2938,611.4,65,611465,19007,228,31.1),
('Osmaniye','Narenciye Balı, Kekik Balı, Pamuk Balı',800,72572,165,72737,579,23,8),
('Rize','Anzer Balı, Kestane Balı, Ihlamur Balı, Yayla Balı',2667,116924,1446,118.37,611,17,5.2),
('Sakarya','Ihlamur Balı, Kestane Balı, Akasya Balı',47119,94584,208,94792,765,25,8.1),
('Samsun','Kestane Balı, Ihlamur Balı, Yayla Balı',1846,96935,513,97448,999,32,10.3),
('Siirt','Geven Balı, Yayla Balı, Dağ Çiçekleri Balı',1139,146801,56617,203418,2799,24,13.8),
('Sinop','Kestane Balı, Ihlamur Balı, Çiçek Balı',928,30355,149,30504,155,6,5.1),
('Sivas','Geven Balı, Yayla Balı, Dağ Çiçekleri Balı',26724,300414,995,301409,6383,404,21.2),
('Şanlıurfa','Yaban Çiçeği Balı, Pamuk Balı',911,204507,1955,206462,13547,25,11.5),
('Şırnak','Geven Balı, Yaban Çiçeği Balı',959,84546,2848,87394,460,25,5.3),
('Tekirdağ','Ayçiçeği Balı, Akasya Balı, Ihlamur Balı',1212,63.23,430,63.66,667,12,10.5),
('Tokat','Kestane Balı, Ihlamur Balı, Çiçek Balı',882,54437,438,54875,618,27,11.3),
('Trabzon','Kestane Balı, Ihlamur Balı, Yayla Balı, Orman Gülü Balı',2609,159264,201,159465,1075,72,6.7),
('Tunceli','Geven Balı, Yayla Balı, Dağ Çiçekleri Balı',962,81249,503,81752,446,31,5.5),
('Uşak','Kekik Balı, Çiçek Balı, Geven Balı',158,11997,497,12494,117,0,9.4),
('Van','Geven Balı, Yayla Balı, Dağ Çiçekleri Balı',1013,151866,24847,176713,2226,125,12.6),
('Yalova','Kestane Balı, Ihlamur Balı, Çiçek Balı',380,27314,85,27399,257,5,9.4),
('Yozgat','Geven Balı, Yaban Çiçeği Balı',716,37241,693,37934,459,27,12.1),
('Zonguldak','Kestane Balı, Ihlamur Balı, Orman Çiçekleri Balı',1508,64764,152,64916,195,12,3);

INSERT INTO il_arici_sayisi_yillik (il,yil,arici_sayisi) VALUES
('Adana',2013,2251),
('Adana',2014,2337),
('Adana',2015,2465),
('Adana',2016,2439),
('Adana',2017,2290),
('Adana',2018,2236),
('Adana',2019,2279),
('Adana',2020,2371),
('Adana',2021,2419),
('Adana',2022,2556),
('Adana',2023,2468),
('Adıyaman',2013,782),
('Adıyaman',2014,768),
('Adıyaman',2015,807),
('Adıyaman',2016,790),
('Adıyaman',2017,864),
('Adıyaman',2018,844),
('Adıyaman',2019,936),
('Adıyaman',2020,924),
('Adıyaman',2021,966),
('Adıyaman',2022,1177),
('Adıyaman',2023,1445),
('Afyonkarahisar',2013,249),
('Afyonkarahisar',2014,251),
('Afyonkarahisar',2015,251),
('Afyonkarahisar',2016,269),
('Afyonkarahisar',2017,291),
('Afyonkarahisar',2018,306),
('Afyonkarahisar',2019,328),
('Afyonkarahisar',2020,316),
('Afyonkarahisar',2021,320),
('Afyonkarahisar',2022,315),
('Afyonkarahisar',2023,318),
('Aksaray',2013,657),
('Aksaray',2014,666),
('Aksaray',2015,698),
('Aksaray',2016,717),
('Aksaray',2017,271),
('Aksaray',2018,279),
('Aksaray',2019,218),
('Aksaray',2020,206),
('Aksaray',2021,269),
('Aksaray',2022,352),
('Aksaray',2023,280),
('Amasya',2013,444),
('Amasya',2014,400),
('Amasya',2015,402),
('Amasya',2016,409),
('Amasya',2017,416),
('Amasya',2018,286),
('Amasya',2019,316),
('Amasya',2020,329),
('Amasya',2021,321),
('Amasya',2022,593),
('Amasya',2023,592),
('Ankara',2013,1556),
('Ankara',2014,1602),
('Ankara',2015,1630),
('Ankara',2016,1676),
('Ankara',2017,1598),
('Ankara',2018,1296),
('Ankara',2019,1209),
('Ankara',2020,1157),
('Ankara',2021,1326),
('Ankara',2022,1507),
('Ankara',2023,1682),
('Antalya',2013,2715),
('Antalya',2014,2777),
('Antalya',2015,2733),
('Antalya',2016,2636),
('Antalya',2017,2491),
('Antalya',2018,2414),
('Antalya',2019,2330),
('Antalya',2020,2548),
('Antalya',2021,2944),
('Antalya',2022,3236),
('Antalya',2023,3517),
('Ardahan',2013,770),
('Ardahan',2014,685),
('Ardahan',2015,661),
('Ardahan',2016,669),
('Ardahan',2017,936),
('Ardahan',2018,525),
('Ardahan',2019,483),
('Ardahan',2020,465),
('Ardahan',2021,540),
('Ardahan',2022,658),
('Ardahan',2023,706),
('Artvin',2013,2133),
('Artvin',2014,1642),
('Artvin',2015,1393),
('Artvin',2016,1462),
('Artvin',2017,1464),
('Artvin',2018,1582),
('Artvin',2019,1505),
('Artvin',2020,1766),
('Artvin',2021,1829),
('Artvin',2022,2075),
('Artvin',2023,2135),
('Aydın',2013,1524),
('Aydın',2014,1544),
('Aydın',2015,1718),
('Aydın',2016,1640),
('Aydın',2017,1670),
('Aydın',2018,1744),
('Aydın',2019,1779),
('Aydın',2020,1706),
('Aydın',2021,1705),
('Aydın',2022,1646),
('Aydın',2023,1749),
('Ağrı',2013,214),
('Ağrı',2014,168),
('Ağrı',2015,134),
('Ağrı',2016,154),
('Ağrı',2017,196),
('Ağrı',2018,286),
('Ağrı',2019,274),
('Ağrı',2020,264),
('Ağrı',2021,274),
('Ağrı',2022,298),
('Ağrı',2023,319),
('Balıkesir',2013,1566),
('Balıkesir',2014,1779),
('Balıkesir',2015,1877),
('Balıkesir',2016,1828),
('Balıkesir',2017,1670),
('Balıkesir',2018,1598),
('Balıkesir',2019,1580),
('Balıkesir',2020,1611),
('Balıkesir',2021,1757),
('Balıkesir',2022,2014),
('Balıkesir',2023,2168),
('Bartın',2013,1419),
('Bartın',2014,1440),
('Bartın',2015,1535),
('Bartın',2016,1543),
('Bartın',2017,2118),
('Bartın',2018,1992),
('Bartın',2019,1715),
('Bartın',2020,1718),
('Bartın',2021,1718),
('Bartın',2022,677),
('Bartın',2023,691),
('Batman',2013,255),
('Batman',2014,261),
('Batman',2015,287),
('Batman',2016,307),
('Batman',2017,350),
('Batman',2018,375),
('Batman',2019,393),
('Batman',2020,443),
('Batman',2021,463),
('Batman',2022,548),
('Batman',2023,717),
('Bayburt',2013,402),
('Bayburt',2014,575),
('Bayburt',2015,599),
('Bayburt',2016,652),
('Bayburt',2017,583),
('Bayburt',2018,631),
('Bayburt',2019,658),
('Bayburt',2020,697),
('Bayburt',2021,731),
('Bayburt',2022,614),
('Bayburt',2023,642),
('Bilecik',2013,338),
('Bilecik',2014,650),
('Bilecik',2015,303),
('Bilecik',2016,288),
('Bilecik',2017,251),
('Bilecik',2018,222),
('Bilecik',2019,154),
('Bilecik',2020,215),
('Bilecik',2021,226),
('Bilecik',2022,377),
('Bilecik',2023,419),
('Bingöl',2013,380),
('Bingöl',2014,418),
('Bingöl',2015,588),
('Bingöl',2016,628),
('Bingöl',2017,718),
('Bingöl',2018,728),
('Bingöl',2019,715),
('Bingöl',2020,814),
('Bingöl',2021,874),
('Bingöl',2022,1033),
('Bingöl',2023,1126),
('Bitlis',2013,530),
('Bitlis',2014,710),
('Bitlis',2015,725),
('Bitlis',2016,630),
('Bitlis',2017,694),
('Bitlis',2018,689),
('Bitlis',2019,761),
('Bitlis',2020,709),
('Bitlis',2021,961),
('Bitlis',2022,931),
('Bitlis',2023,1188),
('Bolu',2013,679),
('Bolu',2014,436);
INSERT INTO il_arici_sayisi_yillik (il,yil,arici_sayisi) VALUES
('Bolu',2015,452),
('Bolu',2016,423),
('Bolu',2017,397),
('Bolu',2018,390),
('Bolu',2019,383),
('Bolu',2020,498),
('Bolu',2021,629),
('Bolu',2022,682),
('Bolu',2023,768),
('Burdur',2013,1192),
('Burdur',2014,640),
('Burdur',2015,610),
('Burdur',2016,622),
('Burdur',2017,797),
('Burdur',2018,473),
('Burdur',2019,496),
('Burdur',2020,534),
('Burdur',2021,546),
('Burdur',2022,555),
('Burdur',2023,531),
('Bursa',2013,1064),
('Bursa',2014,1184),
('Bursa',2015,1208),
('Bursa',2016,1265),
('Bursa',2017,1381),
('Bursa',2018,1510),
('Bursa',2019,1499),
('Bursa',2020,1589),
('Bursa',2021,1632),
('Bursa',2022,1675),
('Bursa',2023,1725),
('Denizli',2013,670),
('Denizli',2014,875),
('Denizli',2015,858),
('Denizli',2016,867),
('Denizli',2017,844),
('Denizli',2018,803),
('Denizli',2019,847),
('Denizli',2020,964),
('Denizli',2021,992),
('Denizli',2022,1031),
('Denizli',2023,1106),
('Diyarbakır',2013,416),
('Diyarbakır',2014,474),
('Diyarbakır',2015,519),
('Diyarbakır',2016,533),
('Diyarbakır',2017,508),
('Diyarbakır',2018,569),
('Diyarbakır',2019,600),
('Diyarbakır',2020,623),
('Diyarbakır',2021,681),
('Diyarbakır',2022,840),
('Diyarbakır',2023,1036),
('Düzce',2013,491),
('Düzce',2014,530),
('Düzce',2015,578),
('Düzce',2016,610),
('Düzce',2017,637),
('Düzce',2018,674),
('Düzce',2019,711),
('Düzce',2020,713),
('Düzce',2021,844),
('Düzce',2022,744),
('Düzce',2023,792),
('Edirne',2013,592),
('Edirne',2014,573),
('Edirne',2015,751),
('Edirne',2016,727),
('Edirne',2017,726),
('Edirne',2018,742),
('Edirne',2019,748),
('Edirne',2020,742),
('Edirne',2021,766),
('Edirne',2022,836),
('Edirne',2023,931),
('Elazığ',2013,735),
('Elazığ',2014,757),
('Elazığ',2015,661),
('Elazığ',2016,673),
('Elazığ',2017,759),
('Elazığ',2018,814),
('Elazığ',2019,791),
('Elazığ',2020,842),
('Elazığ',2021,1269),
('Elazığ',2022,1508),
('Elazığ',2023,1418),
('Erzincan',2013,1449),
('Erzincan',2014,1583),
('Erzincan',2015,1358),
('Erzincan',2016,1401),
('Erzincan',2017,1383),
('Erzincan',2018,1235),
('Erzincan',2019,1004),
('Erzincan',2020,1017),
('Erzincan',2021,986),
('Erzincan',2022,1219),
('Erzincan',2023,1259),
('Erzurum',2013,2053),
('Erzurum',2014,2045),
('Erzurum',2015,1909),
('Erzurum',2016,1915),
('Erzurum',2017,1841),
('Erzurum',2018,1962),
('Erzurum',2019,2041),
('Erzurum',2020,1707),
('Erzurum',2021,1906),
('Erzurum',2022,2236),
('Erzurum',2023,2340),
('Eskişehir',2013,223),
('Eskişehir',2014,223),
('Eskişehir',2015,216),
('Eskişehir',2016,269),
('Eskişehir',2017,280),
('Eskişehir',2018,297),
('Eskişehir',2019,290),
('Eskişehir',2020,313),
('Eskişehir',2021,375),
('Eskişehir',2022,394),
('Eskişehir',2023,444),
('Gaziantep',2013,240),
('Gaziantep',2014,310),
('Gaziantep',2015,319),
('Gaziantep',2016,295),
('Gaziantep',2017,301),
('Gaziantep',2018,329),
('Gaziantep',2019,343),
('Gaziantep',2020,315),
('Gaziantep',2021,320),
('Gaziantep',2022,346),
('Gaziantep',2023,433),
('Giresun',2013,1398),
('Giresun',2014,1458),
('Giresun',2015,1523),
('Giresun',2016,1703),
('Giresun',2017,1774),
('Giresun',2018,1747),
('Giresun',2019,1731),
('Giresun',2020,1804),
('Giresun',2021,2064),
('Giresun',2022,1870),
('Giresun',2023,1983),
('Gümüşhane',2013,356),
('Gümüşhane',2014,379),
('Gümüşhane',2015,556),
('Gümüşhane',2016,455),
('Gümüşhane',2017,473),
('Gümüşhane',2018,468),
('Gümüşhane',2019,429),
('Gümüşhane',2020,517),
('Gümüşhane',2021,541),
('Gümüşhane',2022,607),
('Gümüşhane',2023,678),
('Hakkari',2013,900),
('Hakkari',2014,994),
('Hakkari',2015,1169),
('Hakkari',2016,1046),
('Hakkari',2017,1041),
('Hakkari',2018,987),
('Hakkari',2019,1111),
('Hakkari',2020,1173),
('Hakkari',2021,1263),
('Hakkari',2022,1104),
('Hakkari',2023,1181),
('Hatay',2013,718),
('Hatay',2014,680),
('Hatay',2015,748),
('Hatay',2016,781),
('Hatay',2017,702),
('Hatay',2018,703),
('Hatay',2019,665),
('Hatay',2020,711),
('Hatay',2021,822),
('Hatay',2022,925),
('Hatay',2023,1028),
('Isparta',2013,417),
('Isparta',2014,424),
('Isparta',2015,419),
('Isparta',2016,425),
('Isparta',2017,405),
('Isparta',2018,383),
('Isparta',2019,371),
('Isparta',2020,406),
('Isparta',2021,480),
('Isparta',2022,543),
('Isparta',2023,636),
('Iğdır',2013,128),
('Iğdır',2014,186),
('Iğdır',2015,269),
('Iğdır',2016,279),
('Iğdır',2017,216),
('Iğdır',2018,234),
('Iğdır',2019,241),
('Iğdır',2020,238),
('Iğdır',2021,248),
('Iğdır',2022,291),
('Iğdır',2023,264),
('Kahramanmaraş',2013,974),
('Kahramanmaraş',2014,825),
('Kahramanmaraş',2015,878),
('Kahramanmaraş',2016,954);
INSERT INTO il_arici_sayisi_yillik (il,yil,arici_sayisi) VALUES
('Kahramanmaraş',2017,965),
('Kahramanmaraş',2018,905),
('Kahramanmaraş',2019,888),
('Kahramanmaraş',2020,958),
('Kahramanmaraş',2021,1073),
('Kahramanmaraş',2022,1427),
('Kahramanmaraş',2023,1471),
('Karabük',2013,256),
('Karabük',2014,569),
('Karabük',2015,457),
('Karabük',2016,530),
('Karabük',2017,405),
('Karabük',2018,419),
('Karabük',2019,438),
('Karabük',2020,444),
('Karabük',2021,434),
('Karabük',2022,491),
('Karabük',2023,513),
('Karaman',2013,467),
('Karaman',2014,514),
('Karaman',2015,595),
('Karaman',2016,667),
('Karaman',2017,736),
('Karaman',2018,764),
('Karaman',2019,780),
('Karaman',2020,824),
('Karaman',2021,968),
('Karaman',2022,1049),
('Karaman',2023,955),
('Kars',2013,582),
('Kars',2014,702),
('Kars',2015,693),
('Kars',2016,623),
('Kars',2017,682),
('Kars',2018,660),
('Kars',2019,682),
('Kars',2020,591),
('Kars',2021,603),
('Kars',2022,460),
('Kars',2023,747),
('Kastamonu',2013,1673),
('Kastamonu',2014,1909),
('Kastamonu',2015,2137),
('Kastamonu',2016,2159),
('Kastamonu',2017,1494),
('Kastamonu',2018,1551),
('Kastamonu',2019,1585),
('Kastamonu',2020,1664),
('Kastamonu',2021,1491),
('Kastamonu',2022,1707),
('Kastamonu',2023,1627),
('Kayseri',2013,681),
('Kayseri',2014,614),
('Kayseri',2015,657),
('Kayseri',2016,693),
('Kayseri',2017,726),
('Kayseri',2018,715),
('Kayseri',2019,638),
('Kayseri',2020,673),
('Kayseri',2021,755),
('Kayseri',2022,929),
('Kayseri',2023,937),
('Kilis',2013,11),
('Kilis',2014,30),
('Kilis',2015,68),
('Kilis',2016,87),
('Kilis',2017,78),
('Kilis',2018,122),
('Kilis',2019,95),
('Kilis',2020,92),
('Kilis',2021,107),
('Kilis',2022,114),
('Kilis',2023,119),
('Kocaeli',2013,549),
('Kocaeli',2014,601),
('Kocaeli',2015,698),
('Kocaeli',2016,746),
('Kocaeli',2017,737),
('Kocaeli',2018,770),
('Kocaeli',2019,763),
('Kocaeli',2020,725),
('Kocaeli',2021,818),
('Kocaeli',2022,928),
('Kocaeli',2023,1032),
('Konya',2013,1017),
('Konya',2014,1032),
('Konya',2015,983),
('Konya',2016,1012),
('Konya',2017,1015),
('Konya',2018,1049),
('Konya',2019,1029),
('Konya',2020,1093),
('Konya',2021,1337),
('Konya',2022,1481),
('Konya',2023,1659),
('Kütahya',2013,768),
('Kütahya',2014,777),
('Kütahya',2015,689),
('Kütahya',2016,733),
('Kütahya',2017,550),
('Kütahya',2018,557),
('Kütahya',2019,563),
('Kütahya',2020,562),
('Kütahya',2021,480),
('Kütahya',2022,470),
('Kütahya',2023,526),
('Kırklareli',2013,826),
('Kırklareli',2014,818),
('Kırklareli',2015,601),
('Kırklareli',2016,691),
('Kırklareli',2017,734),
('Kırklareli',2018,768),
('Kırklareli',2019,775),
('Kırklareli',2020,817),
('Kırklareli',2021,870),
('Kırklareli',2022,978),
('Kırklareli',2023,1099),
('Kırıkkale',2013,373),
('Kırıkkale',2014,464),
('Kırıkkale',2015,475),
('Kırıkkale',2016,417),
('Kırıkkale',2017,259),
('Kırıkkale',2018,236),
('Kırıkkale',2019,192),
('Kırıkkale',2020,181),
('Kırıkkale',2021,194),
('Kırıkkale',2022,236),
('Kırıkkale',2023,263),
('Kırşehir',2013,123),
('Kırşehir',2014,140),
('Kırşehir',2015,122),
('Kırşehir',2016,128),
('Kırşehir',2017,131),
('Kırşehir',2018,147),
('Kırşehir',2019,122),
('Kırşehir',2020,106),
('Kırşehir',2021,132),
('Kırşehir',2022,173),
('Kırşehir',2023,195),
('Malatya',2013,1053),
('Malatya',2014,1205),
('Malatya',2015,1202),
('Malatya',2016,1207),
('Malatya',2017,1131),
('Malatya',2018,1173),
('Malatya',2019,1176),
('Malatya',2020,1205),
('Malatya',2021,1348),
('Malatya',2022,1622),
('Malatya',2023,1963),
('Manisa',2013,1286),
('Manisa',2014,1328),
('Manisa',2015,1323),
('Manisa',2016,1379),
('Manisa',2017,1553),
('Manisa',2018,1549),
('Manisa',2019,1550),
('Manisa',2020,1595),
('Manisa',2021,1463),
('Manisa',2022,1552),
('Manisa',2023,1735),
('Mardin',2013,224),
('Mardin',2014,215),
('Mardin',2015,271),
('Mardin',2016,224),
('Mardin',2017,222),
('Mardin',2018,316),
('Mardin',2019,362),
('Mardin',2020,482),
('Mardin',2021,560),
('Mardin',2022,632),
('Mardin',2023,981),
('Mersin',2013,1270),
('Mersin',2014,1497),
('Mersin',2015,2012),
('Mersin',2016,2041),
('Mersin',2017,2236),
('Mersin',2018,2237),
('Mersin',2019,2270),
('Mersin',2020,2359),
('Mersin',2021,2355),
('Mersin',2022,2720),
('Mersin',2023,2776),
('Muğla',2013,4060),
('Muğla',2014,4435),
('Muğla',2015,4947),
('Muğla',2016,4833),
('Muğla',2017,5080),
('Muğla',2018,4710),
('Muğla',2019,4745),
('Muğla',2020,4741),
('Muğla',2021,5062),
('Muğla',2022,4894),
('Muğla',2023,4702),
('Muş',2013,209),
('Muş',2014,232),
('Muş',2015,215),
('Muş',2016,291),
('Muş',2017,304),
('Muş',2018,324);
INSERT INTO il_arici_sayisi_yillik (il,yil,arici_sayisi) VALUES
('Muş',2019,333),
('Muş',2020,295),
('Muş',2021,322),
('Muş',2022,366),
('Muş',2023,392),
('Nevşehir',2013,811),
('Nevşehir',2014,820),
('Nevşehir',2015,884),
('Nevşehir',2016,819),
('Nevşehir',2017,728),
('Nevşehir',2018,641),
('Nevşehir',2019,574),
('Nevşehir',2020,591),
('Nevşehir',2021,583),
('Nevşehir',2022,601),
('Nevşehir',2023,539),
('Niğde',2013,638),
('Niğde',2014,653),
('Niğde',2015,585),
('Niğde',2016,553),
('Niğde',2017,450),
('Niğde',2018,465),
('Niğde',2019,471),
('Niğde',2020,366),
('Niğde',2021,376),
('Niğde',2022,417),
('Niğde',2023,385),
('Ordu',2013,3881),
('Ordu',2014,2549),
('Ordu',2015,2674),
('Ordu',2016,2783),
('Ordu',2017,2716),
('Ordu',2018,2625),
('Ordu',2019,2636),
('Ordu',2020,2667),
('Ordu',2021,3014),
('Ordu',2022,3079),
('Ordu',2023,2938),
('Osmaniye',2013,543),
('Osmaniye',2014,585),
('Osmaniye',2015,514),
('Osmaniye',2016,524),
('Osmaniye',2017,507),
('Osmaniye',2018,651),
('Osmaniye',2019,568),
('Osmaniye',2020,590),
('Osmaniye',2021,720),
('Osmaniye',2022,815),
('Osmaniye',2023,800),
('Rize',2013,2965),
('Rize',2014,2969),
('Rize',2015,2655),
('Rize',2016,2377),
('Rize',2017,2458),
('Rize',2018,2404),
('Rize',2019,2427),
('Rize',2020,2435),
('Rize',2021,3021),
('Rize',2022,2958),
('Rize',2023,2667),
('Sakarya',2013,837),
('Sakarya',2014,938),
('Sakarya',2015,916),
('Sakarya',2016,905),
('Sakarya',2017,893),
('Sakarya',2018,882),
('Sakarya',2019,900),
('Sakarya',2020,888),
('Sakarya',2021,1065),
('Sakarya',2022,1175),
('Sakarya',2023,1290),
('Samsun',2013,1515),
('Samsun',2014,1659),
('Samsun',2015,1679),
('Samsun',2016,1569),
('Samsun',2017,1496),
('Samsun',2018,1488),
('Samsun',2019,1380),
('Samsun',2020,1422),
('Samsun',2021,1610),
('Samsun',2022,1690),
('Samsun',2023,1846),
('Siirt',2013,682),
('Siirt',2014,753),
('Siirt',2015,904),
('Siirt',2016,946),
('Siirt',2017,949),
('Siirt',2018,935),
('Siirt',2019,915),
('Siirt',2020,1037),
('Siirt',2021,974),
('Siirt',2022,978),
('Siirt',2023,1139),
('Sinop',2013,847),
('Sinop',2014,973),
('Sinop',2015,939),
('Sinop',2016,940),
('Sinop',2017,902),
('Sinop',2018,827),
('Sinop',2019,815),
('Sinop',2020,749),
('Sinop',2021,783),
('Sinop',2022,845),
('Sinop',2023,928),
('Sivas',2013,4027),
('Sivas',2014,4027),
('Sivas',2015,4022),
('Sivas',2016,4114),
('Sivas',2017,3427),
('Sivas',2018,2980),
('Sivas',2019,2985),
('Sivas',2020,3104),
('Sivas',2021,3272),
('Sivas',2022,3552),
('Sivas',2023,3730),
('Tekirdağ',2013,890),
('Tekirdağ',2014,917),
('Tekirdağ',2015,933),
('Tekirdağ',2016,939),
('Tekirdağ',2017,934),
('Tekirdağ',2018,926),
('Tekirdağ',2019,947),
('Tekirdağ',2020,1013),
('Tekirdağ',2021,1103),
('Tekirdağ',2022,1178),
('Tekirdağ',2023,1212),
('Tokat',2013,1769),
('Tokat',2014,982),
('Tokat',2015,959),
('Tokat',2016,959),
('Tokat',2017,686),
('Tokat',2018,548),
('Tokat',2019,549),
('Tokat',2020,614),
('Tokat',2021,720),
('Tokat',2022,826),
('Tokat',2023,882),
('Trabzon',2013,1886),
('Trabzon',2014,1942),
('Trabzon',2015,2029),
('Trabzon',2016,2109),
('Trabzon',2017,2158),
('Trabzon',2018,2136),
('Trabzon',2019,2170),
('Trabzon',2020,2290),
('Trabzon',2021,2457),
('Trabzon',2022,2643),
('Trabzon',2023,2609),
('Tunceli',2013,633),
('Tunceli',2014,485),
('Tunceli',2015,503),
('Tunceli',2016,475),
('Tunceli',2017,594),
('Tunceli',2018,478),
('Tunceli',2019,398),
('Tunceli',2020,494),
('Tunceli',2021,720),
('Tunceli',2022,939),
('Tunceli',2023,962),
('Uşak',2013,161),
('Uşak',2014,159),
('Uşak',2015,118),
('Uşak',2016,138),
('Uşak',2017,88),
('Uşak',2018,142),
('Uşak',2019,152),
('Uşak',2020,174),
('Uşak',2021,150),
('Uşak',2022,153),
('Uşak',2023,158),
('Van',2013,479),
('Van',2014,502),
('Van',2015,536),
('Van',2016,683),
('Van',2017,626),
('Van',2018,705),
('Van',2019,705),
('Van',2020,756),
('Van',2021,820),
('Van',2022,927),
('Van',2023,1013),
('Yalova',2013,264),
('Yalova',2014,427),
('Yalova',2015,419),
('Yalova',2016,371),
('Yalova',2017,283),
('Yalova',2018,280),
('Yalova',2019,267),
('Yalova',2020,307),
('Yalova',2021,342),
('Yalova',2022,371),
('Yalova',2023,380),
('Yozgat',2013,1036),
('Yozgat',2014,827),
('Yozgat',2015,864),
('Yozgat',2016,840),
('Yozgat',2017,875),
('Yozgat',2018,874),
('Yozgat',2019,413),
('Yozgat',2020,361);
INSERT INTO il_arici_sayisi_yillik (il,yil,arici_sayisi) VALUES
('Yozgat',2021,476),
('Yozgat',2022,573),
('Yozgat',2023,716),
('Zonguldak',2013,763),
('Zonguldak',2014,1045),
('Zonguldak',2015,1047),
('Zonguldak',2016,1002),
('Zonguldak',2017,1090),
('Zonguldak',2018,1436),
('Zonguldak',2019,1514),
('Zonguldak',2020,1271),
('Zonguldak',2021,1379),
('Zonguldak',2022,1635),
('Zonguldak',2023,1508),
('canakkale',2013,1203),
('canakkale',2014,1197),
('canakkale',2015,1270),
('canakkale',2016,1297),
('canakkale',2017,1338),
('canakkale',2018,1430),
('canakkale',2019,1546),
('canakkale',2020,1506),
('canakkale',2021,1598),
('canakkale',2022,1617),
('canakkale',2023,1624),
('cankiri',2013,1535),
('cankiri',2014,1502),
('cankiri',2015,1592),
('cankiri',2016,1617),
('cankiri',2017,1636),
('cankiri',2018,1624),
('cankiri',2019,1570),
('cankiri',2020,1691),
('cankiri',2021,1429),
('cankiri',2022,1429),
('cankiri',2023,1163),
('corum',2013,1023),
('corum',2014,1076),
('corum',2015,1241),
('corum',2016,1216),
('corum',2017,1177),
('corum',2018,1155),
('corum',2019,1019),
('corum',2020,1053),
('corum',2021,1084),
('corum',2022,888),
('corum',2023,1057),
('istanbul',2013,1234),
('istanbul',2014,1304),
('istanbul',2015,1439),
('istanbul',2016,1359),
('istanbul',2017,1563),
('istanbul',2018,1573),
('istanbul',2019,1449),
('istanbul',2020,1564),
('istanbul',2021,1316),
('istanbul',2022,1357),
('istanbul',2023,1527),
('izmir',2013,1356),
('izmir',2014,1725),
('izmir',2015,1833),
('izmir',2016,1949),
('izmir',2017,2032),
('izmir',2018,2054),
('izmir',2019,2113),
('izmir',2020,2296),
('izmir',2021,2688),
('izmir',2022,2967),
('izmir',2023,3049),
('sanliurfa',2013,208),
('sanliurfa',2014,158),
('sanliurfa',2015,260),
('sanliurfa',2016,438),
('sanliurfa',2017,441),
('sanliurfa',2018,473),
('sanliurfa',2019,506),
('sanliurfa',2020,459),
('sanliurfa',2021,492),
('sanliurfa',2022,738),
('sanliurfa',2023,911),
('sirnak',2013,440),
('sirnak',2014,603),
('sirnak',2015,708),
('sirnak',2016,684),
('sirnak',2017,789),
('sirnak',2018,773),
('sirnak',2019,766),
('sirnak',2020,792),
('sirnak',2021,790),
('sirnak',2022,793),
('sirnak',2023,959);

INSERT INTO kirmizi_et_hayvan_ithalati (yil,kasaplik_kucukbas_bas,kasaplik_kucukbas_deger,damizlik_kucukbas_bas,damizlik_kucukbas_deger,besilik_sigir_bas,besilik_sigir_deger,kasaplik_sigir_bas,kasaplik_sigir_deger,damizlik_sigir_bas,damizlik_sigir_deger,karkas_et_ithalati_ton,karkas_et_ithalati_deger,toplam_odenen_dolar,dolar_kuru,toplam_odenen_tl) VALUES
(2002,0,0,0,0,0,0,0,0,0,0,4.1,8608,11607816384,43.5271058999999,505254653014.12195),
(2003,0,0,0,0,0,0,0,0,2128,3279260,0,0,NULL,NULL,NULL),
(2004,0,0,0,0,0,0,0,0,0,0,9.5,73961,NULL,NULL,NULL),
(2005,0,0,0,0,0,0,0,0,1922,3854469,0,0,NULL,NULL,NULL),
(2006,0,0,0,0,0,0,0,0,483,1165806,0,0,NULL,NULL,NULL),
(2007,0,0,0,0,0,0,0,0,3854,6625418,0,0,NULL,NULL,NULL),
(2008,0,0,0,0,0,0,0,0,5393,16417761,0,0,NULL,NULL,NULL),
(2009,0,0,55,122702,0,0,0,0,4010,13306818,0,0,NULL,NULL,NULL),
(2010,234699,26741817,275,178115,1443,1861257,118578,206349057,19928,65544857,50658,249256831,NULL,NULL,NULL),
(2011,1446573,147475001,1191,541116,227871,252581275,164360,303201883,78565,292952534,110731,511868440,NULL,NULL,NULL),
(2012,394963,39189986,10663,3414792,228421,252629159,194448,358959795,48702,163824429,25437,95992271,NULL,NULL,NULL),
(2013,65720,6650530,30050,9036794,130897,151262835,28869,44364473,31873,102182831,6141,24271868,NULL,NULL,NULL),
(2014,2496,233784,13155,3511014,23604,32763121,2434,4073396,24034,73496212,640,5257707,NULL,NULL,NULL),
(2015,0,0,3077,958541,154194,164433862,0,0,48883,134363597,17574,104916095,NULL,NULL,NULL),
(2016,33,4508,5266,971063,407887,388382859,22181,29879976,64126,169120707,5720,41635649,NULL,NULL,NULL),
(2017,239210,32043505,41459,5269748,666949,723568966,115316,181549632,113545,254756498,18879,85281639,NULL,NULL,NULL),
(2018,239897,34033700,185610,28504822,1211718,1234703469,132904,231460978,116169,226181485,55752,260107686,NULL,NULL,NULL),
(2019,0,0,83154,13686193,664612,629236285,6863,12719999,17594,30384934,5049,26675406,NULL,NULL,NULL),
(2020,0,0,71811,14038273,384476,376030498,0,0,16775,34676620,4580,26716942,NULL,NULL,NULL),
(2021,0,0,35384,9602340,237825,232011323,0,0,23863,53781553,1205,7210169,NULL,NULL,NULL),
(2022,180,19324,11454,3617391,49960,57430944,0,0,20660,41557107,0.4,3068406,NULL,NULL,NULL),
(2023,48033,3900449,5359,1484175,650481,771793835,74773,135395959,92763,256177547,34419,214157331,NULL,NULL,NULL),
(2024,45673,4416511,4083,1258405,200313,284208729,49675,94260077,123141,326144878,75036,478451496,NULL,NULL,NULL);

INSERT INTO ihracat_onaylari (onay_numarasi,firma_unvani,urun_kategorisi,ihracat_ulkesi,onay_durumu,gosterim_degeri) VALUES
('TR-70-0024','AK GIDA SANAYİVE TİCARET A.Ş','PASTÖRİZE SÜT VE DİĞER SÜT ÜRÜNLERİ','Çin','Geçerli',100),
('TR-54-0037','AK GIDA SANAYİVE TİCARET A.Ş.','PASTÖRİZE SÜT VE DİĞER SÜT ÜRÜNLERİ','Çin','Geçerli',100),
('TR-45-0404','AKAVİ SÜT VE GIDA SANAYİ VE TİC.A.Ş.','PASTÖRİZE SÜT VE DİĞER SÜT ÜRÜNLERİ','Çin','Geçerli',100),
('TR-42-0038','AKOVA SÜT VE GIDA MAMULLERİ SANAYİ VE TİCARET A.Ş.','PASTÖRİZE SÜT VE DİĞER SÜT ÜRÜNLERİ','Çin','Geçerli',100),
('TR-09-0469','ALTINKÖY GIDA SANAYİVE TİCARET A.Ş.','PASTÖRİZE SÜT VE DİĞER SÜT ÜRÜNLERİ','Çin','Geçerli',100),
('TR-39-0345','ASLANAĞA ÇİFTLİĞİ SÜT ÜRÜNLERİ SAN.VE TİC.A.Ş.','PASTÖRİZE SÜT VE DİĞER SÜT ÜRÜNLERİ','Çin','Geçerli',100),
('TR-10-0386','ASTOSAN SÜT VE GIDA MAMULLERİ SANAYİ VE TİCARET A.Ş.','PASTÖRİZE SÜT VE DİĞER SÜT ÜRÜNLERİ','Çin','Geçerli',100),
('TR-39-0022','BAHÇIVAN GIDA SANAYİVE TİCARET A.Ş.','PASTÖRİZE SÜT VE DİĞER SÜT ÜRÜNLERİ','Çin','Geçerli',100),
('TR-51-0023','BAKKALBAŞIOĞLU SÜT ÜRÜNLERİ A.Ş.','PASTÖRİZE SÜT VE DİĞER SÜT ÜRÜNLERİ','Çin','Geçerli',100),
('TR-03-0355','BOLVADİN GIDA İNŞ.','PASTÖRİZE SÜT VE DİĞER SÜT ÜRÜNLERİ','Çin','Geçerli',100),
('TR-61-0125','BÜYÜKLİMAN SÜT ÜRÜNLERİ SANAYİ VE HAYVANCILIK TİC.LTD.ŞTİ.','PASTÖRİZE SÜT VE DİĞER SÜT ÜRÜNLERİ','Çin','Geçerli',100),
('TR-45-0069','CİCİ SÜT SANAYİVE TİCARET A.Ş','PASTÖRİZE SÜT VE DİĞER SÜT ÜRÜNLERİ','Çin','Geçerli',100),
('TR-42-0730','DEMİRELLER AKARYAKIT NAKLİYAT SANAYİ VE TİCARET LTD.ŞTİ.','PASTÖRİZE SÜT VE DİĞER SÜT ÜRÜNLERİ','Çin','Geçerli',100),
('TR-35-0098','DİMES GIDA SANAYİVE TİCARET A.Ş.','PASTÖRİZE SÜT VE DİĞER SÜT ÜRÜNLERİ','Çin','Geçerli',100),
('TR-15-0027','DURANLAR SÜT SANAYİVE TİCARET A.Ş.','PASTÖRİZE SÜT VE DİĞER SÜT ÜRÜNLERİ','Çin','Geçerli',100),
('TR-07-1965','EKSO SÜT VE GIDA MAMÜLLERİ SANAYİ VE TİCARET A.Ş','PASTÖRİZE SÜT VE DİĞER SÜT ÜRÜNLERİ','Çin','Geçerli',100),
('TR-03-0166','EMRULLAHOĞLU ARI SÜT URRUNLARI','PASTÖRİZE SÜT VE DİĞER SÜT ÜRÜNLERİ','Çin','Geçerli',100),
('TR-42-0085','ENKA SÜT VE GIDA MAMULLERİ SANAYİ VE TİCARET A.Ş.','PASTÖRİZE SÜT VE DİĞER SÜT ÜRÜNLERİ','Çin','Geçerli',100),
('TR-10-1148','GÖNENLİ SÜT VE SÜT ÜRÜNLERİ GIDA SANAYİ VE TİCARET A.Ş.','PASTÖRİZE SÜT VE DİĞER SÜT ÜRÜNLERİ','Çin','Geçerli',100),
('TR-45-0026','GÜNDOĞDU GIDA SÜT ÜRÜNLERİ SAN VE DIŞ TİC A.Ş.','PASTÖRİZE SÜT VE DİĞER SÜT ÜRÜNLERİ','Çin','Geçerli',100),
('TR-34-1444','HAKTAN PEYNİRCİLİK GIDA SAN.VE TİC.A.Ş.','PASTÖRİZE SÜT VE DİĞER SÜT ÜRÜNLERİ','Çin','Geçerli',100),
('TR-45-0278','HASAN TÜREK ÇİFTLİĞİ HAYVANCILIK VE TARIM ÜRÜNLERİ GIDA ÜRETİM İÇ VE DIŞ TİCARET A.Ş.','PASTÖRİZE SÜT VE DİĞER SÜT ÜRÜNLERİ','Çin','Geçerli',100),
('TR-16-0115','İTİMAT PEYNİRCİLİK SÜT VE SÜT ÜRÜNLERİ İMALAT PAZARLAMA SANAYİ VE TİCARET A.Ş.','PASTÖRİZE SÜT VE DİĞER SÜT ÜRÜNLERİ','Çin','Geçerli',100),
('TR-42-0762','İZİ SÜT VE GIDA MAMULERİ SAN.TİC.','PASTÖRİZE SÜT VE DİĞER SÜT ÜRÜNLERİ','Çin','Geçerli',100),
('TR-59-0023','KAANLAR GIDA SANAYİVE TİCARET A.Ş.','PASTÖRİZE SÜT VE DİĞER SÜT ÜRÜNLERİ','Çin','Geçerli',100),
('TR-61-0029','KARADENİZ KARDEŞLER GIDA SAN.','PASTÖRİZE SÜT VE DİĞER SÜT ÜRÜNLERİ','Çin','Geçerli',100),
('TR-45-0101','KEMPO GIDA SANAYİVE TİCARET A.Ş.','PASTÖRİZE SÜT VE DİĞER SÜT ÜRÜNLERİ','Çin','Geçerli',100),
('TR-17-0666','LİZETTA TARIM VE SÜT ÜRÜNLERİ SANAYİ A.Ş.','PASTÖRİZE SÜT VE DİĞER SÜT ÜRÜNLERİ','Çin','Geçerli',100),
('TR-59-0031','MALKARA BİRLİK SÜT VE SÜT MAMULLERİ A.Ş.','PASTÖRİZE SÜT VE DİĞER SÜT ÜRÜNLERİ','Çin','Geçerli',100),
('TR-42-0582','MEYSÜT MEYVE SÜT VE GIDA MAM.','PASTÖRİZE SÜT VE DİĞER SÜT ÜRÜNLERİ','Çin','Geçerli',100),
('TR-42-0047','MEYSÜT MEYVE SÜT VE GIDA MAM.SAN.','PASTÖRİZE SÜT VE DİĞER SÜT ÜRÜNLERİ','Çin','Geçerli',100),
('TR-09-0385','MİLAY SÜT VE SÜT ÜRÜNLERİ GIDA SANAYİ TİCARET ANONİM ŞİRKETİ','PASTÖRİZE SÜT VE DİĞER SÜT ÜRÜNLERİ','Çin','Geçerli',100),
('TR-54-0066','MİLKON SÜT VE GIDA MAMULLERİ SANAYİ VE TİCARET A.Ş.','PASTÖRİZE SÜT VE DİĞER SÜT ÜRÜNLERİ','Çin','Geçerli',100),
('TR-64-0025','MURATBEY GIDA SANAYİVE TİCARET ANONİM ŞİRKETİ','PASTÖRİZE SÜT VE DİĞER SÜT ÜRÜNLERİ','Çin','Geçerli',100),
('TR-54-0035','ÖZGÜLLÜ SÜT MAMÜLLERİ ANONİM ŞİRKETİ','PASTÖRİZE SÜT VE DİĞER SÜT ÜRÜNLERİ','Çin','Geçerli',100),
('TR-42-0104','PANAGRO TARIM HAYVANCILIK GIDA SANAYİVE TİCARET A.Ş.','PASTÖRİZE SÜT VE DİĞER SÜT ÜRÜNLERİ','Çin','Geçerli',100),
('TR-26-0027','PINAR SÜT MAM.SAN.','PASTÖRİZE SÜT VE DİĞER SÜT ÜRÜNLERİ','Çin','Geçerli',100),
('TR-35-0069','PINAR SÜT MAMULLERİ SANAYİ A.Ş.','PASTÖRİZE SÜT VE DİĞER SÜT ÜRÜNLERİ','Çin','Geçerli',100),
('TR-35-0222','REHA SÜT ÜRÜNLERİ SANAYİ TİCARET LTD.ŞTİ.','PASTÖRİZE SÜT VE DİĞER SÜT ÜRÜNLERİ','Çin','Geçerli',100),
('TR-45-0248','RELLA GIDA SANAYİ TİCARET A.Ş.','PASTÖRİZE SÜT VE DİĞER SÜT ÜRÜNLERİ','Çin','Geçerli',100),
('TR-16-0070','SEKSÜT ENDÜSTRİSİ KURUMU A.Ş.','PASTÖRİZE SÜT VE DİĞER SÜT ÜRÜNLERİ','Çin','Geçerli',100),
('TR-09-0307','SEKSÜT ENDÜSTRİSİ KURUMU A.Ş.','PASTÖRİZE SÜT VE DİĞER SÜT ÜRÜNLERİ','Çin','Geçerli',100),
('TR-70-0075','SLAVA SÜT VE SÜT ÜRÜNLERİ GIDA SANAYİ TİC.LTD.ŞTİ.','PASTÖRİZE SÜT VE DİĞER SÜT ÜRÜNLERİ','Çin','Geçerli',100),
('TR-45-0049','STANDART BESİCİLİK HAYVANCILIK VE GIDA ÜRÜNLERİ SAN.TİC.LTD.ŞTİ.','PASTÖRİZE SÜT VE DİĞER SÜT ÜRÜNLERİ','Çin','Geçerli',100),
('TR-16-0111','SÜTAŞ SÜT ÜRÜNLERİ A.Ş.','PASTÖRİZE SÜT VE DİĞER SÜT ÜRÜNLERİ','Çin','Geçerli',100),
('TR-35-0673','SÜTAŞ SÜT ÜRÜNLERİ A.Ş.','PASTÖRİZE SÜT VE DİĞER SÜT ÜRÜNLERİ','Çin','Geçerli',100),
('TR-68-0024','SÜTAŞ SÜT ÜRÜNLERİ A.Ş.','PASTÖRİZE SÜT VE DİĞER SÜT ÜRÜNLERİ','Çin','Geçerli',100),
('TR-03-2025','SÜTÇÜOĞLU KLASİK SÜT ÜRÜNLERİ TİC.','PASTÖRİZE SÜT VE DİĞER SÜT ÜRÜNLERİ','Çin','Geçerli',100),
('TR-15-0031','SÜTOFİS GIDA MAMULLERİ SANAYİVE TİCARET A.Ş.','PASTÖRİZE SÜT VE DİĞER SÜT ÜRÜNLERİ','Çin','Geçerli',100),
('TR-17-0028','TAHSİLDAROĞLU SÜT ÜRÜNLERİ SAN.','PASTÖRİZE SÜT VE DİĞER SÜT ÜRÜNLERİ','Çin','Geçerli',100),
('TR-20-0023','TARIM KREDİ SÜT ÜRÜNLERİ ANONİM ŞİRKETİ','PASTÖRİZE SÜT VE DİĞER SÜT ÜRÜNLERİ','Çin','Geçerli',100),
('TR-22-0290','TARIM-TAC TARIM TARIMSAL GIDA SANAYİ PROJE VE MÜHENDİSLİK HİZMETLERİ ARAŞTIRMA ÜRETİM VE PAZARLAMA A.Ş.','PASTÖRİZE SÜT VE DİĞER SÜT ÜRÜNLERİ','Çin','Geçerli',100),
('TR-10-1935','TEKSÜT SÜT MAMÜLLERİ SANAYİ VE TİCARET ANONİM ŞİRKETİ','PASTÖRİZE SÜT VE DİĞER SÜT ÜRÜNLERİ','Çin','Geçerli',100),
('TR-68-0031','UĞURAY SÜT A.Ş.','PASTÖRİZE SÜT VE DİĞER SÜT ÜRÜNLERİ','Çin','Geçerli',100),
('TR-59-0028','ÜNAL PEYNİRCİLİK İTHALAT İHRACAT TİCARET LTD. ŞTİ.','PASTÖRİZE SÜT VE DİĞER SÜT ÜRÜNLERİ','Çin','Geçerli',100),
('TR-33-0227','YÖRÜK SÜT ANONİM ŞİRKETİ','PASTÖRİZE SÜT VE DİĞER SÜT ÜRÜNLERİ','Çin','Geçerli',100),
('TR-07-1942','YÖRÜKOĞLU SÜT VE SÜT ÜRÜNLERİ SAN.TİC.A.Ş.','PASTÖRİZE SÜT VE DİĞER SÜT ÜRÜNLERİ','Çin','Geçerli',100),
('TR-07-0388','YÖRÜKOĞLU SÜT VE ÜRÜNLERİ SAN.','PASTÖRİZE SÜT VE DİĞER SÜT ÜRÜNLERİ','Çin','Geçerli',100),
('TR-35-0894','AK GIDA SAN.','PASTÖRİZE SÜT VE DİĞER SÜT ÜRÜNLERİ','Çin','İptal',0),
('TR-35-0889','AK GIDA SAN.VE TİC.A.Ş.','PASTÖRİZE SÜT VE DİĞER SÜT ÜRÜNLERİ','Çin','İptal',NULL),
('TR-33-0056','BAŞARAN PEYNİRCİLİK VE GIDA SANAYİ LTD.ŞTİ.','PASTÖRİZE SÜT VE DİĞER SÜT ÜRÜNLERİ','Çin','Süresi Bitmiş',NULL),
('TR-07-1966','EKİCİLER SÜT GIDA TARIM HAYVANCILIK SANAYİ VE TİC.','PASTÖRİZE SÜT VE DİĞER SÜT ÜRÜNLERİ','Çin','Süresi Bitmiş',NULL),
('TR-19-0065','EREN GIDA ENDÜSTRİSİ SAN. VE TİC.LTD.','PASTÖRİZE SÜT VE DİĞER SÜT ÜRÜNLERİ','Çin','Süresi Bitmiş',NULL),
('TR-05-0152','FİMAR HAYVANCILIK GIDA ÜRÜNLERİ SAN.TİC.A.Ş','PASTÖRİZE SÜT VE DİĞER SÜT ÜRÜNLERİ','Çin','Süresi Bitmiş',NULL),
('TR-54-0028','GÜNEŞOĞLU SÜT GIDA SANAYİVE TİCARET A.Ş.','PASTÖRİZE SÜT VE DİĞER SÜT ÜRÜNLERİ','Çin','Süresi Bitmiş',NULL),
('TR-33-0222','GÜNEY SÜT SAN. VE GIDA MAD.TİC A.Ş.','PASTÖRİZE SÜT VE DİĞER SÜT ÜRÜNLERİ','Çin','İptal',NULL),
('TR-35-0315','HAS ÇİFTLİK GIDA TARIM HAYVANCILIK SANAYİ VE TİCARET LTD.ŞTİ.','PASTÖRİZE SÜT VE DİĞER SÜT ÜRÜNLERİ','Çin','İptal',NULL),
('TR-42-0056','İZİ SÜT VE GIDA MAMULERİ SAN.TİC.','PASTÖRİZE SÜT VE DİĞER SÜT ÜRÜNLERİ','Çin','Süresi Bitmiş',NULL),
('TR-09-0252','KARA SÜT İMALAT PAZ.','PASTÖRİZE SÜT VE DİĞER SÜT ÜRÜNLERİ','Çin','Süresi Bitmiş',NULL),
('TR-16-0053','MBH GIDA SANAYİ TİCARET A.Ş','PASTÖRİZE SÜT VE DİĞER SÜT ÜRÜNLERİ','Çin','İptal',NULL),
('TR-70-0057','MİLKMAN SÜT VE SÜT ÜRÜNLERİ GIDA SANAYİ TİC.A.Ş.','PASTÖRİZE SÜT VE DİĞER SÜT ÜRÜNLERİ','Çin','Süresi Bitmiş',NULL),
('TR-33-0094','NAVİMARFOOD GIDA İMALATI VE GIDA MADDELERİ YAT.','PASTÖRİZE SÜT VE DİĞER SÜT ÜRÜNLERİ','Çin','Süresi Bitmiş',NULL),
('TR-45-0097','TAKIŞ GIDA SANAYİ VE TİCARET LTD.ŞTİ.','PASTÖRİZE SÜT VE DİĞER SÜT ÜRÜNLERİ','Çin','Süresi Bitmiş',NULL),
('TR-42-0099','TORUNOĞLU SÜT VE GIDA MAMULLERİ SAN.','PASTÖRİZE SÜT VE DİĞER SÜT ÜRÜNLERİ','Çin','Süresi Bitmiş',NULL),
('TR-32-0031','YAYLA SÜT FABRİKASI DURMUŞ GÜRDAL','PASTÖRİZE SÜT VE DİĞER SÜT ÜRÜNLERİ','Çin','Süresi Bitmiş',NULL),
('TR-10-1936','YÖRSAN GIDA MAMULLERİ SANAYİ VE TİCARET A.Ş.','PASTÖRİZE SÜT VE DİĞER SÜT ÜRÜNLERİ','Çin','Süresi Bitmiş',NULL),
('TR-39-0024','AK GIDA SANAYİ VE TİCARET ANONİM ŞİRKETİ','SÜT VE SÜT ÜRÜNLERİ, UHT SÜT, YOĞURT, AYRAN ÜRETİMİ','Rusya','Geçerli',100),
('TR-16-0030','NATURA GIDA SANAYİ VE TİCARET ANONİM ŞİRKETİ','DONDURMA, SÜTLÜ BUZ, YENİLEBİLİR BUZ ÜRÜNLERİ, DONDURULMUŞ KEK ÜRETİMİ','Rusya','Geçerli',100),
('TR-35-0069','PINAR SÜT MAMULLERİ SANAYİİ ANONİM ŞİRKETİ','SÜT VE SÜT ÜRÜNLERİ ÜRETİMİ, PASTÖRİZE SÜT, PASTÖRİZE SÜTLAÇ, SÜT TOZU, ORGANİK SÜT TOZU, PEYNİR ALTI SUYU TOZU, DEMİNERALİZE PEYNİR ALTI SUYU TOZU, PEYNİRLER (TAZE SERT PEYNİR, MARİNE EDİLMİŞ PEYNİR, KAŞAR, TAZE PEYNİR, İŞLENMİŞ PEYNİR (ÜÇGEN, KAYMAKLI, DİLİMLİ) ), YOĞURT, AYRAN, TEREYAĞI, PASTÖRİZE KREMA, LABNE PEYNİRİ, EKŞİ KREMA, KREMA (YÜZDE 30 YAĞLI), PUDİNG TOZU, ŞANTİ KREMA TOZU','Rusya','Geçerli',100),
('TR-26-0027','PINAR SÜT MAMÜLLERİ SANAYİ A.Ş.','SÜT ÜRETİMİ','Rusya','Geçerli',100),
('TR-45-0248','RELLA GIDA SANAYİ VE TİCARET ANONİM ŞİRKETİ','PEYNİR (MOZZARELLA) ÜRETİMİ','Rusya','Geçerli',100),
('TR-16-0070','SEKSÜT ENDÜSTRİSİ KURUMU A.Ş.','SÜT VE SÜT ÜRÜNLERİ ÜRETİMİ, ASEPTİK PASTÖRİZE SÜT (KATKISIZ, BEBEKLERE ÖZEL AROMALI), PEYNİR (ÇEÇİL, KAYMAK, SERT PEYNİR, TOSTLUK, ÜÇGEN İŞLENMİŞ PEYNİR, SERT PEYNİRLER), TEREYAĞI, AYRAN, YOĞURT (KREMALI, KREMASIZ) ), PASTÖRİZE SÜT (KATKISIZ, MEYVE PÜRELİ, AROMALI), SALEP, SICAK ÇİKOLATA, EKŞİ KREMA','Rusya','Geçerli',100),
('TR-16-0111','SÜTAŞ SÜT ÜRÜNLERİ A.Ş.','SÜT VE SÜT ÜRÜNLERİ ÜRETİMİ, UHT SÜT, YOĞURT, AYRAN, MEYVELİ YOĞURT, PEYNİR, SÜZME PEYNİR, TAZE PEYNİR, PROBİYOTİKLİ YOĞURT, BEBE YOĞURDU, KURU ÜRÜNLER, SÜTLÜ TATLILAR, TEREYAĞI','Rusya','Zaman kısıtlamaları',100),
('TR-20-0023','TARIM KREDİ SÜT ÜRÜNLERİ ANONİM ŞİRKETİ','SÜT ÜRETİMİ','Rusya','İzin verilmiş',100),
('TR-59-K-000977','ÜNİLEVER SANAYİ VE TİCARET TÜRK ANONİM ŞİRKETİ (ALGİDA)','SÜT TOZU VE PASTÖRİZE KREMADAN YOĞURT DAHİL DONDURMA ÜRETİMİ','Rusya','İzin verilmiş',100),
('TR-46-0022','AK GIDA SAN. TİC. A.S. KAHRAMANMARAS PLANT','SÜT','Sudi Arabistan','Geçerli',100),
('TR-70-0024','AK GIDA SAN. VE TIC. A.Ş','PEYNİR, TEREYAĞI, KREMA, SÜT','Sudi Arabistan','Geçerli',100),
('TR-35-0889','AK GIDA SANAYİ VE TIC. A.Ş','PEYNİR','Sudi Arabistan','Geçerli',100),
('TR-42-0038','AKOVA SÜT VE GIDA MAM. SAN. VE TIC. A.Ş.','PEYNİR, TEREYAĞI, KREMA','Sudi Arabistan','Geçerli',100),
('TR-17 - 0022','AKPINAR SÜT ÜRÜNLERİ SAN. TİC. LTD. ŞTİ.','PEYNİR / LABNE','Sudi Arabistan','Geçerli',100),
('TR-42-0971','AKZON ENERJI VE ÇEVRE TEKNOLOJILERI GIDA SAN. VE TIC. A.Ş.','PEYNİR, TEREYAĞI, KREMA, SÜT, LABNE','Sudi Arabistan','Geçerli',100),
('TR-17 -0023','ALTINKILIÇ GIDA VE SÜT SAN.VE TİC.A.Ş','PEYNİR, SÜT','Sudi Arabistan','Geçerli',100),
('TR-09-0469','ALTINKÖY GIDA SAN. VE.TİC.A.Ş','PEYNİR','Sudi Arabistan','Geçerli',100),
('TR-39-0345','ASLANAGA CİFTLİGİ SUT ÜRÜNLERİ SAN. VE TİC. AS','PEYNİR, KREMA, LABNE','Sudi Arabistan','Geçerli',100),
('TR-- 390022','BAHCİVAN FOOD INDUSTRY TRADE INC','PEYNİR, TEREYAĞI, KREMA, SÜT, LABNE','Sudi Arabistan','Geçerli',100),
('TR-15-0027','DURANLAR SÜT SANAYİ VE TİCARET A.Ş.','PEYNİR, KREMA, TEREYAĞI, YOĞURT, AYRAN','Sudi Arabistan','Geçerli',100),
('TR-16-0027','EKER SÜT ÜRÜNLERİ','PEYNİR, TEREYAĞI, KREMA, SÜT, LABNE','Sudi Arabistan','Geçerli',100),
('TR-07-0066','EKİCİLER SÜT GİDA TARİM HAYVANCILIK SAN. VE TIC. A.Ş.','PEYNİR','Sudi Arabistan','Geçerli',100),
('TR-07-0065','EKSO SÜT VE GIDA MAMULLERİ SAN. VE TIC. A.Ş.','PEYNİR ALTI SUYU TOZU, SÜT TOZU','Sudi Arabistan','Geçerli',100),
('TR-42-0085','ENKA SÜT VE GIDA MAM. SAN. VE TIC. A.Ş.','PEYNİR, TEREYAĞI, KREMA, SÜT, LABNE','Sudi Arabistan','Geçerli',100),
('TR-19-0065','EREN GIDA ENDÜSTRİSİ SAN. VE TİC. LTD. ŞTİ.','PEYNİR, TEREYAĞI, KREMA','Sudi Arabistan','Geçerli',100),
('TR-05-0152','FİMAR MERMER MADENCİLİK İNŞAAT AKARYAKIT TURİZM TARIM SERACILIK HAYVANCILIK GIDA ÜRÜNLERİ TİC.SAN.A.Ş','PEYNİR, TEREYAĞI, KREMA, LABNE, MOZZARELLA','Sudi Arabistan','Geçerli',100),
('TR-10-1148','GÖNENLİ SÜT VE SÜT ÜRÜNLERİ GIDA SAN.VE TİC.A.Ş.','PEYNİR, TEREYAĞI, KREMA, SÜT, LABNE','Sudi Arabistan','Geçerli',100),
('TR-35-0999','GURSUT BESİCİLİK GIDA SANAYİ VE TİCARET ANONİM ŞİRKETİ','PEYNİR, TEREYAĞI, KREMA, SÜT, LABNE','Sudi Arabistan','Geçerli',100),
('TR-45-0026','GÜNDOĞDU GIDA SÜT ÜRÜNLERİ SAN.VE DIŞ TİCARET A.Ş','PEYNİR, TEREYAĞI','Sudi Arabistan','Geçerli',100),
('TR-59-0023','KAANLAR GIDA SANAYİ VE TİCARET ANONİM ŞİRKETİ','PEYNİR, TEREYAĞI, KREMA, LABNE','Sudi Arabistan','Geçerli',100),
('TR45-0101','KEMPOSTAR GIDA SAN.VE TIC.A.S','SÜT','Sudi Arabistan','Geçerli',100),
('TR-42-1069','KONSÜT GIDA A.Ş.','PEYNİR, TEREYAĞI, KREMA, SÜT, LABNE','Sudi Arabistan','Geçerli',100),
('TR-42-0059','KUZUCU SÜT MAM. NAK. VE GIDA SAN. VE TIC. A.Ş.','PEYNİR, TEREYAĞI, KREMA, SÜT, LABNE','Sudi Arabistan','Geçerli',100),
('TR-17 -0666','LİZETTA TARIM VE SÜT ÜRÜNLERİ SANAYİ A.Ş.','PEYNİR, TEREYAĞI, KREMA, LABNE','Sudi Arabistan','Geçerli',100),
('TR-59-0031','MALKARA BIRLIK SÜT VE SÜT MAMULLERI ANONIM ŞIRKETI','SÜT','Sudi Arabistan','Geçerli',100),
('TR-42-0047','MEYSÜT MEYVE SÜT VE GIDA MAM. SAN. TIC. A.Ş.','PEYNİR, TEREYAĞI, KREMA, SÜT, LABNE','Sudi Arabistan','Geçerli',100),
('TR-16-0053','MİLK ACADEMY SÜT ÜRÜNLERİ SANAYİ VE TİCARET ANONİM ŞİRKETİ','PEYNİR, TEREYAĞI, KREMA, SÜT, LABNE','Sudi Arabistan','Geçerli',100),
('TR-54-0066','MİLKON SÜT VE GIDA MAMULLERİ SANAYİ VE TİCARET ANONİM ŞİRKETİ','SÜT','Sudi Arabistan','Geçerli',100),
('TR-64-0025','MURATBEY GIDA SANAYİ VE TİCARET A.Ş.','PEYNİR, TEREYAĞI, LABNE','Sudi Arabistan','Geçerli',100),
('TR-33-0094','NAVİMARFOOD GIDA İMALATI VE GIDA MADDELERİ YAT ÜRT.İNŞ.PAZ.SAN.VE TİC.LTD.ŞTİ','PEYNİR, TEREYAĞI, KREMA, LABNE','Sudi Arabistan','Geçerli',100),
('TR-55-0043','OTAT GIDA SAN. VE TİC. LTD STI.','PEYNİR, TEREYAĞI, LABNE, KREMA','Sudi Arabistan','Geçerli',100),
('TR-42-0104','PANAGRO TARİM HAYVANCILIK GIDA SAN. VE TIC. A.Ş.','PEYNİR, KREMA, TEREYAĞI, SÜT','Sudi Arabistan','Geçerli',100),
('TR-35-0069','PINAR SÜT ÜRÜNLERİ','PEYNİR, TEREYAĞI, KREMA, SÜT, LABNE','Sudi Arabistan','Geçerli',100),
('TR-35-0222','REHA SÜT ÜRÜNLERİ SAN.VE TİC.LTD.ŞTI.','PEYNİR','Sudi Arabistan','Geçerli',100),
('TR-45-0248','RELLA GIDA SANAYİ VE TİCARET A.Ş.','PEYNİR, TEREYAĞI, KREMA, SÜT, LABNE','Sudi Arabistan','Geçerli',100),
('TR-35-0673','SÜTAŞ SÜT ÜRÜNLERİ','PEYNİR, TEREYAĞI, KREMA, SÜT, LABNE','Sudi Arabistan','Geçerli',100),
('TR-16-0111','SÜTAŞ SÜT ÜRÜNLERİ A.Ş.','PEYNİR, TEREYAĞI, SÜT, KREMA','Sudi Arabistan','Geçerli',100),
('TR-20-0023','TARIM KREDİ SÜT ÜRÜNLERİ A.Ş.','PEYNİR, TEREYAĞI, KREMA, SÜT','Sudi Arabistan','Geçerli',100),
('TR-10-0035','TEKSÜT SÜT MAMÜLLERİ SAN.VE.TİC.AŞ','PEYNİR, TEREYAĞI, KREMA, SÜT, LABNE','Sudi Arabistan','Geçerli',100),
('TR-59-K-000977','UNILEVER SANAYI VE TİCARET TÜRK ANONIM ŞIRKETI',NULL,'Sudi Arabistan','Geçerli',100),
('TR-42-K-002922','UNİLEVER SAN. VE TİC. TÜRK A.Ş. KONYA ALGIDA FABRİKASI ŞUBESİ','SÜT','Sudi Arabistan','Geçerli',100),
('TR-46-0132','YASAR DONDURMA VE GIDA MADDELERİ A.S','PEYNİR, TEREYAĞI, KREMA, SÜT, LABNE','Sudi Arabistan','Geçerli',100),
('TR-07-0388','YÖRÜKOĞLU SÜT VE ÜRÜNLERİ SAN.TİC.A.Ş','PEYNİR','Sudi Arabistan','Geçerli',100),
('TR-07-0042','YÖRÜKOĞLU SÜT VE ÜRÜNLERİ SAN.TİC.A.Ş.','TEREYAĞI, KREMA, SÜT, LABNE','Sudi Arabistan','Geçerli',100);

INSERT INTO cig_sut_uretim_miktari (yil,buyukbas_sut_uretimi_ton,sagilan_buyukbas_hayvan_sayisi,koyun_sutu_uretimi_ton,keci_sutu_uretimi_ton,kucukbas_sutu_uretimi_ton,sagilan_keci_sayisi,sagilan_koyun_sayisi,toplam_sut_uretimi_ton) VALUES
(1986,8368578,6271122,1101424,370335,1471759,6801903,23259032,9840337),
(1987,8342129,6246770,1095978,360408,1456386,6610595,23152000,9798515),
(1988,8370342,6269352,1163569,355835,1519404,6600898,24609319,9889746),
(1989,8161640,6153970,1129165,342270,1471435,6182720,23635240,9633075),
(1990,8134865,3670000,1145015,337535,1482550,6013000,23698830,9617415),
(1991,8777760.14142,6290078.74,1127443,334739,1462182,5877490,23222245,10239942.14142),
(1992,8870537.72999,6235262.11,1089173,319349,1408522,5602136,22399263,10279059.72999),
(1993,9044857.30623,6179967.56,1047380,314027,1361407,5463869,21531849,10406264.30623),
(1994,9272478.6302,6232212.39,991801,296727,1288528,5162535,20507469,10561006.6302),
(1995,9389845.82883,6007957.61,934500,277207,1211707,4907584,19262493,10601552.82883),
(1996,9573819.85854,6081938.99,921662,265454,1187116,4725875,18890083,10760935.85854),
(1997,9000877.18401,5686500.26,826348,249302,1075650,4407186,17168706,10076527.18401),
(1998,8911874.32886,5573936.06,813078,245579,1058657,4247189,16776236,9970531.32886),
(1999,9040733.40866,5617864.73,804696,236581,1041277,4086263,16473340,10082010.40866),
(2000,8799370.97622,5349171.14,774379,220211,994590,3792707,15920159,9793960.97622),
(2001,8552409.03087,5151170.01,723346,219795,943141,3773466,14846753,9495550.03087),
(2002,7541559,4444194,657388,209621,867009,3553438,13637194,8408568),
(2003,9562916,5097740,769959,278136,1048095,3126656,12477217,10611011),
(2004,9648605,3915084,771715,259087,1030802,2476574,9919191,10679407),
(2005,10064260,4036302,789878,253759,1043637,2426993,10166091,11107897),
(2006,10903660,4224284,794681,253759,1048440,2420642,10245894,11952100),
(2007,11309715,4259900,782587,237487,1020074,2263630,10109987,12329789),
(2008,11286598,4112853,746872,209570,956442,1997689,9642170,12243040),
(2009,11615756,4165509,734219,192210,926429,1830813.8299999998,9407865.939999996,12542185),
(2010,12454031,4397473,816832,272811,1089643,2582539.01,10583608.36,13543674),
(2011,13842800,4801360,892822,320588,1213410,3033111.23,11561143.550000004,15056210),
(2012,16024827,5469605,1007007,369426,1376433,3502272.0199999996,13068427.979999995,17401260),
(2013,16706956,5659212,1101013,415743,1516756,3943318,14287237,18223712),
(2014,17053653,5621971,1113937,463270,1577207,4400168.24,14524263.87,18630860),
(2015,16996271,5598772,1177228,481174,1658402,4578494.16,15362927.399999999,18654673),
(2016,16849348,5495043,1160413,479401,1639814,4555105,15149414,18489162),
(2017,18831720,6038544,1344779,523395,1868174,4963581,17503414,20699894),
(2018,20112619,6413785,1446271,561826,2008097,5327166,18819287,22120716),
(2019,19592521.487999998,6612762.47,1521455,577209,2098664,5490660.21,18265264.5,21691185.487999998),
(2020,21749342,6718449.27,1101065,589617,1690682,5633347.149999999,14744373.35,23440024),
(2021,21370116,6673363.29,1143762,622785,1766547,5923926.72,14456860.8,23136663),
(2022,19912135,5958326.85,1067342,540426,1607768,5152148.59,14300124.16,21519903),
(2023,19961908,5804051.75,933576,543058,1476634,5151470,12618141,21438542),
(2024,21098564,NULL,906945,482247,1389192,NULL,NULL,22487756);

INSERT INTO cig_sut_ekonomik_gostergeler (tarih,misir_silaji,yonca,saman,sut_yemi_19hp,uretim_maliyeti_tl_lt,usk_tavsiye_fiyat_tl_lt,sut_yem_paritesi,litre_basina_destek_tl,sut_yem_paritesi_destek_dahil,fiyat_maliyet_farki_tl_lt,fiyat_maliyet_farki_destek_dahil_tl_lt,karlilik) VALUES
('2018-01-01 00:00:00',0.28986999999999996,0.9696,0.7171,1.0706,1.1918,1.4,1.307677937605081,0.12,1.419764617971231,0.20819999999999994,0.32820000000000005,17.46937405604967),
('2018-02-01 00:00:00',0.28986999999999996,0.9696,0.7171,1.0706,1.1918,1.53,1.4291051746684102,0.12,1.54119185503456,0.33820000000000006,0.45819999999999994,28.37724450411143),
('2018-03-01 00:00:00',0.28986999999999996,0.9696,0.7171,1.0706,1.1918,1.53,1.4291051746684102,0.12,1.54119185503456,0.33820000000000006,0.45819999999999994,28.37724450411143),
('2018-04-01 00:00:00',0.3232,1.0403,0.808,1.1817,1.3433000000000002,1.53,1.2947448591012949,0.09,1.370906321401371,0.18669999999999987,0.27669999999999995,13.89860790590336),
('2018-05-01 00:00:00',0.3232,1.0403,0.808,1.1817,1.3433000000000002,1.53,1.2947448591012949,0.09,1.370906321401371,0.18669999999999987,0.27669999999999995,13.89860790590336),
('2018-06-01 00:00:00',0.33330000000000004,0.8584999999999999,0.505,1.3433000000000002,1.3231000000000002,1.53,1.1389860790590336,0.09,1.2059852601801533,0.20689999999999986,0.29689999999999994,15.637517950268299),
('2018-07-01 00:00:00',0.33330000000000004,0.8584999999999999,0.505,1.3433000000000002,1.3231000000000002,1.53,1.1389860790590336,0.09,1.2059852601801533,0.20689999999999986,0.29689999999999994,15.637517950268299),
('2018-08-01 00:00:00',0.3131,0.8483999999999999,0.5656000000000001,1.5554000000000001,1.4039,1.7,1.092966439501093,0.09,1.1508293686511508,0.29610000000000003,0.3861000000000001,21.09124581522901),
('2018-09-01 00:00:00',0.3535,0.8181,0.505,1.6261,1.4847,1.7,1.0454461595227844,0.15,1.137691408892442,0.21530000000000005,0.36529999999999996,14.50124604297165),
('2018-10-01 00:00:00',0.3535,0.8181,0.505,1.6261,1.4847,1.7,1.0454461595227844,0.15,1.137691408892442,0.21530000000000005,0.36529999999999996,14.50124604297165),
('2018-11-01 00:00:00',0.303,0.9594999999999999,0.5555000000000001,1.4847,1.3736000000000002,1.7,1.1450124604297165,0.15,1.2460429716441033,0.3263999999999998,0.4763999999999997,23.762376237623744),
('2018-12-01 00:00:00',0.3131,0.9191,0.5858,1.4746,1.3837000000000002,1.7,1.15285501152855,0.15,1.2545775125457752,0.3162999999999998,0.4662999999999997,22.859001228589996),
('2019-01-01 00:00:00',0.34340000000000004,0.9594999999999999,0.5959,1.5049,1.4645,1.7,1.1296431656588477,0.25,1.2957671606086785,0.23550000000000004,0.48550000000000004,16.080573574598844),
('2019-02-01 00:00:00',0.34340000000000004,0.9594999999999999,0.5959,1.5049,1.4645,1.7,1.1296431656588477,0.25,1.2957671606086785,0.23550000000000004,0.48550000000000004,16.080573574598844),
('2019-03-01 00:00:00',0.34340000000000004,0.9594999999999999,0.5959,1.5049,1.4645,1.7,1.1296431656588477,0.25,1.2957671606086785,0.23550000000000004,0.48550000000000004,16.080573574598844),
('2019-04-01 00:00:00',0.3636,1.01,0.5454,1.5655000000000001,1.5352000000000001,1.7,1.0859150431172149,0.25,1.2456084318109228,0.16479999999999984,0.41479999999999984,10.734757686294934),
('2019-05-01 00:00:00',0.3737,1.0403,0.6161,1.7675,1.6765999999999999,2,1.1315417256011315,0.1,1.188118811881188,0.32340000000000013,0.4234000000000002,19.289037337468695),
('2019-06-01 00:00:00',0.39390000000000003,0.9696,0.505,1.6362,1.6059,2,1.222344456667889,0.1,1.2834616795012834,0.3940999999999999,0.4941,24.540755962388683),
('2019-07-01 00:00:00',0.39390000000000003,0.9191,0.5656000000000001,1.6664999999999999,1.6261,2,1.2001200120012,0.1,1.2601260126012603,0.3738999999999999,0.4739,22.99366582620994),
('2019-08-01 00:00:00',0.3535,0.9999,0.5858,1.6462999999999999,1.5554000000000001,2,1.2148454109214604,0.1,1.2755876814675333,0.4445999999999999,0.5446,28.584287000128572),
('2019-09-01 00:00:00',0.3535,1.0201,0.6262,1.5756000000000001,1.7271,2,1.2693577050012692,0.1,1.3328255902513328,0.2728999999999999,0.3729,15.801053789589481),
('2019-10-01 00:00:00',0.3535,1.0201,0.6262,1.5756000000000001,1.7271,2,1.2693577050012692,0.1,1.3328255902513328,0.2728999999999999,0.3729,15.801053789589481),
('2019-11-01 00:00:00',0.3535,1.0201,0.6262,1.5756000000000001,1.7271,2,1.2693577050012692,0.1,1.3328255902513328,0.2728999999999999,0.3729,15.801053789589481),
('2019-12-01 00:00:00',0.38380000000000003,1.0403,0.7474,1.5756000000000001,1.7978,2.3,1.4597613607514595,0.15,1.5549631886265547,0.5021999999999998,0.6521999999999997,27.934141728779604),
('2020-01-01 00:00:00',0.4343,1.3029,0.8888,1.5958,1.9695,2.3,1.4412833688432132,0.15,1.5352801102895097,0.3304999999999998,0.4804999999999997,16.78090886011677),
('2020-02-01 00:00:00',0.4343,1.3029,0.8888,1.5958,1.9695,2.3,1.4412833688432132,0.15,1.5352801102895097,0.3304999999999998,0.4804999999999997,16.78090886011677),
('2020-03-01 00:00:00',0.4343,1.2827,0.9898,1.7372,2.0806,2.3,1.3239696062629518,0.15,1.410315450149666,0.21939999999999982,0.36939999999999973,10.545035086032867),
('2020-04-01 00:00:00',0.47469999999999996,1.3736000000000002,0.9696,1.8281,2.2119,2.3,1.2581368634100978,0.1,1.3128384661670587,0.08809999999999985,0.18809999999999993,3.983001039830004),
('2020-05-01 00:00:00',0.4545,1.1514,0.7878000000000001,1.7978,2.0907,2.3,1.2793414172877962,0.1,1.3349649571698743,0.20929999999999982,0.3092999999999999,10.011001100110002),
('2020-06-01 00:00:00',0.4646,1.01,0.6565000000000001,1.7877,2.0402,2.3,1.2865693348995915,0.1,1.342507132069139,0.2597999999999998,0.3597999999999999,12.734045681795894),
('2020-07-01 00:00:00',0.47469999999999996,1.2019,0.6969,1.8584,2.1513,2.3,1.2376237623762374,0.4,1.4528626775721047,0.14869999999999983,0.5486999999999997,6.912099660670284),
('2020-08-01 00:00:00',0.4848,1.3231000000000002,0.7878000000000001,1.9189999999999998,2.2523,2.3,1.1985409067222512,0.4,1.4069828035435124,0.047699999999999854,0.44769999999999976,2.1178351018958335),
('2020-09-01 00:00:00',0.4646,1.4039,0.8382999999999999,2.0806,2.3634,2.3,1.1054503508603286,0.4,1.2977025857925597,-0.06340000000000012,0.3365999999999998,-2.682575949902688),
('2020-10-01 00:00:00',0.5151,1.4342,0.7878000000000001,2.2826,2.5755,2.3,1.0076228861824235,0.3,1.1390519582931744,-0.2755000000000001,0.024499999999999744,-10.696952048145993),
('2020-11-01 00:00:00',0.505,1.3534000000000002,0.8483999999999999,2.4038,2.5553,2.3,0.9568183709127215,0.3,1.0816207671187286,-0.2553000000000001,0.04469999999999974,-9.990999099909995),
('2020-12-01 00:00:00',0.505,1.3231000000000002,0.7979,2.3836,2.5351,2.3,0.9649270011746937,0.3,1.0907870448061754,-0.2351000000000001,0.06489999999999974,-9.273795905486967),
('2021-01-01 00:00:00',0.5353,1.3029,0.8483999999999999,2.5048,2.6563,2.8,1.1178537208559565,0.3,1.2376237623762376,0.14369999999999994,0.44369999999999976,5.409780521778411),
('2021-02-01 00:00:00',0.5252,1.3837000000000002,0.8483999999999999,2.525,2.6765,2.8,1.1089108910891088,0.3,1.2277227722772277,0.12349999999999994,0.42349999999999977,4.614235008406499),
('2021-03-01 00:00:00',0.5353,1.4039,0.8382999999999999,2.6260000000000003,2.7674000000000003,2.8,1.066260472201066,0.3,1.1805026656511801,0.03259999999999952,0.33259999999999934,1.1780010117799926),
('2021-04-01 00:00:00',0.5151,1.4443,0.8686,2.8482,2.8987000000000003,2.8,0.983077031107366,0.3,1.0884067130117265,-0.09870000000000045,0.20129999999999937,-3.4049746438058595),
('2021-05-01 00:00:00',0.5656000000000001,1.4746,0.9594999999999999,3.0906000000000002,3.1612999999999998,2.85,0.9221510386332751,0.3,1.019219569015725,-0.3112999999999997,-0.011299999999999866,-9.847214753424215),
('2021-06-01 00:00:00',0.6262,1.5655000000000001,1.1009,3.2016999999999998,3.3633,2.85,0.8901521066933192,0.3,0.9838523284505107,-0.5133000000000001,-0.21330000000000027,-15.261796449915263),
('2021-07-01 00:00:00',0.606,1.5655000000000001,0.8382999999999999,2.8886,3.0805,3.2,1.1078030880011078,0.2,1.1770407810011771,0.11950000000000038,0.31950000000000056,3.8792403830547113),
('2021-08-01 00:00:00',0.606,1.6261,0.808,3.0603,3.1411,3.2,1.0456491193673825,0.2,1.111002189327844,0.058900000000000396,0.2589000000000006,1.8751392824170006),
('2021-09-01 00:00:00',0.6161,1.5655000000000001,0.8888,3.0603,3.1512000000000002,3.2,1.0456491193673825,0.2,1.111002189327844,0.048799999999999955,0.24880000000000013,1.548616400101547),
('2021-10-01 00:00:00',0.6565000000000001,1.6462999999999999,0.9191,3.2522,3.3633,3.2,0.9839493266096796,0.2,1.0454461595227846,-0.1633,0.03670000000000018,-4.855350399904855),
('2021-11-01 00:00:00',0.707,1.9088999999999998,0.9898,4.0804,4.0198,3.2,0.7842368395255368,0.2,0.8332516419958829,-0.8197999999999999,-0.6197999999999997,-20.39404945519677),
('2021-12-01 00:00:00',0.7171,2.0301,1.0605,4.3329,4.242,4.7,1.0847238570010846,0.2,1.1308823190011308,0.4580000000000002,0.6580000000000004,10.796793965110801),
('2022-01-01 00:00:00',0.7676000000000001,2.0402,0.909,4.6157,4.4238,4.7,1.0182637519769482,0.2,1.0615941244014993,0.2762000000000002,0.4762000000000004,6.243501062435016),
('2022-02-01 00:00:00',0.8281999999999999,2.2220000000000004,1.0706,4.524800000000001,4.5349,4.7,1.0387199434229135,0.2,1.0829207920792079,0.1650999999999998,0.3651,3.6406535976537473),
('2022-03-01 00:00:00',0.9493999999999999,2.4341000000000004,1.2019,5.363099999999999,5.3126,4.7,0.8763588223229104,0.2,0.9136506871026088,-0.6125999999999996,-0.4125999999999994,-11.531077062078825),
('2022-04-01 00:00:00',1.0605,2.9189000000000003,1.4847,5.858,5.9085,5.7,0.9730283373164904,1,1.1437350631614887,-0.2084999999999999,0.7915000000000001,-3.5288144199035276),
('2022-05-01 00:00:00',1.4455624999999999,3.709807692307692,1.8960454545454546,6.523411764705883,7.2013,7.5,1.1497051344478708,0.5,1.2263521434110622,0.2987000000000002,0.7987000000000002,4.14786219154875),
('2022-06-01 00:00:00',1.5150000000000001,3.8683,1.8987999999999998,6.7367,7.484100000000001,7.5,1.1133047337717281,0.5,1.18752504935651,0.01589999999999936,0.5158999999999994,0.21245039483704597),
('2022-07-01 00:00:00',1.5301500000000001,3.8253749999999997,1.6665,6.440192857142858,7.2821,7.5,1.1645613984496914,0.5,1.242198825013004,0.2179000000000002,0.7179000000000002,2.9922687136952284),
('2022-08-01 00:00:00',1.5756000000000001,3.7875,1.6967999999999999,6.4135,7.170999999999999,7.5,1.1694082794106182,0.5,1.247368831371326,0.3290000000000006,0.8290000000000006,4.587923581090513),
('2022-09-01 00:00:00',1.6272222222222223,3.8548333333333327,1.7472999999999999,6.327649999999999,7.2316,7.5,1.1852741539118,0.5,1.2642924308392534,0.26839999999999975,0.7683999999999997,3.711488467282479),
('2022-10-01 00:00:00',1.6496666666666666,3.8235714285714284,1.8468571428571428,6.599339999999999,7.4235,8.5,1.2880075886376519,0.5,1.363772740910455,1.0765000000000002,1.5765000000000002,14.501246042971646),
('2022-11-01 00:00:00',1.860730769230769,4.447607142857143,2.3432,6.870404761904762,8.1709,8.5,1.237190572399907,0.5,1.309966488423431,0.3291000000000004,0.8291000000000004,4.027708086012562),
('2022-12-01 00:00:00',2.066291666666667,4.444000000000001,2.5827142857142857,6.813171428571429,8.8274,8.5,1.2475834622852373,0.5,1.3209707247726044,-0.3274000000000008,0.1725999999999992,-3.7089063597435343),
('2023-01-01 00:00:00',2.24725,5.390874999999999,3.3058076923076922,6.957006250000001,9.7869,8.5,1.221789904242216,0.5,1.2936598986094052,-1.2868999999999993,-0.7868999999999993,-13.149209657807878),
('2023-02-01 00:00:00',2.2174090909090913,5.951785714285715,3.8263461538461536,7.240858333333333,9.9485,8.5,1.1738939789596767,0.5,1.242946565957305,-1.4484999999999992,-0.9484999999999992,-14.559983917173437),
('2023-03-01 00:00:00',2.254136363636363,6.081041666666667,3.9156923076923076,7.209379999999999,9.9283,8.5,1.1790195550796325,0.5,1.2483736465549051,-1.4283000000000001,-0.9283000000000001,-14.386148686079189),
('2023-04-01 00:00:00',2.2523,6.0802,3.9188,7.268633333333332,9.9283,8.5,1.1694082794106184,0.5,1.2381970017288901,-1.4283000000000001,-0.9283000000000001,-14.386148686079189),
('2023-05-01 00:00:00',2.46945,6.565,4.524800000000001,7.648225,10.746400000000001,8.5,1.1113689777693516,0.5,1.17674362352049,-2.2464000000000013,-1.7464000000000013,-20.903744509789334),
('2023-06-01 00:00:00',2.6664000000000003,6.459791666666667,2.1311000000000004,8.42529375,11.0898,8.5,1.008866901524947,0.5,1.0682120133793556,-2.5898000000000003,-2.0898000000000003,-23.3529910368086),
('2023-07-01 00:00:00',2.209375,6.527125000000001,2.199555555555556,8.461106666666666,10.433300000000001,11.5,1.359160267451224,0.5,1.4182541921230163,1.066699999999999,1.566699999999999,10.223994325860456),
('2023-08-01 00:00:00',2.33815,6.586041666666667,2.209375,8.475494736842105,10.4636,11.5,1.3568529457060108,0.5,1.4158465520410546,1.0364000000000004,1.5364000000000004,9.90481287510991),
('2023-09-01 00:00:00',2.2725,6.894933333333334,2.3061666666666665,8.441473684210527,10.4535,11.5,1.3623213706761104,0.5,1.42155273461855,1.0465,1.5465,10.011001100110011),
('2023-10-01 00:00:00',2.245566666666667,6.844433333333334,2.316266666666667,8.42532380952381,10.3727,11.5,1.3649327028832576,0.5,1.4242776030086168,1.1273,1.6273,10.867951449477955),
('2023-11-01 00:00:00',2.4029583333333338,7.07,2.267909090909091,8.811127777777777,10.9383,11.5,1.3051677708049734,0.5,1.3619141956225809,0.5617000000000001,1.0617,5.135167256337823),
('2023-12-01 00:00:00',2.5048,7.137333333333333,2.2927,9.839293749999998,11.2716,11.5,1.168783074496582,0.5,1.2195997299094767,0.2284000000000006,0.7284000000000006,2.0263316654246126),
('2024-01-01 00:00:00',2.480111111111111,7.979,2.2809166666666667,10.261005882352942,11.7665,11.5,1.1207478225675616,0.5,1.1694759887661512,-0.2665000000000006,0.23349999999999937,-2.2649046020481927),
('2024-02-01 00:00:00',2.61085,8.0295,2.3019583333333333,10.349975,12.4533,13.5,1.3043509766931805,0.5,1.352660272126261,1.0466999999999995,1.5466999999999995,8.405001084050006),
('2024-03-01 00:00:00',2.6058,7.9689,2.2826,10.3828,12.433100000000001,13.5,1.300227298994491,0.5,1.3483838656239164,1.0668999999999986,1.5668999999999986,8.58112618735471),
('2024-04-01 00:00:00',2.6260000000000003,8.282,2.350545454545455,10.90598,12.423,13.5,1.2378529944122398,0.5,1.2836994016126932,1.077,1.577,8.669403525718424),
('2024-05-01 00:00:00',2.5755000000000003,8.787,2.482269230769231,10.922258823529413,12.5341,14.65,1.3412976415134985,0.5,1.3870757180156656,2.1159,2.6159,16.88114822763501),
('2024-06-01 00:00:00',2.570909090909091,8.686,2.5020454545454545,10.911107692307692,12.493699999999999,14.65,1.3426684451412958,0.5,1.3884933067502137,2.1563000000000017,2.6563000000000017,17.2590985856872),
('2024-07-01 00:00:00',2.575,8.975,2.4850000000000003,10.643076923076924,12.44,14.65,1.3764816420930903,0.5,1.4234605377276668,2.210000000000001,2.710000000000001,17.765273311897115),
('2024-08-01 00:00:00',2.55,8.6,2.5,10.8,12.9,14.65,1.3564814814814814,0.5,1.4027777777777777,1.75,2.25,13.565891472868216),
('2024-09-01 00:00:00',2.55,8.6,2.5,10.8,13.35,14.65,1.3564814814814814,0.5,1.4027777777777777,1.3000000000000007,1.8000000000000007,9.737827715355811),
('2024-10-01 00:00:00',2.65,9.4,2.5,11.86,14.54,14.65,1.2352445193929174,1,1.3195615514333896,0.11000000000000121,1.1100000000000012,0.7565337001375599),
('2024-11-01 00:00:00',2.75,9.5,2.7,11.8,14.717063492063492,14.65,1.2415254237288136,1,1.326271186440678,-0.06706349206349138,0.9329365079365086,-0.4556852805565247),
('2024-12-01 00:00:00',3,9.8,2.9,11.95,15.358769841269838,14.65,1.2259414225941423,1,1.3096234309623431,-0.708769841269838,0.291230158730162,-4.614756576176664),
('2025-01-01 00:00:00',3.1,10.33,3,12.4,16.04298412698413,17.15,1.383064516129032,0.5,1.4233870967741933,1.1070158730158681,1.6070158730158681,6.9003114648345205),
('2025-02-01 00:00:00',3.1,10.55,3.34,12.41,16.233452380952382,17.15,1.3819500402900886,0.5,1.4222401289282836,0.9165476190476163,1.4165476190476163,5.646042490154792),
('2025-03-01 00:00:00',3.18,11.21,3.48,12.51,16.686325396825396,17.15,1.3709032773780974,0.5,1.4108713029576339,0.46367460317460285,0.9636746031746029,2.7787699936788828),
('2025-04-01 00:00:00',3.4,11.3,3.4,12.96,16.844380952380952,17.15,1.3233024691358022,0.5,1.3618827160493825,0.30561904761904657,0.8056190476190466,1.8143679395700638),
('2025-05-01 00:00:00',3.7,12.28,3.57,13.42,17.80026984126984,17.15,1.2779433681073025,0.5,1.3152011922503726,-0.6502698412698429,-0.15026984126984289,-3.6531459751368227),
('2025-06-01 00:00:00',3.54,11.43,3.2,13.83,17.467563492063494,17.15,1.2400578452639188,0.5,1.2762111352133043,-0.31756349206349554,0.18243650793650446,-1.818018249699122),
('2025-07-01 00:00:00',3.6,12,3.3,14.15,18.108452380952382,17.15,1.2120141342756183,0.5,1.2762111352133043,-0.31756349206349554,0.18243650793650446,-1.818018249699122),
('2025-08-01 00:00:00',3.75,14,3.8,14.72,18.6,18.35,1.2466032608695652,0.5,1.2762111352133043,-0.31756349206349554,0.18243650793650446,-1.818018249699122),
('2025-09-01 00:00:00',3.8,12.25,4,14.77,18.77142063492063,18.35,1.242383209207854,0.5,1.2762111352133043,-0.31756349206349554,0.18243650793650446,-1.818018249699122),
('2025-10-01 00:00:00',4,12.25,4,14.77,19.065706349206348,19.6,1.3270142180094788,0.5,1.2762111352133043,-0.31756349206349554,0.18243650793650446,-1.818018249699122),
('2025-11-01 00:00:00',4.2,12.92,4.2,14.98,19.79896825396826,19.6,1.3084112149532712,0.5,1.2762111352133043,-0.31756349206349554,0.18243650793650446,-1.818018249699122),
('2025-12-01 00:00:00',4.3,13.8,5.95,15.1,20.89436507936508,19.6,1.2980132450331128,0.5,1.2762111352133043,-0.31756349206349554,0.18243650793650446,-1.818018249699122),
('2026-01-01 00:00:00',4.45,14,6.22,15.36,21.46004761904762,22.22,1.4466145833333333,0.5,1.2762111352133043,-0.31756349206349554,0.18243650793650446,-1.818018249699122),
('2026-02-01 00:00:00',4.45,14,6.22,15.36,21.46004761904762,22.22,1.4466145833333333,0.5,1.2762111352133043,-0.31756349206349554,0.18243650793650446,-1.818018249699122);

INSERT INTO sut_ciftlikleri_onayli (il,ilce,isletme_sayisi,adi_ve_adresi) VALUES
('ADANA','KARAİSALI',NULL,'ALTINOVA İNŞAAT MALZEMELERİ NAKLİYAT MADENCİLİK SANAYİ VE TİCARET LİMİTED ŞİRKETİ-ALTINOVA
 MAH./KARAİSALI/ADANA'),
('ADANA','KOZAN',NULL,'YAĞIZ SÜT HAYVANCILIK VE TARIM ÜRÜNLERİSAN.VE TİC.LTD.ŞTİ.-BULDUKLU MAH./ KOZAN/ ADANA'),
('ADANA','SARIÇAM',NULL,'SARIÇAM ALİBABA''NIN ÇİFTLİĞİ SÜT ÜRÜNLERİ CANLI
 HAYVAN TARIM GIDA SANAYİ VE TİCARET LİMİTED ŞİRKETİ- AVCILAR MAH./SARIÇAM/ADANA'),
('ADANA','KARATAŞ',NULL,'CUMALİ DOĞRU VE ORTAKLARI ZİRAİ İŞLETMESİ-TABAKLAR
 MAH./KARATAŞ/ADANA'),
('ADIYAMAN','Merkez',NULL,'HBG İNŞAAT MÜTEAHHİTLİK TARIM ÜRÜNLERİ TURİZM GIDA HAYVANCILIK SANAYİ VE TİCARET
 LİMİTED ŞİRKETİ- Hasankendi'),
('ADIYAMAN','Kahta',NULL,'FEHMİ TURANLI- Ortanca'),
('ADIYAMAN','Kahta',NULL,'EROLLAR GIDA İNŞAAT MAKİNE TURİZM TEKSTİL OTOMOTİV ELEKTRONİK PETROL TARIM HAYVANCILIK SANAYİ VE
 TİCARET LİMİTED ŞİRKETİ- Menzil'),
('AKSARAY','MERKEZ',NULL,'TARFAŞ TARIMSAL FAALİYETLER ÜRETİM SAN.VE TİC. A.Ş. -
 Taşpınar Kasabası / Merkez / AKSARAY'),
('AKSARAY','MERKEZ',NULL,'TARFAŞ TARIMSAL FAALİYETLER ÜRETİM SAN.VE TİC. A.Ş. -
 Taşpınar Kasabası / Merkez / AKSARAY'),
('AKSARAY','MERKEZ',NULL,'TARFAŞ TARIMSAL FAALİYETLER ÜRETİM SAN.VE TİC. A.Ş. -
 Taşpınar Kasabası / Merkez / AKSARAY'),
('AKSARAY','MERKEZ',NULL,'HASAN HÜSEYİN KOÇAK - Kazıcıktol Köyü / Merkez / AKSARAY'),
('AKSARAY','MERKEZ',NULL,'EMİN KOÇAK - Kazıcıktol Köyü / Merkez / AKSARAY'),
('AKSARAY','MERKEZ',NULL,'HİDAYET KOÇAK - Kazıcıktol Köyü / Merkez / AKSARAY'),
('AKSARAY','MERKEZ',NULL,'YAPILCANLAR TOHUMCULUK HAYVANCILIK SAN. TİC. LTD.ŞTİ.
 - Kutlu Köyü / Merkez / AKSARAY'),
('AKSARAY','MERKEZ',NULL,'SEVA SÜT HAYVANCILIK SANAYİ VE TİCARET LİMİTED ŞİRKETİ
 - Yapılcan Köyü / Merkez / AKSARAY'),
('AKSARAY','MERKEZ',NULL,'RAMAZAN KOÇAK - Kazıcıktol Köyü / Merkez / AKSARAY'),
('AKSARAY','SULTANHANI',NULL,'SMN ORGANİK GÜBRE TARIM HAYVANCILIK İNŞAAT TURİZM
 SANAYİ TİCARET LİMİTED ŞİRKETİ - Türkistan Mah. Sultanhanı
 / AKSARAY'),
('AKSARAY','SULTANHANI',NULL,'SONER SARI - Türkistan Mah. Sultanhanı / AKSARAY'),
('AKSARAY','SULTANHANI',NULL,'HASAN TEKE - Cumhuriyet Mah. Sultanhanı / AKSARAY'),
('AFYONKARAHİSAR','ÇAY',NULL,'AFYON YEM SANAYİİ ANONİM ŞİRKETİ'),
('AMASYA','MERKEZ',NULL,'ASBİR HAYVANCILIK -MEŞELİÇİFTLİĞİ KÖYÜ'),
('ANKARA','Kahramankazan',NULL,'Ayan Hayvancılık ve Tarım A.Ş. - Alpagut Mh.'),
('ANKARA','Bala',NULL,'Bala Tarım Hayvancılık San. Tic. A.Ş. - Büyükboyalık Mh'),
('ANKARA','Bala',NULL,'Demirciler Grup Tarım, Hayvancılık Tur. Oto. San. Tic. Ltd. Şti. - Büyükboyalık Mh.'),
('ANKARA','Polatlı',NULL,'Has Başak Et Gıda İnş. Nak. Tar. Hay. Süt Sığırcılığı San. Tic. İth. İhr. Ltd. Şti. - Şeyhali Mh. No:79'),
('ANKARA','Ayaş',NULL,'Atasoy Petrol Tarım Ürünleri Sanayi ve Tic. Ltd. Şti. - Sinanlı/Cuma Mh.'),
('ANKARA','Bala',NULL,'Lokman Hekim Engürüsağ Sağlık Tur. Eğt. Hiz. Ve İnş. Taah. A.Ş.- Kerişli Mh.'),
('ANTALYA','DÖŞEMEALTI',NULL,'GALERİ KRİSTAL TURİZM İNŞAAT PAZ.VE TİC.A.Ş.'),
('ANTALYA','KORKUTELİ',NULL,'GÜLEL HAYVANCILIK TAR. GIDA SAN.VE TİC.A. Ş.'),
('ANTALYA','KORKUTELİ',NULL,'UBS HAYVANCILIK TARIM GIDA SAN. TİC. LTD.ŞTİ.'),
('AYDIN','Germencik',NULL,'Efeler Çiftliği Tarım ve Hayvancılık A.Ş., Turanlar Mah.'),
('AYDIN','Efeler',NULL,'Tozkoparan Tar. ve Hay. Gıda İnş. Ve Tur. San. Tic. Ltd.Şti'),
('AYDIN','İncirliova',NULL,'Trion Tarımsal Faaliyetler A.Ş., Sınırteke Mah. Abalıoğlu Şafak
 Sok. No:3'),
('AYDIN','İncirliova',NULL,'Mustafa KİRİŞ, Sınırteke Mah. Söktaş Cd. No:2'),
('BALIKESİR','Altıeylül',NULL,'Has Çetin Hayvancılık Gıda Tarım Nakliyat İthalat ve ihracat Tic. Ltd.Şti.'),
('BALIKESİR','Altıeylül',NULL,'Treenuts Gıda San. ve Tic. Ltd.Şti.'),
('BALIKESİR','Bandırma',NULL,'Mesa Süt Yem Gıda Tarım Hayvancılık Nakliye San. ve Tic. Ltd. Şti.'),
('BALIKESİR','Bandırma',NULL,'Şahdem Süt Entegre Hayvancılık İnşaat Turizm Gıda Yem Süt Üretim Pazarlama İthalat İhracat San.ve Tic. Ltd. Şti.'),
('BALIKESİR','Burhaniye',NULL,'Yaprak Süt ve Besi Çiftlikleri San.ve Tic. A.Ş.'),
('BALIKESİR','Gönen',NULL,'Günaydın Tarım ve Hayvancılık Gıda San. ve Tic. A.Ş.'),
('BALIKESİR','Gönen',NULL,'Günaydın Tarım ve Hayvancılık Gıda San. ve Tic. A.Ş.'),
('BALIKESİR','Karesi',NULL,'Okyanus Hayvancılık İnş. Tem. Gıda Tursan Tic. A.Ş.'),
('BALIKESİR','Karesi',NULL,'Bilcanlı Yem San. ve Tic. Ltd. Şti.'),
('BALIKESİR','Bandırma',NULL,'Sütcan Hayvancılık ve Süt Endüstrisi San. ve Tic A.Ş. Çakıl
 Mahallesi Bandırma/BALIKESİR'),
('BALIKESİR','Alacaoluk',NULL,'Toksöz Tarım ve Hayvancılık Sanayi Ticaret A.Ş.'),
('BALIKESİR','Burhaniye',NULL,'Mast Mustafa Alpaslan Gıda Tarım Nakl. Teks. İnş. San. ve Tic. İth. İhr. A.Ş.'),
('BİNGÖL','MERKEZ',NULL,'SÜTAŞ SÜT ÜRÜNLERİ ANONİM ŞİRKETİ- ÇELTİKSUYU KÖYÜ'),
('BURSA','KARACABEY',NULL,'TARFAŞ TARIMSAL FAALİYETLER ÜRETİM SAN. VE TİC. A.Ş.'),
('BURSA','KARACABEY',NULL,'TARFAŞ TARIMSAL FAALİYETLER ÜRETİM SAN. VE TİC. A.Ş.'),
('BURSA','KARACABEY',NULL,'TARFAŞ TARIMSAL FAALİYETLER ÜRETİM SAN. VE TİC. A.Ş.'),
('BURSA','KARACABEY',NULL,'TARFAŞ TARIMSAL FAALİYETLER ÜRETİM SAN. VE TİC. A.Ş.'),
('BURSA','KARACABEY',NULL,'SEVKAR HAYVANCILIK TARIM İNŞAAT SANAYİ VE TİCARET ANONİM ŞİRKETİ'),
('BURSA','KARACABEY',NULL,'SEVKAR HAYVANCILIK TARIM İNŞAAT SANAYİ VE TİCARET
 ANONİM ŞİRKETİ'),
('BURSA','KARACABEY',NULL,'FEYZ SÜT GIDA SANAYİ VE TİCARET ANONİM ŞİRKETİ'),
('BURSA','KARACABEY',NULL,'FEYZ SÜT GIDA SANAYİ VE TİCARET ANONİM ŞİRKETİ'),
('BURSA','KARACABEY',NULL,'FEYZ HAYVANCILIK TARIM GIDA SAN.VE TİC.A.Ş.'),
('BURSA','KARACABEY',NULL,'ZİT YAPI SANAYİ VE TİCARET ANONİM ŞİRKETİ'),
('BURSA','KARACABEY',NULL,'ALACA HAYVANCILIK VE TARIM SAN.TİC.A.Ş.'),
('BURSA','KARACABEY',NULL,'MARDER NAKLİYAT TEMİZLİK İNŞAAT TARIM HAYVANCILIK SANAYİ VE TİCARET ANONİM ŞİRKETİ'),
('BURSA','KARACABEY',NULL,'ERMA SÜT HAYVANCILIK GIDA SANAYİ VE TİCARET LİMİTED ŞİRKETİ'),
('BURSA','YENİŞEHİR',NULL,'İTİMAT PEYNİRCİLİK SÜT VE SÜT ÜRÜNLERİ İMALAT PAZARLAMA SANAYİ TİCARET ANONİM ŞİRKETİ'),
('BURSA','YENİŞEHİR',NULL,'İTİMAT PEYNİRCİLİK SÜT VE SÜT ÜRÜNLERİ İMALAT PAZARLAMA SANAYİ TİCARET ANONİM ŞİRKETİ'),
('BURSA','YENİŞEHİR',NULL,'GES GIDA ÜRÜNLERİ SANAYİ VE TİCARETA.Ş.'),
('BURSA','YENİŞEHİR',NULL,'ORHAN TARIM GIDA VEHAYVANCILIK SANAYİ VE TİC. A.Ş.'),
('BURSA','ORHANGAZİ',NULL,'BG ORGANİK ÜRÜNLER ANONİM ŞİRKETİ'),
('BURSA','MUSTAFAKEMALPAŞA',NULL,'AYKAR ÇİFTLİK HAYVANCILIK TARIM İÇECEK GIDA SANAYİ VE TİCARET LİMİTED ŞİRKET'),
('BURSA','MUSTAFAKEMALPAŞA',NULL,'ERKAN PELİK/ Tepecik Mahallesi'),
('BURSA','KARACABEY',NULL,'Ace Hayvancılık ve Tarım Ticaret Sanayi Ltd. Şti
 /Bakırköy Mahallesi'),
('BURSA','İNEGÖL',NULL,'Ömer Matlı Akademi
 Hayvancılık Sanayi ve Ticaret A.Ş.'''),
('ÇANAKKALE','Ezine',NULL,'Uluova Süt Tic. A.Ş.-Üvecik Köyü'),
('ÇANAKKALE','Ezine',NULL,'Uluova Süt Tic. A.Ş.-Üvecik Köyü'),
('ÇANAKKALE','Gökçeada',NULL,'Elta Elek. Taah. İnş. Tic. Ltd.-Merkez'),
('ÇANAKKALE','Biga',NULL,'Tokuç Organik Tarım ve Hayv. San.Tic. A.Ş.-Gümüşçay Köyü'),
('ÇANKIRI','ILGAZ',NULL,'MERAL KUBUŞ'),
('ÇANKIRI','ÇERKEŞ',NULL,'FİLİZ GRUP TARIM VE HAYVANCILIK GIDA TİCARET SANAYİ ANONİM ŞİRKETİ'),
('ÇORUM','Merkez',NULL,'Beyhan Et ve Süt Ürünleri İnş.Gıda Turizm San.ve TİC.LTD.ŞTİ/ Budakören köyü'),
('DENİZLİ','PAMUKKALE',NULL,'ARAT PETROL ÜRÜNLERİVE TAŞIMACILIK TİC. LTD. ŞTİ. -
 KORUCUK/PAMUKKALE/DENİZLİ'),
('DENİZLİ','PAMUKKALE',NULL,'ARAT PETROL ÜRÜNLERİVE TAŞIMACILIK TİC. LTD. ŞTİ. -
 KORUCUK/PAMUKKALE/DENİZLİ'),
('DENİZLİ','ACIPAYAM',NULL,'ATA SANCAK ACIPAYAM TARIM İŞLETMESİ SAN.VE TİC. A.Ş. -
 UCARI KÖYÜ ACIPAYAM/DENİZLİ'),
('DENİZLİ','HONAZ',NULL,'ŞAHİNLER DENİZLİ HAYVANCILIK İNŞAAT SANAYİ VE TİCARET ANONİM ŞİRKETİ - EMİRAZİZLİ SK. EMİRAZİZLİ MAH. NO:143
 HONAZ/DENİZLİ'),
('ERZURUM','AŞKALE',NULL,'NAİL CİNİSLİ TARIM HAYVANCILIK GIDA SANAYİ VE TİCARET ANONİM ŞİRKETİ'),
('ESKİŞEHİR','ALPU',NULL,'ERSAN GRUP HAYVANCILIK A.Ş'),
('ESKİŞEHİR','TEPEBAŞI',NULL,'KARAÖZFARM GIDA ANONİM ŞİRKETİ'),
('GAZİANTEP','Oğuzeli',NULL,'Lidersan sağlık ve Gıda Ürünleri A.Ş.'),
('GAZİANTEP','Şahinbey',NULL,'Arifoğlu Yapı San. Tic. Ltd. Şti'),
('İZMİR','Foça',NULL,'Taze Süt ve Süt Ürünleri Sanayi ve Tic. A.Ş. - Ilıpınar Mh.'),
('İZMİR','Menderes',NULL,'Cactus Farms Hay. Ve Tur. İşl. Tic. San. A.Ş. - Çakaltepe Mh.'),
('İZMİR','Torbalı',NULL,'Cansuyu Hayvancılık Tar. İth. İhr. San. ve Tic. A.Ş.- Çaybaşı
 Mh.'),
('İZMİR','Bergama',NULL,'Süt Kardeşler Süt ve Süt Ür. Tar. Hay. Gıda Nak. İth. İhr. San. ve Tic. A.Ş.- Sağancı Mh.'),
('İZMİR','Tire',NULL,'Titar Hay. Tar. Gıda İth. İhr. San. ve Tic. Ltd. Şti.- Yeni oba Mh.'),
('İZMİR','Tire',NULL,'Defne Tarım Hay. Gıda Ür. Ve Tic. A.Ş.- Akkoyunlu Mh.'),
('İZMİR','Torbalı',NULL,'NSE Gıda Tar. Hay. Tem. Hiz. Ve Dan. San. ve Tic. Ltd. Şti. -
 Kabakulak mevki'),
('İZMİR','Torbalı',NULL,'By Toprak İnş. Tar. Hay. Gıda San. ve Tic. A.Ş.-Çaybaşı Mh.'),
('İZMİR','Torbalı',NULL,'Daydan Tarım ve Gıda Ür. Paz. San. ve Tic. Ltd. Şti.Tulum Mh.'),
('İZMİR','Torbalı',NULL,'Yaşam Organik Süt Canlı Hayvan ve Hay. Ür. Gıda Tar. Tur.
 San. ve Tic. Ltd. Şti.'),
('İZMİR','Torbalı',NULL,'Recep Alper ERKİN- Atalan Mh.'),
('İZMİR','Kemalpaşa',NULL,'Agrotek Ticaret ve Pazarlama-Çiğdem Yüngül-Ömer Yüngül
 Adi Ortaklığı-Halilbeyli Mh.'),
('İZMİR','Menemen',NULL,'Yonca Hayvancılık Yem Tar. Ür. San. ve Tic. Ltd. Şti.'),
('İZMİR','Foça',NULL,'DVD Tar. Hay. Ve Gıda San. ve Tic. Ltd. Şti. - Ilıpınar Mh.'),
('İZMİR','Kiraz',NULL,'Ki-Baş Mak. Gıda İnş. Tar. Hay. San. ve Tic. Ltd. Şti.-Ceritler Mh.'),
('İZMİR','Tire',NULL,'Gürtepe Tarım ve Hay. A.Ş.'),
('İZMİR','Ödemiş',NULL,'Ayhan ÖZEN-Ovakent Mh.'),
('İZMİR','Menemen',NULL,'Ata-Fen Veteriner Malz. Hay. Paz. San. ve Tic. A.Ş.-Çaltı Mh.'),
('İZMİR','Tire',NULL,'Er Yem Gıda Tar. Ür. San. ve Tic. A.Ş.'),
('İZMİR','Menderes',NULL,'Omega Süt Tarım Hayvancılık Gıda İth. İhr. San. Ve Tic. A.Ş.'),
('KARAMAN','MERKEZ',NULL,'DURU ÇİFTLİK ORGANİK TARIM ÜR. SAN. TİC. LTD. ŞTİ AĞILÖNÜ KÖYÜ MERKEZ KARAMAN'),
('KARAMAN','MERKEZ',NULL,'CEHASE HİDROLİK SANAYİ ANONİM ŞİRKETİ PİRİ REİS
 MAHALLESİ MERKEZ KARAMAN'),
('KARAMAN','MERKEZ',NULL,'OĞUZ DANIŞMANLIK TAR. HAY.İNŞ. SAN. VE TİC LTD ŞTİ.'),
('KARAMAN','MERKEZ',NULL,'OSMAN SELAHATTİN OĞUZ'),
('KONYA','CİHANBEYLİ',NULL,'KALEOĞULLARI PETROL HAYV. TARIM İNŞ.TURZ.TİC.LTD.ŞTİ. /
 GÜNYÜZÜ MAHALLESİ'),
('KONYA','CİHANBEYLİ',NULL,'ÖZ-ELDE TARIM HAYVANCILIK OTOMOTİV İNŞAAT TAAHHÜT İNŞAAT MALZEMELERİ TİC. VE SAN. LTD.ŞTİ./DAMLAKUYU MAH.'),
('KONYA','ÇUMRA',NULL,'PAN-GEV TARIM HAYVANCILIK SANAYİ VE TİCARET ANONİM
 ŞİRKETİ / ERENTEPE MAHALLESİ'),
('KONYA','ÇUMRA',NULL,'DURMAZLAR ENERJİ HAYVANCILIK TARIM GIDA İNŞ.SAN.TİC.LTD.ŞTİ. / OKÇU MAHALLESİ'),
('KONYA','ÇUMRA',NULL,'SOFU ENEJİ TARIM GIDA VE SANAYİ TİCARET LİMİTED ŞİRKETİ
 / TÜRKMENCAMİLİ MAHALLESİ'),
('KONYA','ÇUMRA',NULL,'KEREM HAZAL ET VE SÜT ÜRÜNLERİ MAKİNA İMALAT
 SAN.TİC.LTD.ŞTİ./OKÇU MAHALLESİ'),
('KONYA','EREĞLİ',NULL,'KUZUCU SÜT MAMÜLLERİ NAKLİYAT VE GIDA SANAYİ VE
 TİCARET ANONİM ŞİRKETİ / TATLIKUYU MAHALLESİ'),
('KONYA','EREĞLİ',NULL,'TEK YÖN HAYVANCILIK GIDA
 TAR.İNŞ.SAN.TİC.LTD.ŞTİ./ZENGEN MAH.'),
('KONYA','EREĞLİ',NULL,'VİSEM TARIM HAYVANCILIK VE GIDA SAN.TİC.LDT.ŞTİ.
 /BAHÇELİ MAH.'),
('KONYA','EREĞLİ',NULL,'BİLİM HAYVANCILIK TARIM GIDA SAN. TİC. LTD.ŞTİ./GAYBİ
 MAH.EREĞLİ'),
('KONYA','GÜNEYSINIR',NULL,'BARBAROS KARAKUŞ / GÜNEYBAĞ MAHALLESİ'),
('KONYA','KARAPINAR',NULL,'NAZIM YÜKSELER /MERKEZ FEVZİPAŞA MAH.'),
('KONYA','KARAPINAR',NULL,'KARABACAKLAR İNŞ.TAAH.MÜTA.MÜH.İMALAT
 İNŞ.SAN.TİC.LTD.ŞTİ./GAZİOSMANPAŞA MAH.'),
('KONYA','KARAPINAR',NULL,'SEFA YONCA TARIM ÜRÜNLERİ VE TİC.LTD.ŞTİ.'),
('KONYA','KARAPINAR',NULL,'OKUMUŞ PETROL TARIM ÜRÜN.HAYV.TİC.SAN.LTD.ŞTİ./
 AKYAYLA-KARAPINAR'),
('KONYA','KARAPINAR',NULL,'ALİOĞULLARI TARIM HAYVANCILIK VE PETROL
 TİC.SAN.LTD.ŞTİ./SANDIKLI MAH.1173 ADA 24 PARSEL.'),
('KONYA','KARATAY',NULL,'BAYNUR TARIM HAYVANCILIK NAKLİYE GIDA SANAYİ VE
 TİCARET LİMİTED ŞİRKETİ / OBRUK MAHALLESİ'),
('KONYA','KARATAY',NULL,'EL HAK TARIM HAYVANCILIK İNŞ.SAN.TİC.LTD.ŞTİ./ZİNCİRLİ
 KARATAY'),
('KONYA','ILGIN',NULL,'OLUKPINAR TARIM VE HAYVANCILIK
 İNŞ.SAN.TİC.LTD.ŞTİ/OLUKINAR MAH.'),
('KONYA','ILGIN',NULL,'ILGIN HAYVANCILIK SAN.TİC.LTD.ŞTİ. /BULCUK MAH.121846
 SK.NO.52'),
('KONYA','ILGIN',NULL,'ALİ KOÇ'),
('KONYA','MERAM',NULL,'YENİBAHÇE TARIM VE HAYVANCILIK
 SAN.TİC.LTD.ŞTİ./YENİBAHÇE MAH.17192SK.NO:7'),
('KONYA','KARAPINAR',NULL,'VESTA HAYVANCILIK SÜT VE ET ÜRÜN. TARIM ENERJİ SAN.
 TİC. A.Ş'),
('KONYA','EREĞLİ',NULL,'İBRAHİM SERİN'),
('KAHRAMANMARAŞ','DULKADİROĞLU',NULL,'ZELİHA OKUDUCU'),
('KAHRAMANMARAŞ','DULKADİROĞLU',NULL,'HÜNKAR KUYUMCULUK HAYVANCILIK İTHALAT VE İHRACAT
 SANAYİ VE TİCARET LTD.ŞTİ.'),
('KAHRAMANMARAŞ','ELBİSTAN',NULL,'YÜCELER ÇELİK TEKNİK HIRDAVAT OTOMOTİV TAŞIMACILIK İNŞAAT TİCARET VE SANAYİ LİMİTED ŞİRKETİ'),
('KAHRAMANMARAŞ','ELBİSTAN',NULL,'AYŞE ARSLAN'),
('KAHRAMANMARAŞ','ELBİSTAN',NULL,'GÜNEŞ SÜT TARIM ÜRÜNLERİ HAYVANCILIK İNŞAAT GIDA EMLAK SANAYİ VE TİCARET LİMİTED ŞİRKETİ'),
('KAHRAMANMARAŞ','ONİKİŞUBAT',NULL,'ILICA ALIŞVERİŞ MERKEZİ PAZARLAMA PETROLTURİZİM
 İNŞAAT HAYVANCILIK TİCARET VE SANAYİ LTD.ŞTİ'),
('KAHRAMANMARAŞ','ONİKİŞUBAT',NULL,'GÜRDAL YEM ENERJİ TARIM GIDA HAYVANCILIK SANAYİ VE TİCARET A.Ş.'),
('KAHRAMANMARAŞ','ONİKİŞUBAT',NULL,'TÜRKMENSU SONDAJ TORNA TARIM TAŞIMACILIK HAYVANCILIK SANAYİ VE TİCARET LİMİTED ŞİRKETİ'),
('KAHRAMANMARAŞ','ONİKİŞUBAT',NULL,'AKALP SÜT VE SÜT ÜRÜNLERİ TARIM HAYVANCILIK GIDA
 SANAYİ VE TİCARET LİMİTED ŞİRKETİ'),
('KAHRAMANMARAŞ','TÜRKOĞLU',NULL,'BALSUYU TARIM GIDA HAYVANCILIK VE AKARYAKIT
 İŞLETMELERİ SANAYİ TİCARET ANONİM ŞİRKETİ'),
('KAHRAMANMARAŞ','TÜRKOĞLU',NULL,'ADEM KÖSE'),
('KASTAMONU','DEVREKANİ',NULL,'GÖKKALE TAR.GIDA HAY.EN.SAN. VE TİC.LTD.ŞTİ/BOZKOCA'),
('KASTAMONU','DEVREKANİ',NULL,'SANFA HAY.TAR.TİC.A.Ş./BÜĞDÜZ SOK.MÜTEVELLİ MAH.'),
('KASTAMONU','TAŞKÖPRÜ',NULL,'ELEKDAĞ TAR.HAY.OR.ÜR.İNŞ.TUR.SAN. VE TİC.A.Ş./İNCESU'),
('KAYSERİ','İNCESU',NULL,'PAN DOĞA SANAYİ VE TİCARET ANONİM ŞİRKETİ'),
('KIRKLARELİ','LÜLEBURGAZ',NULL,'ERGİN TARIM HAYVANCILIK SAN. VE TİC. A.Ş.'),
('KIRKLARELİ','LÜLEBURGAZ',NULL,'KAYADİBİ HAYVANCILIK VE TARIM SAN. TİC. A.Ş.'),
('KIRKLARELİ','MERKEZ',NULL,'RADİAL İNŞAAT TURİZM İŞLETME SANAYİ VE TİCARET
 ANONİM ŞİRKETİ'),
('KIRKLARELİ','LÜLEBURGAZ',NULL,'TAYF TARIMSAL LİMİTED ŞİRKETİ'),
('KIRKLARELİ','LÜLEBURGAZ',NULL,'DOST ZİRAAT HAYVANCILIK SANAYİ VE TİCARET ANONİM
 ŞİRKETİ'),
('KIRKLARELİ','LÜLEBURGAZ',NULL,'MÜSELLİM TARIM HAYVANCILIK SANAYİ VE TİCARET ANONİM ŞİRKETİ'),
('KIRKLARELİ','MERKEZ',NULL,'AYTAR TARIM VE HAYVANCILIK İŞLETMELERİ A.Ş.'),
('KIRKLARELİ','LÜLEBURGAZ',NULL,'DAMAK SEP SÜT
 HAY.TAR.İNŞ.PLS.ÜR.İML.PAZ.SAN.DIŞ.TİC.LTD.ŞTİ.'),
('KIRKLARELİ','LÜLEBURGAZ',NULL,'SEVEN HAYVANCILIK TARIM ÜRÜN.İNŞ.TEMİZLİK VE
 KURUMSAL DANIŞ.HİZM. VE TİC.LTD.ŞTİ.'),
('KIRKLARELİ','MERKEZ',NULL,'RUMELİ HAYVANCILIK TARIM GIDA VE ENERJİ PAZ.SAN.TİC. A.Ş.'),
('KIRKLARELİ','MERKEZ',NULL,'BOMONTİ HAYVANCILIK TARIM İÇ VE DIŞ SANAYİ TİCARET
 A. Ş.'),
('KIRKLARELİ','MERKEZ',NULL,'DÜNYA HAYVANCILIK TARIM VE GIDA ÜRÜNLERİ PAZARLAMA
 SAN. TİC. A.Ş.'),
('KIRKLARELİ','LÜLEBURGAZ',NULL,'OBEN TARIM VE HAYVANCILIK İŞLETMELERİ SANAYİ VE TİCARET ANONİM ŞİRKETİ'),
('KIRKLARELİ','LÜLEBURGAZ',NULL,'SARIKIZ BESİCİLİK DAMIZ.ÜRET.GID.SANVE TİC.A.Ş.'),
('KIRKLARELİ','MERKEZ',NULL,'EDA ET VE SÜT ÜRÜNLERİ ANONİM ŞİRKETİ'),
('KIRKLARELİ','MERKEZ',NULL,'TARIM KREDİ HAYVANCILIK ANONİM ŞİRKETİ'),
('KIRKLARELİ','MERKEZ',NULL,'TARIM KREDİ HAYVANCILIK ANONİM ŞİRKETİ'),
('KIRKLARELİ','MERKEZ',NULL,'TARIM KREDİ HAYVANCILIK ANONİM ŞİRKETİ'),
('KIRKLARELİ','MERKEZ',NULL,'TARIM KREDİ HAYVANCILIK ANONİM ŞİRKETİ'),
('KIRKLARELİ','LÜLEBURGAZ',NULL,'TRAKYA BÜYÜKBAŞ HAYVANCILIK İTHALAT İHRACAT SANAYİ
 VE TİCARET ANONİM ŞİRKETİ'),
('KIRKLARELİ','LÜLEBURGAZ',NULL,'NÜRETTİN OTU'),
('KIRKLARELİ','LÜLEBURGAZ',NULL,'DELİBALTA TARIM HAYVANCILIK İNŞAAT SANAYİ DIŞ TECARET
 LİMİTED ŞİRKMETİ'),
('KIRKLARELİ','LÜLEBURGAZ',NULL,'BURCU TARIM VE HAYVANCILIK İŞLETMELERİ SANAYİ VE TİCARET ANONİM ŞİRKETİ'),
('KIRKLARELİ','LÜLEBURGAZ',NULL,'ÖRNEK ÇİFTLİK TARIM TİCARET LİMİTED ŞİRKETİ'),
('KIRKLARELİ','LÜLEBURGAZ',NULL,'MARATON TARIM MAKİNA OTOMASYON LİMİTED ŞİRKETİ'),
('KIRKLARELİ','LÜLEBURGAZ',NULL,'TOPLUSOY GIDA TARIM VE HAYVANCILIK SANAYİ TİCARET A.Ş'),
('KIRKLARELİ','MERKEZ(Bayramdere)',NULL,'TARIM KREDİ HAYVANCILIK A.Ş'),
('KIRKLARELİ','MERKEZ (Üsküpdere)',NULL,'TARIM KREDİ HAYVANCILIK A.Ş'),
('KIRKLARELİ','MERKEZ (Kızılcıkdere)',NULL,'TARIM KREDİ HAYVANCILIK A.Ş'),
('KIRKLARELİ','LÜLEBURGAZ',NULL,'HAKİM BEY TARIM VE HAYVANCILIK SAN. TİC. A.Ş.'),
('KIRKLARELİ','LÜLEBURGAZ',NULL,'TARIM KREDİ HAYVANCILIK A.Ş.'),
('KIRŞEHİR','MERKEZ',NULL,'TEK YÖN HAYV.GIDA.TAR.İNŞ.SAN. VE TİC.LTD.ŞTİ'),
('KOCAELİ','İZMİT',NULL,'AKMEŞE CUMHURİYET MAHALLESİ ÇİFTLİKLER YOLU SOKAK
 NO:101'),
('KÜTAHYA','Merkez',NULL,'İLHANLAR GIDA HAYV.VET.HİZ.VE İLAÇ.NAK.HİZ.S.TİC.
 LTD.ŞTİ-Sobran Köyü'),
('KÜTAHYA','Merkez',NULL,'FAZIL AHMET HAKSÖYLER-Anasultan Köyü'),
('KÜTAHYA','Tavşanlı',NULL,'YILMAZLAR MADENCİLİK SAN VE TİC. LTD.ŞTİ. / Derbent Köyü'),
('KÜTAHYA','Altıntaş',NULL,'İSA ARSLAN-Yalnızsaray Köyü'),
('KÜTAHYA','Altıntaş',NULL,'SAMET EMREM-Yolçatı Köyü'),
('MALATYA','AKÇADAĞ',NULL,'BCM Tarım ve Hayvancılık Ürünleri İnşaat Gıda
 Turizm San. ve Tic. A. Ş. Adres: Dedeköy Mahallesi No: 107
 Dedeköy-Akçadağ-MALATYA'),
('MANİSA','AKHİSAR',NULL,'ÜRETİCİ GIDA TARIM HAYVANCILIK SÜT ÜRÜNLERİ İŞLETMELERİ SANAYİ VE TİCARET LİMİTED ŞİRKETİ'),
('MANİSA','ŞEHZADELER',NULL,'ÇAMLI YEM BESİCİLİK SANAYİ VE TİCARET ANONİM ŞİRKETİ'),
('MANİSA','KULA',NULL,'DOĞAL HAYVANCILIK TARIM ALIŞ VERİŞ MERKEZİ İNŞAAT NAKLİYE
 TURİZM TEMİZLİK SANAYİ VE TİCARET ANONİM ŞİRKETİ'),
('MANİSA','SALİHLİ',NULL,'ÖZLEM TARIM ÜRÜNLERİA.Ş'),
('MANİSA','YUNUSEMRE',NULL,'"Hasan Türek Çiftliği Hayvancılık ve Tarım Ürünleri Gıda Üretim İç ve Dış Ticaret Anonim Şirketi'),
('MUĞLA','Milas',NULL,'KILIÇ TARIM HAYVANCILIK GID.SAN.İTH.İHR.VE TİC AŞ'),
('MUĞLA','Milas',NULL,'AYTAŞ HAYVANCILIK VETERİNERLİK TARIM ÜRÜNLERİ GIDA
 İMALATI NAKLİYAT İNŞAAT TAAHHÜT İTHALAT İHRACAT TURİZM SANAYİ VE TİCARET LİMİTED ŞİRKETİ'),
('NEVŞEHİR','Merkez',NULL,'Kemkar LTD. ŞTİ / Güvercinlik Köyü Merkez Nevşehir'),
('NİĞDE','MERKEZ',NULL,'Tuğrul Ziraat Sanayi Ticaret Limited Şirketi /Aşağı Mah Sazlıca
 Kasabası Merkez Niğde'),
('NİĞDE','BOR',NULL,'Cıngıllı Organik Tarım İşletmeleri Aş. /Kızılca Köyü Bor/NİĞDE'),
('SAMSUN','Çarşamba',NULL,'Samet Süt ve Et Ürünleri Hayvancılık Tarım İthalat İhracat
 Sanayi Ticaret Limited Şirketi Eğercili Mahallesi/Çarşamba'),
('SAMSUN','ATAKUM',NULL,'YUSİF TURİZM HAYVANCILIK ET VE SÜT ÜRÜNLERİ GIDA SANAYİ VE TİCARET ANONİM ŞİRKETİ-KURUGÖKÇE
 MAHALLESİ'),
('SAMSUN','BAFRA',NULL,'ÖMER BAYKUT-DOĞANCA MAHALLESİ');
INSERT INTO sut_ciftlikleri_onayli (il,ilce,isletme_sayisi,adi_ve_adresi) VALUES
('SAMSUN','BAFRA',NULL,'YEŞİL KÜRE ORGANİK ÜRÜNLER TARIM HAYVANCILIK PAZARLAMA SANAYİ TİCARET ANONİM ŞİRKETİ-ELİFLİ MAHALLERİ'),
('SAMSUN','BAFRA',NULL,'SÜRMELİ BİRLİK TARIM VE HAYVANCILIK GIDA SANAYİ DIŞ
 TİCARET ANONİM ŞİRKETİ--SÜRMELİ MAHALLESİ'),
('TEKİRDAĞ','Muratlı',NULL,'AKSA HAYVANCILIK ve TARIM İŞLETMELERİ A.Ş /İnanlı Mahallesi'),
('UŞAK','SİVASLI',NULL,'MURAT ERCAN'),
('UŞAK','ULUBEY',NULL,'KANYON HAYVANCILIK TARIM GIDA OTOMOTİV PETROL
 İNŞAAT SANAYİ TİCARET LİMİTED ŞİRKETİ'),
('UŞAK','MERKEZ/ÜRÜNKÖY',NULL,'AGROPLANET HAYVANCILIK SAN. VE TİC. LTD. ŞTİ.'),
('İZMİR','Kemalpaşa',NULL,'Yeşilköy Keçibeyaz Süt ve Gıda Ür. San. ve Tic. A.Ş.-Yeşilköy
 Mh.'),
('ADANA','SARIÇAM',NULL,'SARIÇAM ALİBABA''NIN ÇİFTLİĞİ SÜT ÜRÜNLERİ CANLI HAYVAN TARIM GIDA SANAYİ VE TİCARET LİMİTED ŞİRKETİ-AVCILAR MAH./SARIÇAM/ADANA'),
('BURSA','Mustafakemalpaşa',NULL,'KOYUN EVİ HAYVANCILIK SANAYİ VE TİCARET ANONİM ŞİRKETİ'),
('BURSA','Mudanya',NULL,'SEÇEN TEKSTİL TARIM HAYVANCILIK ARICILIK VE GIDA ÜRÜNLERİ
 SANAYİ VE TİCARET ANONİM ŞİRKETİ'),
('KAHRAMANMARAŞ','Onikişubat',NULL,'AKALP SÜT VE SÜT ÜRÜNLERİ TARIM HAYVANCILIK GIDA SANAYİ VE
 TİCARET LİMİTED ŞİRKETİ'),
('KAHRAMANMARAŞ','Türkoğlu',NULL,'M.A.E. TARIM HAYVANCILIK GIDA TURİZM PAZARLAMA VE SANAYİ
 VE TİCARET A.Ş.');

INSERT INTO kirmizi_et_uretim_miktari (yil,buyukbas_et_uretimi_ton,buyukbas_hayvan_sayisi_bas,kucukbas_hayvan_sayisi_bas,toplam_hayvan_varligi_bas,kesilen_buyukbas_hayvan_sayisi_bas,buyukbas_kasaplik_guc_orani,buyukbas_karkas_verimi_kg,keci_et_uretimi_ton,koyun_et_uretimi_ton,kucukbas_et_uretimi_ton,koyun_kesilen_bas,keci_kesilen_bas,kesilen_toplam_kucukbas_sayisi_bas,kucukbas_kasaplik_guc_orani,kucukbas_karkas_verimi_kg,toplam_kirmizi_et_uretimi_ton) VALUES
(1986,413412,13253000,57164000,70417000,3538491,26.699547272315705,116.83285332646035,29142,163576,192718,10719836,1852895,12572731,21.99414141767546,15.328252867256923,606130),
(1987,299586,13237000,56853000,70090000,2542174,19.20506156984211,117.84637872938673,26664,140885,167549,9278622,1723549,11002171,19.351962077638824,15.228721676839962,467135),
(1988,289904,13047000,58298000,71345000,2453390,18.80424618686288,118.16466195753631,24209,130806,155015,8726110,1575239,10301349,17.670158496003292,15.048029146473922,444919),
(1989,338240,12602000,55589000,68191000,2920860,23.17774956356134,115.80151051402669,24265,168080,192345,10781390,1578790,12360180,22.234938566982677,15.561666577671199,530585),
(1990,329045,11748000,51530000,63278000,3670000,31.239359891045282,89.65803814713897,22530,143570,166100,9435670,1466930,10902600,21.157772171550555,15.234898097701466,495145),
(1991,309564,12339073,51196538,63535611,2162860,17.528545296717184,143.12715571049443,19570,128626,148196,7926513,1198008,9124521,17.82253518782852,16.241510102283723,457760),
(1992,300652,12303317,49869878,62173195,2064982,16.783945337667884,145.59545797493632,17286,122887,140173,7478617,1047648,8526265,17.097023979084128,16.440141140346917,440825),
(1993,296066,12226000,47674000,59900000,2085350,17.056682479960738,141.97424892703864,16166,112806,128972,6868528,959262,7827790,16.419410999706336,16.476170157860647,425038),
(1994,316654,12206000,45210000,57416000,2249483,18.42932164509258,140.76745634441338,14909,126306,141215,7650160,904550,8554710,18.922163238221632,16.507280784503507,457869),
(1995,292447,12044000,42902000,54946000,1820770,15.11765194287612,160.6172113995727,14124,102115,116239,5493520,842770,6336290,14.769218218264882,18.34496211505471,408686),
(1996,301828,12121000,42023000,54144000,1816000,14.982262189588319,166.20484581497797,12274,98127,110401,5536300,734190,6270490,14.92156676105942,17.606439050217766,412229),
(1997,379542,11379000,38614000,49993000,2382346,20.936338869847965,159.31439010118598,15593,116104,131697,6488056,922322,7410378,19.19091003263065,17.77196790770997,511239),
(1998,359273,11207000,37492000,48699000,2200475,19.634826447755866,163.27065747168226,23429,144703,168132,7899041,1342083,9241124,24.64825562786728,18.1938906998759,527405),
(1999,349681,11219000,38030000,49249000,2006758,17.887137891077636,174.25170349389413,23693,132476,156169,7104853,1309055,8413908,22.12439652905601,18.56081621049339,505850),
(2000,354636,10907000,35693000,46600000,2101583,19.268203905748603,168.74708255633965,21395,111139,132534,6110853,1166169,7277022,20.387812736390888,18.21266996307006,487170),
(2001,500249.81200000003,10899000,33994000,44893000,2868984,26.323369116432698,174.36479673640565,57536.698,225554.95,283091.648,12450811,3135214,15586025,45.84934106018709,18.16317168745719,783341.46),
(2002,501926.287,9924575,31953800,41878375,2824511,28.4597677986211,177.70378199978688,57707.235,219311.259,277018.494,11755374,2977773,14733147,46.10765229800525,18.802398021278144,778944.781),
(2003,494618.924,9901458,32203214,42104672,2713405,27.404095437257826,182.2871720218692,56819.939,204441.472,261261.41100000002,11052075,2889651,13941726,43.29296448484924,18.739531317714896,755880.335),
(2004,493508.624,10173246,31811092,41984338,2627076,25.82338026623951,187.85471908692404,52460.226,190105.374,242565.6,10725580,2837242,13562822,42.635512166636715,17.88459658321845,736074.224),
(2005,496188.987,10631405,31821789,42453194,2583267,24.298453496974297,192.0780883276874,50492.165,190538.809,241030.97400000002,10731398,2801617,13533015,42.52751157390931,17.81058943627861,737219.961),
(2006,518483.725,10971880,32260206,43232086,2644426,24.101849455152628,196.06664168329914,48905.845,187235.596,236141.441,10704436,2748395,13452831,41.70100773690038,17.55328978710875,754625.166),
(2007,553860.001,11121458,31748651,42870109,2736905,24.60922839433463,202.36727288670963,50712.079,191427.898,242139.97699999998,10792554,2755379,13547933,42.67246819400295,17.872835435486728,795999.978),
(2008,585625.969,10946239,29568152,40514391,2818920,25.752406831241302,207.7483465298767,50253.793,192647.03,242900.823,10826034,2706994,13533028,45.768934088271735,17.94874162678153,828526.792),
(2009,612202.555,10811165,26877793,37688958,2846301,26.327421697846624,215.08707441693625,46240.317,188496.339,234736.65600000002,10477951,2487218,12965169,48.23747619456702,18.10517518128765,846939.2110000001),
(2010,650852.391,11454526,29382924,40837450,2951180,25.764313599707222,220.53971326723544,42845.704,186120.915,228966.619,9691041,2244760,11935801,40.621556248112,19.18317999772282,879819.01),
(2011,714432.2559999999,12483969,32309518,44793487,3145505,25.196353819846877,227.12799884279312,44839.534,210170.933,255010.467,10700807,2391246,13092053,40.52073138324131,19.478264180568168,969442.723),
(2012,794061.498,14022347,35782519,49804866,3441927,24.54601216187276,230.7025971207408,53132.748,220358.832,273491.58,10755777,2841307,13597084,37.999236442800466,20.113987675592796,1067553.078),
(2013,803363.5079999999,14532848,38509795,53042643,3478942,23.938473725177612,230.9217882908079,59531.873,236186.057,295717.93,11194725,3273444,14468169,37.57010132097561,20.439208997351358,1099081.4379999998),
(2014,820677.42,14344935,41485180,55830115,3549108,24.741192623040813,231.23483985271793,63710.851,238670.388,302381.239,11991640,3681199,15672839,37.77936843952467,19.293328987811336,1123058.659),
(2015,867398.5449999999,14127837,41924100,56051937,3732059,26.416350924773553,232.41822945457182,69756.534,249863.219,319619.753,12808697,4097340,16906037,40.32534270264597,18.90565796111768,1187018.298),
(2016,961650.276,14222228,41329232,55551460,4021556,28.276554137649885,239.123930140473,75321.964,266675.325,341997.289,13277503,4346611,17624114,42.64321679144679,19.405076987132514,1303647.565),
(2017,1099708.635,16105025,44312308,60417333,4363510,27.094090198556042,252.02386037845682,77793.729,262824.9,340618.629,13244903,4346713,17591616,39.69916439468692,19.362554810200496,1440327.264),
(2018,1287749.144,17220903,46117399,63338302,4877100,28.32081453568376,264.0399302864407,82838.831,291178.532,374017.363,14133170,4392427,18525597,40.17051568758247,20.18922051472889,1661766.5070000002),
(2019,1337319.65,17872331,48481479,66353810,4892212,27.37310538843534,273.3568475773331,87126.301,316169.822,403296.123,14546576,4513264,19059840,39.31365212682559,21.15947054120077,1740615.773),
(2020,1349869.69,18157971,54112626,72270597,4853831,26.731130917655943,278.1039739537697,90443.176,345639.434,436082.61,15801021,4692010,20493031,37.87107097703963,21.27955645019031,1785952.2999999998),
(2021,1471550.425,18036117,57519204,75555321,5186366,28.755446640759757,283.73439610702366,94555.223,385932.671,480487.894,17125163,4907371,22032534,38.304657345397196,21.808108590686842,1952038.3190000001),
(2022,1586333.0338182843,17023791,56265750,73289541,5542774,32.55898759565364,286.1983970153364,115937.75146647848,489354.4422135663,605292.1936800447,21563828,6112179,27676007,49.18801757730058,21.87064751356815,2191625.2274983292),
(2023,1685992.47086598,16583005,52363410,68946415,5881295,35.46579766453667,286.6702776966604,128988.75209010264,569065.7093099158,698054.4614000184,25437813,6753478,32191291,61.47668954332806,21.684574918104975,2384046.9322659983),
(2024,1496824,16986259,54902668,71888927,5137777,30.246665849143124,291.3368953148414,99532,509539,609071,22573686,5117030,27690716,50.43601159783346,21.995494807718227,2105895);

INSERT INTO kirmizi_et_hayvan_sayilari_yillik (yil,sigir,manda,buyukbas_toplam,koyun,keci,kucukbas_toplam,toplam) VALUES
(2010,647067,3785,650852,186121,42846,228967,879819),
(2011,710652,3780,714432,210171,44840,255011,969443),
(2012,790034,4027,794061,220359,53133,273492,1067553),
(2013,798784,4580,803364,236186,59532,295718,1099082),
(2014,815674,5004,820678,238670,63711,302381,1123059),
(2015,862098,5300,867398,249863,69757,319620,1187018),
(2016,956180,5470,961650,266675,75322,341997,1303647),
(2017,1093841,5868,1099709,262825,77794,340619,1440328),
(2018,1281234,6515,1287749,291179,82839,374018,1661767),
(2019,1330169,7150,1337319,316170,87126,403296,1740615),
(2020,1341446,8424,1349870,345639,90443,436082,1785952),
(2021,1460719,10831,1471550,385933,94555,480488,1952038),
(2022,1572747,13586,1586333,489354,115938,605292,2191625),
(2023,1670606,15386,1685992,569066,128989,698055,2384047),
(2024,1483042,13781,1496823,509539,99532,609071,2105894),
(2025,1313007,12909,1325916,468470,90744,559214,1885130);

INSERT INTO kirmizi_et_ekonomik_gostergeler (tarih,karkas_paritesi,besi_yemi_fiyati_tl_kg,dolar_kuru_tl,besilik_dana_fiyati_tl_kg,dana_karkas_maliyet_tl_kg,dana_karkas_fiyati_tl_kg,karlilik,kuzu_karkas_fiyati_tl_kg,besilik_kucukbas_fiyati_tl_kg,dana_karkas_fiyat_maliyet_farki_tl_kg) VALUES
('2018-01-01 00:00:00',24.358490566037734,1.0706,3.78,19,27.068,26.0782,-3.6567164179104563,31.815,22.704800000000002,-0.9898000000000025),
('2018-02-01 00:00:00',24.523364485981308,1.0807,3.78,19,26.866000000000003,26.502399999999998,-1.353383458646636,33.632999999999996,22.704800000000002,-0.36360000000000525),
('2018-03-01 00:00:00',24.285714285714278,1.1312000000000002,3.89,19,26.967,27.471999999999998,1.8726591760299587,36.562000000000005,23.2199,0.504999999999999),
('2018-04-01 00:00:00',23.73949579831933,1.2019,4.06,20,31.613,28.5325,-9.744408945686903,40.4,23.4724,-3.0805000000000007),
('2018-05-01 00:00:00',23.508196721311474,1.2322,4.42,20,31.815,28.9668,-8.95238095238096,40.602000000000004,22.9371,-2.848200000000002),
('2018-06-01 00:00:00',22.571428571428573,1.2726,4.64,20,31.512,28.724400000000003,-8.846153846153838,39.39,22.6644,-2.7875999999999976),
('2018-07-01 00:00:00',22.30708661417323,1.2827,4.76,20,31.916,28.6133,-10.34810126582279,38.38,22.2806,-3.3027000000000015),
('2018-08-01 00:00:00',21.09090909090909,1.3332000000000002,5.74,20,31.714,28.1184,-11.337579617834386,38.481,22.866400000000002,-3.5955999999999975),
('2018-09-01 00:00:00',19.65753424657534,1.4746,6.38,20,32.017,28.987,-9.463722397476355,38.481,22.5432,-3.0300000000000047),
('2018-10-01 00:00:00',19.90714285714286,1.414,5.87,20,29.795,28.1487,-5.52542372881356,38.178,22.0382,-1.6463),
('2018-11-01 00:00:00',20.804511278195488,1.3433000000000002,5.38,20,29.593,27.946700000000003,-5.563139931740603,38.178,21.3716,-1.6462999999999965),
('2018-12-01 00:00:00',20.261194029850742,1.3534000000000002,5.32,20,29.694,27.421499999999998,-7.653061224489798,38.178,21.916999999999998,-2.272500000000001),
('2019-01-01 00:00:00',19.726618705035975,1.4039,5.38,20,30.703999999999997,27.694200000000002,-9.802631578947354,38.986000000000004,21.7251,-3.009799999999995),
('2019-02-01 00:00:00',19.87857142857143,1.414,5.27,21,30.603,28.1083,-8.151815181518158,39.794,22.3917,-2.4947000000000017),
('2019-03-01 00:00:00',20.15714285714286,1.414,5.45,22,30.502,28.5022,-6.556291390728479,39.693,22.755300000000002,-1.9998000000000005),
('2019-04-01 00:00:00',20.290540540540544,1.4948,5.75,23,32.017,30.3303,-5.268138801261834,40.198,22.9876,-1.6867000000000019),
('2019-05-01 00:00:00',19.22151898734177,1.5958,6.06,21,31.815,30.6737,-3.5873015873015905,40.299,23.2098,-1.141300000000001),
('2019-06-01 00:00:00',19.397435897435898,1.5756000000000001,5.82,21,31.916,30.562600000000003,-4.240506329113915,40.299,23.4623,-1.353399999999997),
('2019-07-01 00:00:00',19.37012987012987,1.5554000000000001,5.68,21,30.603,30.1283,-1.551155115511558,40.4,22.6846,-0.4747000000000021),
('2019-08-01 00:00:00',20.066225165562912,1.5251000000000001,5.63,22,30.360599999999998,30.603,0.798403193612786,40.702999999999996,22.4422,0.2424000000000035),
('2019-09-01 00:00:00',20.099999999999998,1.5150000000000001,5.72,21,30.3909,30.4515,0.19940179461615443,41.410000000000004,22.7755,0.060600000000000875),
('2019-10-01 00:00:00',20.482758620689655,1.4645,5.79,22,30.098000000000003,29.997,-0.33557046979866645,41.511,22.139200000000002,-0.10100000000000264),
('2019-11-01 00:00:00',20.832167832167833,1.4443,5.74,22,28.8961,30.087899999999998,4.124432016777341,41.410000000000004,22.3311,1.191799999999997),
('2019-12-01 00:00:00',20.503355704697988,1.5049,5.85,23,29.6738,30.8555,3.98230088495575,41.713,23.0987,1.1816999999999993),
('2020-01-01 00:00:00',20.629870129870127,1.5554000000000001,5.93,22,30.7545,32.0877,4.334975369458122,43.026,23.492600000000003,1.333199999999998),
('2020-02-01 00:00:00',22.045751633986924,1.5453000000000001,6.06,23,31.9665,34.067299999999996,6.571879936808835,45.955,23.634,2.100799999999996),
('2020-03-01 00:00:00',22.194968553459116,1.6059,6.33,25,33.0169,35.6429,7.953502600183536,47.672000000000004,24.1289,2.6259999999999977),
('2020-04-01 00:00:00',21.446428571428577,1.6967999999999999,6.83,26,34.9965,36.3903,3.982683982684,45.753,20.7757,1.393800000000006),
('2020-05-01 00:00:00',21.625730994152043,1.7271,6.96,26,35.592400000000005,37.349799999999995,4.937570942111208,46.359,25.25,1.7573999999999899),
('2020-06-01 00:00:00',22.095808383233535,1.6866999999999999,6.82,27,34.713699999999996,37.269,7.36107070119291,46.965,27.4013,2.5553000000000026),
('2020-07-01 00:00:00',21.11242603550296,1.7068999999999999,6.86,27,35.3399,36.0368,1.9719919977136309,47.672000000000004,28.6941,0.6968999999999994),
('2020-08-01 00:00:00',20.3125,1.7776,7.27,28,36.2085,36.1075,-0.27894002789400024,47.369,27.1387,-0.10099999999999909),
('2020-09-01 00:00:00',19.89204545454545,1.7776,7.52,28,36.5822,35.360099999999996,-3.3406957482054236,46.561,27.4417,-1.2221000000000046),
('2020-10-01 00:00:00',18.634408602150536,1.8786,7.89,28,37.7639,35.0066,-7.301417491307838,47.571000000000005,29.229400000000002,-2.7573000000000008),
('2020-11-01 00:00:00',16.99514563106796,2.0806,8.02,28,39.3799,35.360099999999996,-10.207745575788675,49.288,31.360500000000002,-4.019800000000004),
('2020-12-01 00:00:00',16.745192307692307,2.1008,7.73,28,39.794,35.1783,-11.598984771573596,49.288,31.895799999999998,-4.615699999999997),
('2021-01-01 00:00:00',17.314285714285713,2.121,7.41,25,40.5212,36.7236,-9.37188434695913,52.52,31.926099999999998,-3.7976000000000028),
('2021-02-01 00:00:00',17.962616822429904,2.1614,7.09,26,40.5212,38.8244,-4.18743768693919,54.136,31.9766,-1.6968000000000032),
('2021-03-01 00:00:00',18.15813953488372,2.1715,7.64,26,43.187599999999996,39.4304,-8.699719363891482,54.237,31.6433,-3.7571999999999974),
('2021-04-01 00:00:00',17.737556561085977,2.2321,8.17,26,45.8136,39.592000000000006,-13.580246913580234,55.146,32.7543,-6.221599999999995),
('2021-05-01 00:00:00',17.608510638297876,2.3735,8.36,27,46.904399999999995,41.793800000000005,-10.895779500430645,56.055,30.098000000000003,-5.110599999999991),
('2021-06-01 00:00:00',16.35471698113208,2.6765,8.61,28,46.702400000000004,43.7734,-6.271626297577858,56.055,31.623099999999997,-2.929000000000002),
('2021-07-01 00:00:00',16.224719101123597,2.6967,8.63,27,46.1166,43.7532,-5.12483574244415,55.651,31.138299999999997,-2.3633999999999986),
('2021-08-01 00:00:00',16.79310344827586,2.6361,8.49,27,47.3892,44.268299999999996,-6.5856777493606256,56.156,31.4918,-3.120900000000006),
('2021-09-01 00:00:00',16.2996254681648,2.6967,8.53,28,49.9142,43.955200000000005,-11.938486442735726,55.852999999999994,33.865300000000005,-5.958999999999996),
('2021-10-01 00:00:00',16.436823104693143,2.7977,9.16,29,52.1665,45.9853,-11.848983543078406,56.358,33.7037,-6.181199999999997),
('2021-11-01 00:00:00',15.92233009708738,3.1209,10.54,30,59.3779,49.692,-16.312298009865618,56.762,34.1784,-9.685899999999997),
('2021-12-01 00:00:00',14.874074074074077,4.0905,13.55,33,60.610099999999996,60.842400000000005,0.38326945509083354,68.78099999999999,38.0972,0.23230000000000928),
('2022-01-01 00:00:00',17.635135135135137,3.737,13.54,35,65.07430000000001,65.9025,1.272699053236063,72.114,41.7029,0.8281999999999954),
('2022-02-01 00:00:00',17.843749999999996,3.8784,13.65,36,70.19500000000001,69.20519999999999,-1.4100719424460668,74.235,42.9351,-0.9898000000000167),
('2022-03-01 00:00:00',16.886597938144334,4.898499999999999,14.59,40,73.8411,82.71900000000001,12.022979072630298,88.77900000000001,46.0156,8.877900000000011),
('2022-04-01 00:00:00',17.21764705882353,5.151,14.71,47,81.305,88.6881,9.080745341614904,94.233,51.4393,7.383099999999999),
('2022-05-01 00:00:00',18.216666666666665,5.454000000000001,15.65,52,93.2129,99.3537,6.587929353126014,98.37400000000001,58.9133,6.140799999999999),
('2022-06-01 00:00:00',16.86291739894552,5.7469,17,56,100.6667,96.90950000000001,-3.73231664492826,93.32400000000001,58.2265,-3.7571999999999974),
('2022-07-01 00:00:00',18.4,5.454000000000001,17.42,58,99.788,100.3536,0.5668016194332018,92.011,57.3074,0.5656000000000034),
('2022-08-01 00:00:00',17.47935368043088,5.6257,18.03,57,98.9396,98.3336,-0.6124948958758621,89.789,50.4394,-0.6059999999999945),
('2022-09-01 00:00:00',17.859459459459462,5.6055,18.31,61,99.9193,100.11120000000001,0.19205498837562307,91.00099999999999,49.732400000000005,0.19190000000000396),
('2022-10-01 00:00:00',17.360683760683763,5.9085,18.6,62,105.7975,102.57560000000001,-3.0453460620524972,93.82900000000001,51.812999999999995,-3.221899999999991),
('2022-11-01 00:00:00',17.33613445378151,6.0095,18.62,64,107.9286,104.1815,-3.4718323039490953,97.768,53.5805,-3.747100000000003),
('2022-12-01 00:00:00',19.120954003407153,5.9287,18.67,72,112.6251,113.3624,0.6546498071921716,109.45673000000001,59.4082,0.7372999999999905),
('2023-01-01 00:00:00',21.460547504025765,6.2721,18.79,83,125.498964,134.6027,7.254032790262713,129.55270000000002,70.4273,9.103735999999998),
('2023-02-01 00:00:00',25.553945249597426,6.2721,18.86,92,135.893682,160.2769,17.942863598323868,145.56826999999998,77.72959999999999,24.383218),
('2023-03-01 00:00:00',29.181102362204726,6.4135,19,104,147.00954000000002,187.15300000000002,27.30670404111189,169.37699999999998,83.7997,40.143460000000005),
('2023-04-01 00:00:00',34.29984301412873,6.4337,19.34,106,146.690178,220.6749,50.43604350933435,203.61599999999999,104.1209,73.984722),
('2023-05-01 00:00:00',33.04172876304024,6.7771,19.72,122,168.829176,223.9271,32.63530943253553,198.667,114.3623,55.097924000000006),
('2023-06-01 00:00:00',33.143695014662754,6.8882,23.11,135,175.50487200000003,228.3004,30.082086838022338,191.9,116.2308,52.79552799999996),
('2023-07-01 00:00:00',34.0674486803519,6.8882,26.47,150,188.0115,234.6634,24.813322589309685,196.647,121.3313,46.65189999999998),
('2023-08-01 00:00:00',33.21114369501466,6.8882,27,151,188.54720400000002,228.76500000000001,21.33035926642539,192.001,116.7459,40.21779599999999),
('2023-09-01 00:00:00',35.853115727002965,6.8074,26.99,158,192.534078,244.06650000000002,26.765351118777026,216.14000000000001,125.6036,51.532422000000025),
('2023-10-01 00:00:00',34.82309941520467,6.9084,27.85,171,202.87728600000003,240.5719,18.58000702947099,224.119,135.38039999999998,37.69461399999997),
('2023-11-01 00:00:00',30.236979166666668,7.7568,28.64,171,203.87658000000002,234.5422,15.041266632979614,230.179,134.57240000000002,30.66561999999999),
('2023-12-01 00:00:00',30.797101449275363,8.3628,29.07,183,220.05071999999998,257.55,17.041198501872675,275.326,155.7925,37.49928000000003),
('2024-01-01 00:00:00',29.74719101123595,8.989,30.05,189,234.78258,267.3975,13.89154169785509,285.93100000000004,177.2651,32.614919999999984),
('2024-02-01 00:00:00',32.42303442598089,9.2314,30.76,200,270.09783600000003,299.31,10.815400979369553,360.67100000000005,176.6894,29.212163999999973),
('2024-03-01 00:00:00',35.3965812336157,9.2314,31.99,224,282.285102,326.76,15.75531180529676,400.8,202,44.474897999999996),
('2024-04-01 00:00:00',39.52082231123876,9.2617,32.33,250,309.86355599999996,366.03,18.12618583645249,418.1,212.1,56.16644400000001),
('2024-05-01 00:00:00',34.938133874239355,9.86,32.25,261,307.689834,344.49,11.960150103626754,391.71,196.95,36.80016599999999),
('2024-06-01 00:00:00',33.77203647416413,9.87,32.52,251,306.268158,333.33,8.835995937912669,376.01,189.88,27.061841999999956),
('2024-07-01 00:00:00',32.63034623217923,9.82,32.89,249,304.61983799999996,320.43,5.190128818859148,353.43,176.75,15.810162000000048),
('2024-08-01 00:00:00',33.31975560081466,9.82,33.62,255,288.355,327.2,13.471242045395421,368.01,181.8,38.84499999999997),
('2024-09-01 00:00:00',33.73014256619145,9.82,34.03,300,308.58,331.23,7.340073886836489,382.83,186.85,22.650000000000034),
('2024-10-01 00:00:00',30.466972477064218,10.9,34.23,300,321.47,332.09,3.303574205991211,386.12,200,10.619999999999948),
('2024-11-01 00:00:00',31.86146788990826,10.9,34.43,450,342.5,347.29,1.3985401459854074,432.13,200,4.7900000000000205),
('2024-12-01 00:00:00',31.351327433628317,11.3,34.97,320,344.41826555023925,354.27,2.8603983688326435,439.2,219.97,26.681734449760768),
('2025-01-01 00:00:00',33.55309734513274,11.3,35.52,325,351.56066985645936,379.15,7.847672538229382,448.06,225.8,41.03933014354067),
('2025-02-01 00:00:00',36.45229681978798,11.32,36.4258,325,353.60020334928237,412.64,16.696765468881463,473.58,236.79,59.03979665071762),
('2025-03-01 00:00:00',39.90254609306409,11.39,37.9945,325,354.42376794258377,454.49,28.23349930460275,507.97,250.75,89.07623205741623),
('2025-04-01 00:00:00',36.52809917355372,12.1,38.07,340,371.43134569378,444.11,19.567183854789324,505.23,252.615,72.67865430622004),
('2025-05-01 00:00:00',35.74817813765183,12.35,38.65,350,382.3590789473685,441.49,15.464761871332685,471.57,235.785,59.13092105263149),
('2025-06-01 00:00:00',35.219531249999996,12.8,39.06,360,382.9627033492823,450.81,17.716424094916977,473.11,236.555,67.84729665071768),
('2025-07-01 00:00:00',34.28846153846154,13,40.24,360,383.71844497607657,445.75,16.165903890231515,460.16,230.08,62.03155502392343),
('2025-08-01 00:00:00',33.504411764705885,13.6,40.79,380,422.85,455.66,7.759252690079224,475.55,237.775,32.81),
('2025-09-01 00:00:00',33.60875807609476,13.93,41.5987,400,438.99900717703355,468.17,6.6448881081871765,507.49,253.745,29.17099282296647),
('2025-10-01 00:00:00',33.34386216798277,13.93,41.7263,450,440.75,464.48,5.3840045377198,509.51,254.755,23.730000000000018),
('2025-11-01 00:00:00',39.33690987124463,13.98,42.4483,400,441.64700956937804,501.37,24.517994707176165,520.01,260.005,108.28299043062191),
('2025-12-01 00:00:00',40.65642857142858,14,42.66,400,443.6816985645933,548.74,23.678754786436564,536.26,268.13,125.50830143540674),
('2026-01-01 00:00:00',40.59103641456583,14.28,43.498000000000005,450,485.42834928229667,579.64,19.40794163690579,566.87,283.435,94.21165071770332),
('2026-02-01 00:00:00',40.59103641456583,14.28,43.5271058999999,450,485.42834928229667,579.64,19.40794163690579,566.87,283.435,94.21165071770332);

INSERT INTO kanatli_uretimleri (tarih,tavuk_yumurtasi_bin_adet,tavuk_eti_ton) VALUES
('2010-01-01 00:00:00',965383,98131),
('2010-02-01 00:00:00',907046,92229),
('2010-03-01 00:00:00',960178,112967),
('2010-04-01 00:00:00',936929,124492),
('2010-05-01 00:00:00',945111,129357),
('2010-06-01 00:00:00',926769,129348),
('2010-07-01 00:00:00',962701,135685),
('2010-08-01 00:00:00',993540,135916),
('2010-09-01 00:00:00',1017014,121444),
('2010-10-01 00:00:00',1070401,129785),
('2010-11-01 00:00:00',1064839,104051),
('2010-12-01 00:00:00',1090486,130652),
('2011-01-01 00:00:00',1100827,131197),
('2011-02-01 00:00:00',1048171,114699),
('2011-03-01 00:00:00',1106555,131226),
('2011-04-01 00:00:00',1044659,130219),
('2011-05-01 00:00:00',1044963,147599),
('2011-06-01 00:00:00',1021721,145092),
('2011-07-01 00:00:00',1046113,149612),
('2011-08-01 00:00:00',1074201,135953),
('2011-09-01 00:00:00',1090565,143298),
('2011-10-01 00:00:00',1142914,137768),
('2011-11-01 00:00:00',1102453,107553),
('2011-12-01 00:00:00',1131544,139093),
('2012-01-01 00:00:00',1197043,131220),
('2012-02-01 00:00:00',1152131,124159),
('2012-03-01 00:00:00',1235833,140920),
('2012-04-01 00:00:00',1197651,144387),
('2012-05-01 00:00:00',1194883,161718),
('2012-06-01 00:00:00',1198666,157406),
('2012-07-01 00:00:00',1222905,163812),
('2012-08-01 00:00:00',1258762,148339),
('2012-09-01 00:00:00',1277839,143590),
('2012-10-01 00:00:00',1324309,128063),
('2012-11-01 00:00:00',1299079,132333),
('2012-12-01 00:00:00',1351672,147970),
('2013-01-01 00:00:00',1390977,147906),
('2013-02-01 00:00:00',1284656,127898),
('2013-03-01 00:00:00',1358139,140996),
('2013-04-01 00:00:00',1349251,148470),
('2013-05-01 00:00:00',1356668,161503),
('2013-06-01 00:00:00',1326064,155345),
('2013-07-01 00:00:00',1335298,169158),
('2013-08-01 00:00:00',1396547,151140),
('2013-09-01 00:00:00',1386251,157504),
('2013-10-01 00:00:00',1450697,117284),
('2013-11-01 00:00:00',1418061,133956),
('2013-12-01 00:00:00',1444142,147201),
('2014-01-01 00:00:00',1462302,148988),
('2014-02-01 00:00:00',1397231,135274),
('2014-03-01 00:00:00',1461801,155044),
('2014-04-01 00:00:00',1417080,162927),
('2014-05-01 00:00:00',1394656,169907),
('2014-06-01 00:00:00',1350042,165301),
('2014-07-01 00:00:00',1349863,165074),
('2014-08-01 00:00:00',1433816,169212),
('2014-09-01 00:00:00',1442286,164158),
('2014-10-01 00:00:00',1483036,133839),
('2014-11-01 00:00:00',1442418,155891),
('2014-12-01 00:00:00',1510857,169053),
('2015-01-01 00:00:00',1551379,158585),
('2015-02-01 00:00:00',1425869,150305),
('2015-03-01 00:00:00',1513887,170104),
('2015-04-01 00:00:00',1461825,171794),
('2015-05-01 00:00:00',1367593,169751),
('2015-06-01 00:00:00',1198324,170335),
('2015-07-01 00:00:00',1286892,167883),
('2015-08-01 00:00:00',1294923,155390),
('2015-09-01 00:00:00',1340401,135376),
('2015-10-01 00:00:00',1417880,148402),
('2015-11-01 00:00:00',1408095,152074),
('2015-12-01 00:00:00',1460441,159277),
('2016-01-01 00:00:00',1511736,143232),
('2016-02-01 00:00:00',1452772,146875),
('2016-03-01 00:00:00',1467591,159179),
('2016-04-01 00:00:00',1429381,155210),
('2016-05-01 00:00:00',1415851,173187),
('2016-06-01 00:00:00',1403546,176971),
('2016-07-01 00:00:00',1460252,160209),
('2016-08-01 00:00:00',1560929,175651),
('2016-09-01 00:00:00',1564101,127595),
('2016-10-01 00:00:00',1613611,148756),
('2016-11-01 00:00:00',1577513,148817),
('2016-12-01 00:00:00',1640322,163337),
('2017-01-01 00:00:00',1623754,161699),
('2017-02-01 00:00:00',1517686,154523),
('2017-03-01 00:00:00',1631072,180027),
('2017-04-01 00:00:00',1534035,172746),
('2017-05-01 00:00:00',1569393,192275),
('2017-06-01 00:00:00',1524707,180922),
('2017-07-01 00:00:00',1568213,195941),
('2017-08-01 00:00:00',1615422,193123),
('2017-09-01 00:00:00',1615009,155007),
('2017-10-01 00:00:00',1673224,185891),
('2017-11-01 00:00:00',1666871,178898),
('2017-12-01 00:00:00',1741810,185681),
('2018-01-01 00:00:00',1717863,181481),
('2018-02-01 00:00:00',1574092,166590),
('2018-03-01 00:00:00',1656327,185843),
('2018-04-01 00:00:00',1601168,191567),
('2018-05-01 00:00:00',1602635,200001),
('2018-06-01 00:00:00',1514781,178571),
('2018-07-01 00:00:00',1581425,196614),
('2018-08-01 00:00:00',1664249,161989),
('2018-09-01 00:00:00',1633386,165953),
('2018-10-01 00:00:00',1708964,181952),
('2018-11-01 00:00:00',1669046,174483),
('2018-12-01 00:00:00',1719775,171625),
('2019-01-01 00:00:00',1732440,168908),
('2019-02-01 00:00:00',1615611,158411),
('2019-03-01 00:00:00',1699990,175327),
('2019-04-01 00:00:00',1641777,179039),
('2019-05-01 00:00:00',1622464,193330),
('2019-06-01 00:00:00',1494363,168522),
('2019-07-01 00:00:00',1574166,201538),
('2019-08-01 00:00:00',1641707,163802),
('2019-09-01 00:00:00',1693868,188659),
('2019-10-01 00:00:00',1744469,188557),
('2019-11-01 00:00:00',1688522,168007),
('2019-12-01 00:00:00',1748749,184349),
('2020-01-01 00:00:00',1777526,183713),
('2020-02-01 00:00:00',1673744,172823),
('2020-03-01 00:00:00',1652155,191629),
('2020-04-01 00:00:00',1611399,187459),
('2020-05-01 00:00:00',1661282,183616),
('2020-06-01 00:00:00',1519298,187979),
('2020-07-01 00:00:00',1541760,174329),
('2020-08-01 00:00:00',1590126,156605),
('2020-09-01 00:00:00',1617495,174035),
('2020-10-01 00:00:00',1709625,172439),
('2020-11-01 00:00:00',1693589,169911),
('2020-12-01 00:00:00',1740065,181725),
('2021-01-01 00:00:00',1698251,173290),
('2021-02-01 00:00:00',1552163,158715),
('2021-03-01 00:00:00',1654293,196963),
('2021-04-01 00:00:00',1595785,190172),
('2021-05-01 00:00:00',1574887,179163),
('2021-06-01 00:00:00',1497555,193604),
('2021-07-01 00:00:00',1515794,161923),
('2021-08-01 00:00:00',1602969,192522),
('2021-09-01 00:00:00',1614681,198817),
('2021-10-01 00:00:00',1690094,196590),
('2021-11-01 00:00:00',1626752,197334),
('2021-12-01 00:00:00',1674366,206677),
('2022-01-01 00:00:00',1672232,199454),
('2022-02-01 00:00:00',1555418,180053),
('2022-03-01 00:00:00',1653693,202938),
('2022-04-01 00:00:00',1588134,199200),
('2022-05-01 00:00:00',1590600,199900),
('2022-06-01 00:00:00',1528058,219493),
('2022-07-01 00:00:00',1567430,188613),
('2022-08-01 00:00:00',1684641,215865),
('2022-09-01 00:00:00',1719465,210077),
('2022-10-01 00:00:00',1766165,201203),
('2022-11-01 00:00:00',1736724,200077),
('2022-12-01 00:00:00',1745979,201123),
('2023-01-01 00:00:00',1728561,191514),
('2023-02-01 00:00:00',1615034,175946),
('2023-03-01 00:00:00',1728146,199604),
('2023-04-01 00:00:00',1646946,180196),
('2023-05-01 00:00:00',1645176,209664),
('2023-06-01 00:00:00',1585872,175900),
('2023-07-01 00:00:00',1683177,194912),
('2023-08-01 00:00:00',1759824,203060),
('2023-09-01 00:00:00',1756278,191454),
('2023-10-01 00:00:00',1833559,204065),
('2023-11-01 00:00:00',1799656,202143),
('2023-12-01 00:00:00',1855505,200333),
('2024-01-01 00:00:00',1838422,203064),
('2024-02-01 00:00:00',1733464,201680),
('2024-03-01 00:00:00',1790081,204912),
('2024-04-01 00:00:00',1707799,192386),
('2024-05-01 00:00:00',1764629,216453),
('2024-06-01 00:00:00',1694374,177740),
('2024-07-01 00:00:00',1706493,205656),
('2024-08-01 00:00:00',1808368,214432),
('2024-09-01 00:00:00',1828030,214116),
('2024-10-01 00:00:00',1881358,227675),
('2024-11-01 00:00:00',1710852,216754),
('2024-12-01 00:00:00',1687940,237263),
('2025-01-01 00:00:00',1652615,233223),
('2025-02-01 00:00:00',1547093,218260),
('2025-03-01 00:00:00',1632774,231595),
('2025-04-01 00:00:00',1707799,237567),
('2025-05-01 00:00:00',1526665,241782),
('2025-06-01 00:00:00',1518267,202521),
('2025-07-01 00:00:00',1623487,239876),
('2025-08-01 00:00:00',1679277,229965),
('2025-09-01 00:00:00',1731478,228846),
('2025-10-01 00:00:00',1808918,247392),
('2025-11-01 00:00:00',1771906,233887),
('2025-12-01 00:00:00',NULL,NULL),
('2026-01-01 00:00:00',NULL,NULL),
('2026-02-01 00:00:00',NULL,NULL),
('2026-03-01 00:00:00',NULL,NULL),
('2026-04-01 00:00:00',NULL,NULL);

INSERT INTO kanatli_eti_maliyet_fiyat (tarih,maliyet_tl_kg,uretici_fiyati_tl_kg,yem_fiyati_tl_kg,tuketici_fiyati_tl_kg,karlilik,fiyat_maliyet_farki_tl_kg,yem_paritesi) VALUES
('2015-01-01 00:00:00',4.39552,4.979299999999999,1.21806,6.9791,13.281249999999979,0.5837799999999991,4.0878938640132665),
('2015-02-01 00:00:00',4.45915,5.1308,1.2322,7.2013,15.062287655719132,0.6716499999999996,4.163934426229508),
('2015-03-01 00:00:00',4.53793,5.151,1.2446307692307692,7.181100000000001,13.509904295570877,0.6130699999999996,4.138576779026217),
('2015-04-01 00:00:00',4.5854,5.1813,1.2524000000000002,7.2922,12.995594713656395,0.5959000000000003,4.137096774193548),
('2015-05-01 00:00:00',4.5854,5.322699999999999,1.2647954545454547,7.484100000000001,16.079295154185008,0.7372999999999994,4.208348457350271),
('2015-06-01 00:00:00',4.8136600000000005,4.9187,1.2745423076923077,7.140700000000001,2.1821233738984427,0.1050399999999998,3.859189271563548),
('2015-07-01 00:00:00',4.8136600000000005,5.494400000000001,1.2823741935483877,7.8477,14.141838019303401,0.6807400000000001,4.284552845528454),
('2015-08-01 00:00:00',4.8136600000000005,5.676200000000001,1.2873171428571435,7.878,17.91859001258917,0.8625400000000001,4.409325263393856),
('2015-09-01 00:00:00',4.94193,5.3025,1.2906736842105269,7.575,7.296137339055794,0.36057000000000006,4.1083196046128485),
('2015-10-01 00:00:00',4.94193,5.0803,1.2958534883720936,7.272,2.7999182505620293,0.1383700000000001,3.92042776871488),
('2015-11-01 00:00:00',4.28442,4.7268,1.297312765957447,6.9084,10.325318246110324,0.44238,3.6435315554083147),
('2015-12-01 00:00:00',4.28442,4.7571,1.299986538461539,6.9791,11.032531824611043,0.47268000000000043,3.6593455849394876),
('2016-01-01 00:00:00',4.28442,4.8783,1.3130000000000002,7.5144,13.86138613861387,0.5938800000000004,3.715384615384615),
('2016-02-01 00:00:00',4.28442,4.8379,1.3332000000000002,7.5548,12.918434700612929,0.5534800000000004,3.6287878787878785),
('2016-03-01 00:00:00',4.28442,5.1106,1.3130000000000002,7.7164,19.28335690711928,0.8261799999999999,3.892307692307692),
('2016-04-01 00:00:00',4.2622,5.3934,1.2827,8.0396,26.54028436018957,1.1311999999999998,4.2047244094488185),
('2016-05-01 00:00:00',4.6258,5.858,1.2928,8.2618,26.637554585152834,1.2321999999999997,4.53125),
('2016-06-01 00:00:00',4.6763,5.7671,1.2928,8.4032,23.32613390928725,1.0907999999999998,4.4609375),
('2016-07-01 00:00:00',4.8379,5.6863,1.3837000000000002,8.4436,17.536534446764087,0.8483999999999998,4.10948905109489),
('2016-08-01 00:00:00',4.96213,5.7671,1.3736000000000002,8.1608,16.22226745369428,0.80497,4.198529411764706),
('2016-09-01 00:00:00',5.35906,5.1914,1.3837000000000002,7.533589999999999,-3.128533735393904,-0.1676600000000006,3.751824817518248),
('2016-10-01 00:00:00',4.86315,5.292400000000001,1.3635000000000002,7.391179999999999,8.826583592938745,0.4292500000000006,3.8814814814814813),
('2016-11-01 00:00:00',4.958089999999999,5.534800000000001,1.3736000000000002,7.8982,11.63169688327564,0.5767100000000012,4.029411764705882),
('2016-12-01 00:00:00',5.05404,5.8176,1.4342,8.304219999999999,15.107913669064748,0.76356,4.056338028169014),
('2017-01-01 00:00:00',5.05404,5.7772,1.4948,8.5143,14.308553157474021,0.72316,3.864864864864865),
('2017-02-01 00:00:00',5.36108,5.6964,1.5453000000000001,8.43148,6.254709871891473,0.3353199999999994,3.686274509803921),
('2017-03-01 00:00:00',5.36108,5.8984,1.5049,8.734278,10.022607385079112,0.5373199999999994,3.9194630872483223),
('2017-04-01 00:00:00',5.36108,6.3327,1.5049,9.176759,18.123587038432547,0.9716199999999997,4.208053691275168),
('2017-05-01 00:00:00',5.3934,6.4943,1.5049,9.48592,20.411985018726597,1.1009000000000002,4.315436241610739),
('2017-06-01 00:00:00',5.4368300000000005,6.7367,1.5049,10.04243,23.908601151774093,1.2998699999999994,4.476510067114094),
('2017-07-01 00:00:00',5.4368300000000005,6.9084,1.5049,10.1808,27.066691436002223,1.4715699999999998,4.5906040268456385),
('2017-08-01 00:00:00',5.4368300000000005,6.6659999999999995,1.5150000000000001,9.5748,22.60821103473897,1.229169999999999,4.3999999999999995),
('2017-09-01 00:00:00',5.4368300000000005,5.9691,1.4948,8.817300000000001,9.79007988110718,0.5322699999999996,3.9932432432432434),
('2017-10-01 00:00:00',5.4368300000000005,5.6459,1.4746,8.383000000000001,3.8454393460895346,0.20906999999999965,3.8287671232876717),
('2017-11-01 00:00:00',5.4368300000000005,5.6055,1.5251000000000001,8.4638,3.1023592792123287,0.16866999999999965,3.6754966887417218),
('2017-12-01 00:00:00',5.308,5.43,1.58,8.27,2.2984174830444593,0.12199999999999989,3.4367088607594933),
('2018-01-01 00:00:00',5.308,5.45,1.57,8.26,2.675207234363232,0.14200000000000035,3.4713375796178343),
('2018-02-01 00:00:00',5.65,5.6,1.58,8.45,-0.8849557522124019,-0.05000000000000071,3.5443037974683542),
('2018-03-01 00:00:00',5.79,5.67,1.68,8.58,-2.072538860103629,-0.1200000000000001,3.375),
('2018-04-01 00:00:00',6.2,5.85,1.77,8.88,-5.645161290322589,-0.35000000000000053,3.3050847457627115),
('2018-05-01 00:00:00',6.35,6.42,1.82,9.31,1.102362204724414,0.07000000000000028,3.5274725274725274),
('2018-06-01 00:00:00',6.25,6.7,1.89,10.14,7.200000000000002,0.4500000000000002,3.544973544973545),
('2018-07-01 00:00:00',6.31,6.92,1.89,10.14,9.667194928684633,0.6100000000000003,3.6613756613756614),
('2018-08-01 00:00:00',6.701,7.31,2,10.16,9.088195791672884,0.609,3.655),
('2018-09-01 00:00:00',7.29,7.92,2.23,10.87,8.641975308641973,0.6299999999999999,3.5515695067264574),
('2018-10-01 00:00:00',7.55,7.65,2.2,11.32,1.3245033112582854,0.10000000000000053,3.477272727272727),
('2018-11-01 00:00:00',7.25,7.3,2.1,11.03,0.6896551724137907,0.04999999999999982,3.476190476190476),
('2018-12-01 00:00:00',7.06,7.16,2.1,10.97,1.4164305949008575,0.10000000000000053,3.4095238095238094),
('2019-01-01 00:00:00',7.2,7.19,2.14,10.837,-0.13888888888888593,-0.009999999999999787,3.3598130841121496),
('2019-02-01 00:00:00',7.22,7.25,2.14,10.951,0.4155124653739647,0.03000000000000025,3.3878504672897196),
('2019-03-01 00:00:00',7.19,7.13,2.13,11.128,-0.8344923504867942,-0.0600000000000005,3.347417840375587),
('2019-04-01 00:00:00',7.22,8.17,2.13,12.485,13.157894736842108,0.9500000000000002,3.835680751173709),
('2019-05-01 00:00:00',7.56,9.51,2.28,14.46,25.793650793650798,1.9500000000000002,4.171052631578948),
('2019-06-01 00:00:00',7.54,9.81,2.23,15.126,30.106100795755975,2.2700000000000005,4.399103139013453),
('2019-07-01 00:00:00',7.33,8.92,2.18,14.057,21.691678035470666,1.5899999999999999,4.091743119266055),
('2019-08-01 00:00:00',7.28,7.83,2.16,12.062,7.554945054945052,0.5499999999999998,3.625),
('2019-09-01 00:00:00',7.23,7,2.14,10.849,-3.181189488243436,-0.23000000000000043,3.2710280373831773),
('2019-10-01 00:00:00',7.1,6.96,2.11,10.608,-1.9718309859154886,-0.13999999999999968,3.298578199052133),
('2019-11-01 00:00:00',7,7.15,2.09,10.869,2.142857142857148,0.15000000000000036,3.421052631578948),
('2019-12-01 00:00:00',7,7.6,2.14,11.286,8.571428571428566,0.5999999999999996,3.551401869158878),
('2020-01-01 00:00:00',7.446,7.715,2.18,11.594,3.612677947891487,0.26900000000000013,3.538990825688073),
('2020-02-01 00:00:00',7.432,7.584,2.18,11.491,2.045209903121626,0.15199999999999925,3.478899082568807),
('2020-03-01 00:00:00',7.626,8.267,2.25,12.203,8.405455022292147,0.6409999999999991,3.674222222222222),
('2020-04-01 00:00:00',8.052,8.023,2.41,12.509,-0.36015896671634273,-0.028999999999999915,3.3290456431535267),
('2020-05-01 00:00:00',8.259,8.36,2.48,13.299,1.2229083424143248,0.10099999999999909,3.3709677419354835),
('2020-06-01 00:00:00',8.08,8.32,2.42,13.051,2.970297029702973,0.2400000000000002,3.43801652892562),
('2020-07-01 00:00:00',8.142,7.876,2.44,12.522,-3.267010562515342,-0.2659999999999991,3.2278688524590167),
('2020-08-01 00:00:00',8.259,7.66,2.48,11.889,-7.252694030754331,-0.5990000000000002,3.088709677419355),
('2020-09-01 00:00:00',8.461,7.398,2.77,11.352,-12.563526769885364,-1.0630000000000006,2.670758122743682),
('2020-10-01 00:00:00',8.984,8.043,2.98,11.542,-10.474176313446135,-0.9410000000000007,2.6989932885906036),
('2020-11-01 00:00:00',10.442,9.776,3.35,13.73,-6.378088488795253,-0.6660000000000004,2.9182089552238804),
('2020-12-01 00:00:00',10.521,10,3.25,14.75,-4.952000760384001,-0.5210000000000008,3.076923076923077),
('2021-01-01 00:00:00',10.684,10.17,3.27,14.992,-4.810932235117928,-0.5139999999999993,3.110091743119266),
('2021-02-01 00:00:00',10.98,11.002,3.34,16.0121,0.20036429872495667,0.02200000000000024,3.2940119760479045),
('2021-03-01 00:00:00',10.993,12.108,3.33,17.5804,10.142818157009009,1.1150000000000002,3.636036036036036),
('2021-04-01 00:00:00',11.677,12.29,3.48,18.1334,5.249636036653246,0.6129999999999995,3.531609195402299),
('2021-05-01 00:00:00',12.021,12.596,3.68,18.44,4.783295898843684,0.5749999999999993,3.4228260869565217),
('2021-06-01 00:00:00',13.039,13.668,4.03,19.0551,4.823989569752278,0.6289999999999996,3.3915632754342426),
('2021-07-01 00:00:00',13.155,14.259,3.99,19.5748,8.392246294184728,1.104000000000001,3.5736842105263156),
('2021-08-01 00:00:00',12.991,13.81,4.21,19.4856,6.304364560080063,0.8190000000000008,3.2802850356294537),
('2021-09-01 00:00:00',13.343,13.36,4.27,19.136,0.12740762946863118,0.01699999999999946,3.1288056206088997),
('2021-10-01 00:00:00',13.762,13.864,4.23,19.4249,0.7411713413748025,0.10200000000000031,3.2775413711583923),
('2021-11-01 00:00:00',14.598,15.411,4.69,21.5999,5.569256062474303,0.8129999999999988,3.28592750533049),
('2021-12-01 00:00:00',19.352,18.774,6.16,26.9654,-2.986771393137657,-0.5779999999999994,3.047727272727273),
('2022-01-01 00:00:00',21.054,19.11,6.51,29.0125,-9.23339982901111,-1.943999999999999,2.935483870967742),
('2022-02-01 00:00:00',21.702,19.02,6.62,28.4595,-12.358307990047008,-2.682000000000002,2.8731117824773413),
('2022-03-01 00:00:00',24.909,22.28,7.87,32.6942,-10.554418081817808,-2.628999999999998,2.8310038119440915),
('2022-04-01 00:00:00',29.491971790540543,26.97,8.45,40.3,-8.551384113792821,-2.521971790540544,3.191715976331361),
('2022-05-01 00:00:00',30.579285557432424,30.2,8.7,39,-1.2403349212331025,-0.379285557432425,3.4712643678160924),
('2022-06-01 00:00:00',33.10797094594595,28.05,9.45,38.4,-15.277200025951137,-5.05797094594595,2.9682539682539684),
('2022-07-01 00:00:00',35.289,27.01,9.53,38.1,-23.460568449091785,-8.279,2.8342077649527813),
('2022-08-01 00:00:00',35.479,25.58,9.61,37.7,-27.901011866174358,-9.899000000000001,2.6618106139438087),
('2022-09-01 00:00:00',34.807,27.87,9.52,39.9,-19.929899158215303,-6.937000000000001,2.9275210084033616),
('2022-10-01 00:00:00',34.923,29.82,9.54,40.5,-14.612146722790143,-5.1030000000000015,3.125786163522013),
('2022-11-01 00:00:00',35.373,27.94,9.66,42.3,-21.013202159839416,-7.432999999999996,2.8923395445134576),
('2022-12-01 00:00:00',35.607,30.48,9.69,46,-14.3988541578903,-5.126999999999999,3.145510835913313),
('2023-01-01 00:00:00',35.717,35.1,9.79,50.253253039112444,-1.7274687123778518,-0.6169999999999973,3.5852911133810013),
('2023-02-01 00:00:00',37.004,26.31,9.96,51.478731129935284,-28.899578423954164,-10.693999999999999,2.6415662650602405),
('2023-03-01 00:00:00',38.071,37.81,10.04,54.751980282941716,-0.6855611883060484,-0.2609999999999957,3.76593625498008),
('2023-04-01 00:00:00',38.39,40.62,10.08,66.36687895201145,5.808804376139611,2.229999999999997,4.029761904761904),
('2023-05-01 00:00:00',38.984,43.42,10.23,67.78586616613585,11.379027293248512,4.436,4.244379276637341),
('2023-06-01 00:00:00',40.249,43.02,10.4,68.43909691861101,6.884643096722902,2.771000000000001,4.1365384615384615),
('2023-07-01 00:00:00',42.416,45.01,10.75,69.45250283417616,6.115616748396835,2.594000000000001,4.186976744186047),
('2023-08-01 00:00:00',43.142,46.3,11.12,68.98136934925733,7.3200129803903256,3.157999999999994,4.163669064748201),
('2023-09-01 00:00:00',43.93,48.43,11.31,71.62572583758089,10.24356931481903,4.5,4.282051282051282),
('2023-10-01 00:00:00',44.1,0,11.37,73.84218311833604,-100,-44.1,0),
('2023-11-01 00:00:00',44.96,0,11.66,77.24915102822737,-100,-44.96,0),
('2023-12-01 00:00:00',48.06818945945948,0,12.71,77.87375190345233,-100,-48.06818945945948,0),
('2024-01-01 00:00:00',49.51575540540541,0,13.2,81.13346173531177,-100,-49.51575540540541,0),
('2024-02-01 00:00:00',50.22476729729729,0,13.44,89.95513042259817,-100,-50.22476729729729,0),
('2024-03-01 00:00:00',51.17011648648648,0,13.76,101.27289132832462,-100,-51.17011648648648,0),
('2024-04-01 00:00:00',52.2631764864865,0,14.13,118.5624610097715,-100,-52.2631764864865,0),
('2024-05-01 00:00:00',53.385778648648646,0,14.51,119.9,-100,-53.385778648648646,0),
('2024-06-01 00:00:00',53.79936891891892,0,14.66,109.9,-100,-53.79936891891892,0),
('2024-07-01 00:00:00',53.79936891891892,0,14.65,95.4,-100,-53.79936891891892,0),
('2024-08-01 00:00:00',52.98884878378379,0,14.65,87.9,-100,-52.98884878378379,0),
('2024-09-02 00:00:00',53.74028459459459,0,14.88,98.3,-100,-53.74028459459459,0),
('2024-10-04 00:00:00',56.39,0,15.45,81.43,-100,-56.39,0),
('2024-11-05 00:00:00',55.23961538461538,0,16,99.95,-100,-55.23961538461538,0),
('2024-12-07 00:00:00',54.657073717948705,0,15.8,95,-100,-54.657073717948705,0),
('2025-01-08 00:00:00',54.07453205128204,0,15.6,95,-100,-54.07453205128204,0),
('2025-02-09 00:00:00',54.657073717948705,49,15.8,93.58,-10.350121828953665,-5.657073717948705,3.10126582278481),
('2025-03-13 00:00:00',56.25906330128205,49,16.35,87.5,-12.902922436528774,-7.259063301282048,2.9969418960244645),
('2025-04-14 00:00:00',56.61890838675213,51.78,16.35,99.95,-8.54645298651564,-4.838908386752131,3.16697247706422),
('2025-05-16 00:00:00',59.96852297008546,55.97222222222222,17.5,94.5,-6.6639972938081895,-3.9963007478632377,3.198412698412698),
('2025-06-17 00:00:00',60.114158386752145,55.97222222222222,17.55,94.5,-6.8901175291887915,-4.141936164529923,3.1893004115226335),
('2025-07-19 00:00:00',60.405429220085466,60,16.2,94.95,-0.6711800997362278,-0.4054292200854661,3.7037037037037037),
('2025-08-20 00:00:00',60.55106463675213,60,16.3,99.95,-0.9100824899743475,-0.5510646367521304,3.680981595092024),
('2025-09-21 00:00:00',65.94874091880341,60,16.3,109.95,-9.020249417843388,-5.948740918803409,3.680981595092024),
('2025-10-23 00:00:00',81.6440972222222,60,16.3,109.95,-26.510302592127903,-21.6440972222222,3.680981595092024),
('2025-11-24 00:00:00',74.94486805555555,57.63888888888889,16.3,109.95,-23.091613362822898,-17.305979166666653,3.53612815269257),
('2025-12-26 00:00:00',74.94486805555555,57.63888888888889,16.3,109.95,-23.091613362822898,-17.305979166666653,3.53612815269257),
('2026-01-27 00:00:00',81.6440972222222,63.88888888888889,18,107.9,-21.747081463839894,-17.755208333333307,3.549382716049383),
('2026-02-28 00:00:00',81.6440972222222,63.88888888888889,18,107.9,-21.747081463839894,-17.755208333333307,3.549382716049383);

INSERT INTO yumurta_maliyet_fiyat (tarih,maliyet_tl_kg,uretici_fiyati_tl_kg,yem_fiyati_tl_kg,tuketici_fiyati_tl,karlilik,uretici_fiyati_maliyet_farki_tl_kg,yem_paritesi,kuluckalik_ihracat_miktari_bin_adet,kuluckalik_ihracat_dolar,sofralik_ihracat_miktari_bin_adet,sofralik_ihracat_dolar,toplam_ihracat_miktari_bin_adet,toplam_ihracat_dolar,sofralik_birim_fiyat_dolar,kuluckalik_birim_fiyat_dolar) VALUES
('2015-01-01 00:00:00',0.17876999999999998,0.22,1.0524200000000004,0.37774,23.06315377300443,0.04123000000000002,0.2090420174455065,0,0,401412,29606759,401412,29606759,73.75653692465596,0),
('2015-02-01 00:00:00',0.18281,0.23,1.0649888888888892,0.37875000000000003,25.813686341009795,0.04719000000000001,0.2159646944673392,0,0,346342,26236625,346342,26236625,75.75351819877463,0),
('2015-03-01 00:00:00',0.18584,0.229,1.0729307692307692,0.38279,23.224278949634094,0.043160000000000004,0.21343408779690423,0,0,409783,29052165,409783,29052165,70.89646227393523,0),
('2015-04-01 00:00:00',0.18483,0.191,1.074758823529412,0.35047,3.338202672726294,0.006170000000000009,0.17771428884181945,0,0,386014,21748579,386014,21748579,56.34142544052806,0),
('2015-05-01 00:00:00',0.18483,0.193,1.0807,0.33633,4.420278093383115,0.00817000000000001,0.17858795225316926,0,0,138338,7904153,138338,7904153,57.13652792435918,0),
('2015-06-01 00:00:00',0.19998000000000002,0.22,1.0869153846153847,0.37269,10.01100110011,0.020019999999999982,0.20240766035145327,0,0,34758,2388865,34758,2388865,68.72849415961792,0),
('2015-07-01 00:00:00',0.19998000000000002,0.208,1.0908,0.37067,4.0104010401039965,0.008019999999999972,0.19068573524019067,0,0,194425,11966510,194425,11966510,61.54820624919635,0),
('2015-08-01 00:00:00',0.19998000000000002,0.22,1.0931085714285718,0.39188,10.01100110011,0.020019999999999982,0.20126088638430892,0,0,273014,19438530,273014,19438530,71.1997553239028,0),
('2015-09-01 00:00:00',0.20099,0.265,1.0947868421052636,0.45147000000000004,31.847355589830347,0.06401000000000001,0.2420562522384794,0,0,203082,13354180,203082,13354180,65.75757575757575,0),
('2015-10-01 00:00:00',0.20099,0.27,1.0985511627906976,0.44238,34.33504154435545,0.06901000000000002,0.24577826608831507,0,0,300139,18986770,300139,18986770,63.25992290238856,0),
('2015-11-01 00:00:00',0.18786,0.246,1.1004702127659576,0.45652000000000004,30.948578728840626,0.05814,0.22354080750781577,0,0,329121,21788969,329121,21788969,66.20352089353156,0),
('2015-12-01 00:00:00',0.18786,0.26,1.1009000000000002,0.4343,38.40093686788034,0.07214000000000001,0.2361704060314288,0,0,252563,17299630,252563,17299630,68.49629597367786,0),
('2016-01-01 00:00:00',0.18786,0.26,1.0807,0.43531,38.40093686788034,0.07214000000000001,0.24058480614416583,0,0,284149,18646474,284149,18646474,65.6221700586664,0),
('2016-02-01 00:00:00',0.18786,0.24,1.0807,0.41208,27.75471095496646,0.05213999999999999,0.2220782825946146,0,0,290337,16386509,290337,16386509,56.4396167212584,0),
('2016-03-01 00:00:00',0.19089,0.185,1.0908,0.37168,-3.0855466499030886,-0.005890000000000006,0.1696002933626696,0,0,330364,16598071,330364,16598071,50.24176665738398,0),
('2016-04-01 00:00:00',0.19190000000000002,0.208,1.0807,0.35855,8.389786347055745,0.016099999999999975,0.19246784491533264,2.64,4488,327788,15231297,327790.64,15235785,46.46691459113818,1700),
('2016-05-01 00:00:00',0.19392,0.164,1.0908,0.32118,-15.42904290429043,-0.029920000000000002,0.15034836817015035,0,0,284316,11452217,284316,11452217,40.27988927812716,0),
('2016-06-01 00:00:00',0.19493000000000002,0.185,1.0908,0.33431,-5.094136356640856,-0.009930000000000022,0.1696002933626696,0,0,292812,12640950,292812,12640950,43.17087414450227,0),
('2016-07-01 00:00:00',0.19998000000000002,0.197,1.1716,0.32623,-1.4901490149014953,-0.0029800000000000104,0.16814612495732334,0,0,365934,17650757,365934,17650757,48.234810102368186,0),
('2016-08-01 00:00:00',0.20906999999999998,0.21,1.1716,0.34340000000000004,0.4448270914047994,0.0009300000000000141,0.1792420621372482,4.08,6936,428714,22502111,428718.08,22509047,52.48746483669766,1700),
('2016-09-01 00:00:00',0.20906999999999998,0.225,1.1716,0.3636,7.619457597933721,0.015930000000000027,0.1920450665756231,0,0,436196,24467801,436196,24467801,56.09359324707242,0),
('2016-10-01 00:00:00',0.20704999999999998,0.19,1.1615,0.35652999999999996,-8.234725911615543,-0.017049999999999982,0.16358157554885924,0,0,423816,22680907,423816,22680907,53.515929082431995,0),
('2016-11-01 00:00:00',0.20704999999999998,0.251,1.1615,0.37168,21.226756822023678,0.04395000000000002,0.2160998708566509,0,0,466007,28625232,466007,28625232,61.42661376331257,0),
('2016-12-01 00:00:00',0.21816,0.357,1.2322,0.56863,63.641364136413635,0.13884,0.2897256938808635,0,0,498571,41163366,498571,41163366,82.56269618569873,0),
('2017-01-01 00:00:00',0.22018000000000001,0.291,1.2827,0.51207,32.16459260604958,0.07081999999999997,0.22686520620565992,0,0,461086,28694183,461086,28694183,62.231737680172465,0),
('2017-02-01 00:00:00',0.2323,0.31,1.3029,0.51813,33.44812742143779,0.07769999999999999,0.23793076982116818,0,0,499888,36785003,499888,36785003,73.58648937361968,0),
('2017-03-01 00:00:00',0.2323,0.282,1.2827,0.49288,21.394748170469207,0.049699999999999966,0.21984875652919622,0,0,468517,28295084,468517,28295084,60.39286514683565,0),
('2017-04-01 00:00:00',0.2323,0.217,1.2827,0.42521,-6.586310804993547,-0.015300000000000008,0.1691743977547361,0,0,421297,21088776,421297,21088776,50.05679128975521,0),
('2017-05-01 00:00:00',0.21917,0.223,1.2928,0.40198,1.7475019391340056,0.00383,0.17249381188118812,0,0,379332,19445327,379332,19445327,51.26202640431074,0),
('2017-06-01 00:00:00',0.21917,0.188,1.2827,0.36865,-14.221836930236803,-0.031170000000000003,0.14656583768613082,0,0,389547,20421168,389547,20421168,52.42286039938698,0),
('2017-07-01 00:00:00',0.21917,0.195,1.2827,0.36461,-11.027969156362639,-0.024169999999999997,0.15202307632338039,0,0,393893,20375720,393893,20375720,51.72907363167155,0),
('2017-08-01 00:00:00',0.21917,0.221,1.2827,0.42622,0.8349682894556729,0.0018299999999999983,0.17229281983316444,0,0,458989,27228870,458989,27228870,59.323578560706245,0),
('2017-09-01 00:00:00',0.21917,0.245,1.2625,0.44036000000000003,11.785372085595652,0.025829999999999992,0.19405940594059407,0,0,408312,25263584,408312,25263584,61.8732341934599,0),
('2017-10-01 00:00:00',0.21917,0.246,1.2625,0.42924999999999996,12.241638910434819,0.026829999999999993,0.19485148514851486,0,0,480848,28976108,480848,28976108,60.26043157089143,0),
('2017-11-01 00:00:00',0.21917,0.275,1.3029,0.48379,25.473376830770643,0.05583000000000002,0.21106761838974597,0,0,481033,32687650,481033,32687650,67.95303024948392,0),
('2017-12-01 00:00:00',0.22422,0.314,1.3736000000000002,0.53025,40.04103113014004,0.08978,0.22859638905066976,0.045,150,525975,37125664,525975.045,37125814,70.58446504111411,3333.3333333333335),
('2018-01-01 00:00:00',0.22422,0.285,1.3635000000000002,0.50298,27.107305325127097,0.06077999999999997,0.209020902090209,0,0,483324,32919747,483324,32919747,68.11113662884524,0),
('2018-02-01 00:00:00',0.23028,0.285,1.3736000000000002,0.48278,23.762376237623744,0.05471999999999996,0.20748398369248686,0,0,416952,28088072,416952,28088072,67.36524108290642,0),
('2018-03-01 00:00:00',0.24341,0.288,1.4342,0.505,18.31888583049176,0.04458999999999999,0.20080881327569378,0,0,530917,37698238,530917,37698238,71.00589734365259,0),
('2018-04-01 00:00:00',0.25957,0.272,1.5251000000000001,0.47066,4.7886889856300785,0.012429999999999997,0.17834896072388695,0,0,446414,25114980,446414,25114980,56.259391506538776,0),
('2018-05-01 00:00:00',0.26967,0.292,1.5655000000000001,0.4848,8.280490970445344,0.02232999999999996,0.18652187799425102,0,0,384738,22277953,384738,22277953,57.90421793532222,0),
('2018-06-01 00:00:00',0.28481999999999996,0.294,1.6362,0.50399,3.223088266273444,0.009180000000000021,0.17968463513017965,0,0,413092,22651786,413092,22651786,54.83472446815721,0),
('2018-07-01 00:00:00',0.28785,0.334,1.6563999999999999,0.54439,16.032655897168674,0.046150000000000024,0.20164211543105534,0,0,365110,24618866,365110,24618866,67.42862698912657,0),
('2018-08-01 00:00:00',0.30097999999999997,0.427,1.7271,0.6615500000000001,41.8698916871553,0.12602000000000002,0.24723524984077352,0,0,448127,30270889,448127,30270889,67.5497994988028,0),
('2018-09-01 00:00:00',0.34138,0.431,1.9088999999999998,0.6797300000000001,26.252270197433937,0.08961999999999998,0.2257844832102258,0,0,460492,26773550,460492,26773550,58.14118377735118,0),
('2018-10-01 00:00:00',0.34946,0.441,1.8685,0.6958899999999999,26.194700394894983,0.09154000000000001,0.23601819641423602,0,0,521539,34040021,521539,34040021,65.26840945739437,0),
('2018-11-01 00:00:00',0.33027,0.4,1.7776,0.6393300000000001,21.113028734066074,0.06973000000000001,0.22502250225022502,0,0,517783,33966950,517783,33966950,65.60074394099459,0),
('2018-12-01 00:00:00',0.32825000000000004,0.39,1.7978,0.64135,18.8118811881188,0.06174999999999997,0.21693180554010458,0,0,462578,30823946,462578,30823946,66.63513180479832,0),
('2019-01-01 00:00:00',0.33633,0.41,1.8281,0.64539,21.904082300121893,0.07366999999999996,0.22427657130353917,0,0,443095,31774563,443095,31774563,71.71049774878976,0),
('2019-02-01 00:00:00',0.33734000000000003,0.41,1.8382,0.63529,21.539100017786193,0.07265999999999995,0.22304428245022304,0,0,407898,27598300,407898,27598300,67.65980710863991,0),
('2019-03-01 00:00:00',0.33734000000000003,0.364,1.8382,0.574387,7.903005869449209,0.02665999999999996,0.198019801980198,0,0,447691,26396899,447691,26396899,58.96231775934741,0),
('2019-04-01 00:00:00',0.34239,0.356,1.8987999999999998,0.5432790000000001,3.974999269838475,0.013609999999999955,0.18748683378976197,1,1277,361636,19612312,361637,19613589,54.23218927319183,1277),
('2019-05-01 00:00:00',0.36158,0.281,1.9897,0.50197,-22.285524641849655,-0.08057999999999998,0.1412273207016133,0,0,196485,8939986,196485,8939986,45.499585210066925,0),
('2019-06-01 00:00:00',0.36057,0.185,1.9594,0.41713,-48.69234822641928,-0.17557,0.09441665816066143,0,0,147102,5513937,147102,5513937,37.483766366194885,0),
('2019-07-01 00:00:00',0.3535,0.23,1.9291,0.41308999999999996,-34.93635077793493,-0.12349999999999997,0.11922658234409829,0,0,196629,7828639,196629,7828639,39.81426442691566,0),
('2019-08-01 00:00:00',0.35047,0.288,1.9088999999999998,0.43632,-17.824635489485555,-0.062470000000000026,0.15087223008015088,0,0,326306,14866033,326306,14866033,45.55856466016561,0),
('2019-09-01 00:00:00',0.34643,0.315,1.9189999999999998,0.46561,-9.072539907051933,-0.031430000000000013,0.1641479937467431,0,0,347076,15746953,347076,15746953,45.3703309937881,0),
('2019-10-01 00:00:00',0.33835000000000004,0.32,1.8584,0.45854,-5.423378158711403,-0.018350000000000033,0.17219113215669393,0,0,423353,19708794,423353,19708794,46.55404355230741,0),
('2019-11-01 00:00:00',0.33330000000000004,0.33,1.8281,0.47672,-0.9900990099009975,-0.003300000000000025,0.18051528909797057,0,0,405136,19592557,405136,19592557,48.36044439398128,0),
('2019-12-01 00:00:00',0.33330000000000004,0.368,1.8887,0.5211600000000001,10.411041104110396,0.03469999999999995,0.194843013713136,0,0,327630,18243014,327630,18243014,55.681756859872415,0),
('2020-01-01 00:00:00',0.3535,0.37,1.9392,0.5454,4.667609618104672,0.016500000000000015,0.19080033003300328,36469.824,7989223,363558,19207088,400027.824,27196311,52.830877054005136,219.0639307719171),
('2020-02-01 00:00:00',0.3535,0.37,1.9392,0.5514600000000001,4.667609618104672,0.016500000000000015,0.19080033003300328,30353.72,6549477,318549,17297609,348902.72,23847086,54.30125035708792,215.7718065528706),
('2020-03-01 00:00:00',0.3636,0.31,2.0099,0.49591,-14.741474147414738,-0.05359999999999998,0.15423652918055625,31636.72,7233642,89729,4285386,121365.72,11519028,47.759208282717964,228.6470278840537),
('2020-04-01 00:00:00',0.38380000000000003,0.4,2.1412,0.5696399999999999,4.220948410630535,0.016199999999999992,0.18681113394358304,43203.92,7269493,215167,11482538,258370.91999999998,18752031,53.365701989617364,168.2600328859048),
('2020-05-01 00:00:00',0.404,0.39,2.1917,0.63327,-3.4653465346534684,-0.014000000000000012,0.17794406168727472,28736.28,4960409,123314,6469088,152050.28,11429497,52.46028836952819,172.6183416921049),
('2020-06-01 00:00:00',0.39390000000000003,0.31,2.1513,0.53429,-21.299822289921305,-0.08390000000000003,0.1440989169339469,37859.04,5594322,272939,11773530,310798.04,17367852,43.13612199062794,147.76713831095557),
('2020-07-01 00:00:00',0.39390000000000003,0.4,2.1513,0.59287,1.548616400101547,0.006099999999999994,0.18593408636638312,45602.08,6582456,306548,15249215,352150.08,21831671,49.74495021986769,144.34552108149452),
('2020-08-01 00:00:00',0.39390000000000003,0.37,2.1917,0.5969099999999999,-6.067529829906075,-0.023900000000000032,0.1688187251904914,45136.58,7733138,233385,10644174,278521.58,18377312,45.60778970370846,171.3275130725456),
('2020-09-01 00:00:00',0.41409999999999997,0.44,2.2725,0.6120599999999999,6.25452789181358,0.025900000000000034,0.1936193619361936,36062.432,7096013,243929,11296179,279991.43200000003,18392192,46.3092908182299,196.7702289185599),
('2020-10-01 00:00:00',0.4343,0.55,2.4644,0.71407,26.640571033847575,0.11570000000000003,0.2231780555104691,49379.018,8789395,376120,22808800,425499.018,31598195,60.64234818674891,177.9985782625325),
('2020-11-01 00:00:00',0.505,0.61,2.8482,0.84133,20.79207920792079,0.10499999999999998,0.21417035320553332,39017.272,7046084,284789,19290056,323806.272,26336140,67.73455435427633,180.5888428078724),
('2020-12-01 00:00:00',0.5151,0.67,2.8684,0.9493999999999999,30.07183071248302,0.15490000000000004,0.23357969599776882,57852.695,11248813,237706,18057990,295558.695,29306803,75.96775007782723,194.43887618372835),
('2021-01-01 00:00:00',0.52217,0.63,2.8886,0.909404,20.650362908631283,0.10782999999999998,0.21809873295021812,44026.812,10217341,194976,13995435,239002.812,24212776,71.78029603643526,232.07087989927592),
('2021-02-01 00:00:00',0.5413600000000001,0.56,2.9593000000000003,0.8281999999999999,3.443180138909411,0.01863999999999999,0.1892339404588923,43897.006,12251755,182357,12465876,226254.006,24717631,68.35973392850288,279.102292306678),
('2021-03-01 00:00:00',0.5353,0.58,2.929,0.812646,8.350457687278155,0.04469999999999996,0.19801980198019803,56240.613,17716866,254808,17291092,311048.613,35007958,67.85929798122508,315.01907705024485),
('2021-04-01 00:00:00',0.55449,0.575,3.0502000000000002,0.780225,3.6988944796118806,0.020509999999999917,0.18851222870631432,55798.126,18415175,257684,16041356,313482.126,34456531,62.25204514055976,330.0321412228074),
('2021-05-01 00:00:00',0.5726699999999999,0.54,3.2118,0.786083,-5.704856199905682,-0.032669999999999866,0.16813002054922474,62261.921,19562571,228690,13076178,290951.921,32638749,57.17861734225371,314.1979991269463),
('2021-06-01 00:00:00',0.6393300000000001,0.555,3.535,0.7714380000000001,-13.190371169818405,-0.08433000000000002,0.157001414427157,48974.77,15015369,248428,13031227,297402.77,28046596,52.45474342666688,306.5939666485417),
('2021-07-01 00:00:00',0.64034,0.58,3.4946,0.7570960000000001,-9.423118968048232,-0.06034000000000006,0.1659703542608596,38405.697,11581906,319862,17996225,358267.697,29578131,56.26246631359774,301.56739506641424),
('2021-08-01 00:00:00',0.63226,0.673,3.6562,0.892638,6.443551703413151,0.04074,0.18407089327717302,36109.719,11068899,281340,18203667,317449.719,29272566,64.70344423117936,306.5351740898344),
('2021-09-01 00:00:00',0.65347,0.788,3.6966,1.039997,20.587020062129866,0.13453000000000004,0.2131688578693935,38017.667,11650223,281256,21586557,319273.667,33236780,76.75056532127314,306.44234429219443),
('2021-10-01 00:00:00',0.6645800000000001,0.813,3.7269,1.0499960000000002,22.33290198320742,0.14841999999999989,0.2181437655960718,40691.766,12328777,270865,20438506,311556.766,32767283,75.45643032506969,302.9796494946914),
('2021-11-01 00:00:00',0.72316,0.88,4.0905,1.149582,21.68814646827811,0.15683999999999998,0.2151326243735485,36737.827,11735980,325658,25722408,362395.827,37458388,78.98595459039852,319.452209299151),
('2021-12-01 00:00:00',0.91708,1.02,5.3934,1.392689,11.222576002093602,0.10292000000000001,0.18912003559906554,34194.16,10951296,299589,22540458,333783.16000000003,33491754,75.23793597228203,320.26802237575066),
('2022-01-01 00:00:00',1.00899,1.12,5.656,1.3231000000000002,11.002091200111007,0.11101000000000005,0.19801980198019806,34353.886,11372967,275565,20397354,309918.886,31770321,74.02011866528768,331.0532904487137),
('2022-02-01 00:00:00',1.02818,1.14,5.7469,1.3837000000000002,10.875527631348577,0.11181999999999981,0.19836781569193823,32507.003,11077155,226796,16869259,259303.003,27946414,74.38076068360994,340.7621120901241),
('2022-03-01 00:00:00',1.14332,1.263,6.8579,1.4645,10.467760556974428,0.11968000000000001,0.184167164875545,36608.89,11890545,263383,21473868,299991.89,33364413,81.53095681953657,324.79938616002835),
('2022-04-01 00:00:00',1.2726,1.25,7.373,1.4746,-1.775891874901772,-0.022599999999999953,0.16953750169537501,45354.603,13920502,208283,15782903,253637.603,29703405,75.77624194005271,306.9258923950894),
('2022-05-01 00:00:00',1.32108,1.08,7.645700000000001,1.2423,-18.248705604505403,-0.24107999999999996,0.14125586931216239,49549.47,13966685,199860,11960349,249409.47,25927034,59.843635544881415,281.87354980789905),
('2022-06-01 00:00:00',1.4493500000000001,0.95,8.3325,1.1918,-34.45337565115397,-0.4993500000000002,0.11401140114011402,45077.58,12254863,276922,16261337,321999.58,28516200,58.72172308447866,271.8615994913658),
('2022-07-01 00:00:00',1.4705599999999999,1.443,8.3931,1.6059,-1.874115983026861,-0.027559999999999807,0.17192693998641742,49040.345,12429834,223696,15202481,272736.345,27632315,67.96045079035834,253.46138980058154),
('2022-08-01 00:00:00',1.47662,1.516,8.4436,1.70387,2.666901437065729,0.03937999999999997,0.17954427021649533,51733.412,11348625,298711,22872871,350444.412,34221496,76.5719072950109,219.36741771449368),
('2022-09-01 00:00:00',1.4634900000000002,1.67,8.3426,1.87456,14.110789960983658,0.20650999999999975,0.20017740272816628,62672.648,13771893,288313,23085581,350985.648,36857474,80.07124548667593,219.7432762055945),
('2022-10-01 00:00:00',1.4594500000000001,1.778,8.3426,2.0806,21.82671554352666,0.3185499999999999,0.21312300721597585,60731.49,14974775,263786,22992600,324517.49,37967375,87.16383735300585,246.57348271876748),
('2022-11-01 00:00:00',1.47864,1.754,8.4537,2.0806,18.622517989503873,0.27536000000000005,0.20748311390278815,60166.646,14154404,322162,28873952,382328.646,43028356,89.62556726119158,235.25333288480132),
('2022-12-01 00:00:00',1.48268,1.786,8.4638,2.2058400000000002,20.45754984217768,0.30332000000000003,0.21101632836314657,51194.181,11873180,268867,24242606,320061.181,36115786,90.16579200868831,231.9244056272724),
('2023-01-01 00:00:00',1.49278,1.763,8.5749,2.15,18.10179664786505,0.2702199999999999,0.20560006530688404,47023.636,10648465,226552,19393296,273575.636,30041761,85.60196334616336,226.44920524648498),
('2023-02-01 00:00:00',1.53419,1.879,8.7466,2.18,22.475051981827548,0.34481000000000006,0.21482633251777833,46676.616,11761651,178968,16132327,225644.616,27893978,90.14084640829645,251.9816560823518),
('2023-03-01 00:00:00',1.55237,2.085,8.7971,2.22,34.31076354219677,0.5326299999999999,0.23700992372486387,60538.025,15546833,193579,18902411,254117.025,34449244,97.647012330883,256.8110373604028),
('2023-04-01 00:00:00',1.55742,2.094,8.8274,2.25,34.45313402935623,0.5365799999999998,0.2372159412737612,62213.39,17548268,184110,18581976,246323.39,36130244,100.92866221280757,282.0657739435192),
('2023-05-01 00:00:00',1.5806499999999999,1.789,9.0193,2.24,13.181286179736187,0.20835000000000004,0.19835242202831707,59439.909,13890460,198905,16534912,258344.90899999999,30425372,83.1296950805661,233.68911954424425),
('2023-06-01 00:00:00',1.6341800000000002,1.73,9.2415,2.24,5.863491169883353,0.0958199999999998,0.1871990477736298,53961.464,14045772,178612,12667238,232573.464,26713010,70.92041968064855,260.29264143018804),
('2023-07-01 00:00:00',1.68266,1.911,9.504100000000001,2.25,13.57018054746651,0.22834,0.2010711166759609,57453.91,14359507,220503,14768853,277956.91000000003,29128360,66.97801390457273,249.93089243186407),
('2023-08-01 00:00:00',1.69882,2.183,9.716199999999999,2.28,28.500959489528015,0.48417999999999983,0.22467631378522468,54822.198,13448092,271225,19395168,326047.198,32843260,71.50951424094387,245.30377275278164),
('2023-09-01 00:00:00',1.75372237060861,2.4699999999999998,9.9485,2.45,40.84327379269351,0.7162776293913897,0.248278634970096,64112.525,15466513,206587,15796218,270699.525,31262731,76.46278807475785,241.2401164982973),
('2023-10-01 00:00:00',1.764232947352796,2.548,10.0091,2.85,44.42537216092888,0.783767052647204,0.2545683428080447,63713.211,17400345,284048,23949532,347761.211,41349877,84.31508759082972,273.10419184492207),
('2023-11-01 00:00:00',1.799268203166749,2.5324999999999998,10.2111,3.15,40.75166756922329,0.7332317968332507,0.2480144156848919,63711.475,17516987,312630,26740182,376341.475,44257169,85.53300067172056,274.94241814367035),
('2023-12-01 00:00:00',1.9604303799109348,3.01,11.1403,3.45,53.53771451637821,1.049569620089065,0.2701902103174959,60637.077,17188986,229793,21613482,290430.077,38802468,94.05631154996018,283.47319578085865),
('2024-01-01 00:00:00',2.034004417120237,2.84,11.564499999999999,3.6023333333333336,39.6260487979126,0.8059955828797629,0.24557914306714515,58071.404,18371301,254350,23470122,312421.404,41841423,92.27490465893455,316.3571006480229),
('2024-02-01 00:00:00',2.091812589213261,2.56,11.8978,3.295966666666667,22.38190042458949,0.4681874107867392,0.21516582897678563,66951.235,22488973,213333,18451980,280284.235,40940953,86.49379139654906,335.90079406302215),
('2024-03-01 00:00:00',2.128599607817912,2.25,12.1099,3.1983333333333333,5.703298625829359,0.12140039218208809,0.18579839635339682,54702.813,21020430,176332,12063182,231034.813,33083612,68.41175736678538,384.26597915540464),
('2024-04-01 00:00:00',2.1916630682830283,1.98,12.4735,2.659666666666667,-9.657646348389095,-0.21166306828302828,0.1587365214254219,65222.032,27649412,290063,17473473,355285.032,45122885,60.240268493396265,423.927485117299),
('2024-05-01 00:00:00',2.2716681418109843,2.05,12.837100000000001,2.323,-9.757945614110238,-0.2216681418109845,0.15969338869370805,73065.425,29873802,241768,14384254,314833.425,44258056,59.496103702723275,408.8637272690879),
('2024-06-01 00:00:00',2.2613173082632354,1.72,12.78,2.4,-23.938140228492948,-0.5413173082632354,0.13458528951486698,65971.66,21271765,206723,10612789,272694.66000000003,31884554,51.33821103602405,322.4379225867592),
('2024-07-01 00:00:00',2.263051726867887,1.84,12.79,2.5,-18.693860235064086,-0.42305172686788706,0.14386239249413607,60520.819,17484374,199313,10471093,259833.81900000002,27955467,52.53592590548534,288.89850284412046),
('2024-08-01 00:00:00',2.273458238495794,2.41,12.85,2.75,6.0059058570852555,0.13654176150420616,0.18754863813229575,66640.94,23521021,218428,12428554,285068.94,35949575,56.900003662534104,352.95151899117866),
('2024-09-01 00:00:00',2.2994745175655615,3.09,13,3.966666666666667,34.37852763297253,0.7905254824344383,0.23769230769230767,58871.65,24601470,236753,19373330,295624.65,43974800,81.82929044193737,417.883140696753),
('2024-10-01 00:00:00',2.438228005937655,2.45,13.5,4.16,0.48280940230682884,0.011771994062345303,0.1814814814814815,63673.45,27770823,288903,22644187,352576.45,50415010,78.37989567432668,436.14446837732214),
('2024-11-01 00:00:00',2.4727553488372096,3.9,14,4.8,57.718797447306656,1.4272446511627903,0.2785714285714286,55392.73,23321023,151913,13937502,207305.73,37258525,91.74660496468374,421.012342233358),
('2024-12-01 00:00:00',2.4727553488372096,4.1,14,5.16,73.89508436497914,1.8272446511627902,0.2928571428571428,53633.69,19089458,94917,8845665,148550.69,27935123,93.19368500900787,355.9228910037702),
('2025-01-01 00:00:00',2.4727553488372096,4.3,14,5.33,73.89508436497914,1.8272446511627902,0.3071428571428571,61765,21577825,102898,10116553,164663,31694378,98.31632296060177,349.3535983161985),
('2025-02-01 00:00:00',2.4900995348837207,4.55,14.1,5.583333333333333,82.72361952842458,2.059900465116279,0.32269503546099293,46912,17218220,117279,13087295,164191,30305515,111.59112031992088,367.0323158253752),
('2025-03-01 00:00:00',2.58,4.55,14.6,6.33,74.11314426535463,1.936756744186046,0.3116438356164383,53620.68,20912054,36127,5324163,89747.68,26236217,147.37351565311263,389.9997911253643),
('2025-04-01 00:00:00',2.613243255813954,3.7,14.81,6.48,41.5865129190796,1.0867567441860464,0.24983119513842,61058.58,26333920,1570,397683,62628.58,26731603,253.30127388535033,431.28942730079865),
('2025-05-01 00:00:00',2.819639069767441,3.3,16,4.98,17.036256001097968,0.48036093023255866,0.20625,68862.92,23116343,5858,1095625,74720.92,24211968,187.03055650392625,335.6863606713163),
('2025-06-01 00:00:00',2.836983255813954,3.5,16.1,4.98,23.370484927159747,0.663016744186046,0.21739130434782608,61643.71,21426387,82698,6666589,144341.71,28092976,80.61366659411352,347.5843196329358),
('2025-07-01 00:00:00',2.8543274418604656,3.7,16.2,4.49,29.627734566722335,0.8456725581395346,0.22839506172839508,68453.55,23267974,127016,10075409,195469.55,33343383,79.32393556717264,339.90894555505156),
('2025-08-01 00:00:00',2.8772427906976734,3.7,16.3,4.49,28.59533481019948,0.8227572093023268,0.22699386503067484,77024.6,24031973,141894,10962441,218918.6,34994414,77.25796016744894,312.00386629726086),
('2025-09-01 00:00:00',2.896741860465116,4.6,16.3,5.31,58.7990998708252,1.7032581395348836,0.2822085889570552,73652.76,24730651,92397,8180923,166049.76,32911574,88.54100241349828,335.7735813294709),
('2025-10-01 00:00:00',2.930168837209302,4.1,16.3,6.15,39.92367770537233,1.1698311627906977,0.25153374233128833,81359,27526602,0,0,81359,27526602,NULL,338.3350581988471),
('2025-11-01 00:00:00',2.930168837209302,4.1,16.3,6.15,39.92367770537233,1.1698311627906977,0.25153374233128833,NULL,NULL,NULL,NULL,NULL,NULL,NULL,NULL),
('2025-12-01 00:00:00',2.930168837209302,4,16.3,6.15,36.51090507841204,1.069831162790698,0.24539877300613497,NULL,NULL,NULL,NULL,NULL,NULL,NULL,NULL),
('2026-01-01 00:00:00',3.2473046511627905,4,18,5.65,23.17908018170347,0.7526953488372095,0.2222222222222222,NULL,NULL,NULL,NULL,NULL,NULL,NULL,NULL),
('2026-02-01 00:00:00',3.2473046511627905,4,18,5.65,23.17908018170347,0.7526953488372095,0.2222222222222222,NULL,NULL,NULL,NULL,NULL,NULL,NULL,NULL);