DELETE FROM makro_tarim_gsyh;
INSERT INTO makro_tarim_gsyh (yil, toplam_gsyh_milyar_usd, tarim_gsyh_milyar_usd) VALUES
(2002, 238.0, 24.27),
(2003, 317.0, 31.01),
(2004, 407.0, 37.96),
(2005, 505.0, 46.26),
(2006, 552.0, 44.71),
(2007, 683.0, 50.93),
(2008, 783.0, 58.13),
(2009, 652.0, 52.59),
(2010, 777.0, 69.71),
(2011, 838.0, 68.49),
(2012, 878.0, 67.54),
(2013, 958.0, 63.97),
(2014, 940.0, 61.63),
(2015, 867.0, 59.55),
(2016, 869.0, 53.39),
(2017, 859.0, 51.88),
(2018, 798.0, 46.2),
(2019, 760.0, 48.68),
(2020, 717.0, 47.83),
(2021, 808.0, 44.71),
(2022, 906.0, 58.67),
(2023, 1130.0, 68.5),
(2024, 1322.0, 74.0);

DELETE FROM makro_tarim_disticaret;
INSERT INTO makro_tarim_disticaret (yil, ihracat_milyar_usd, ithalat_milyar_usd) VALUES
(2013, 16.98, 11.2),
(2014, 18.0, 12.42),
(2015, 16.79, 11.24),
(2016, 16.25, 11.04),
(2017, 16.91, 12.67),
(2018, 19.28, 14.41),
(2019, 19.73, 14.69),
(2020, 20.71, 15.21),
(2021, 25.0, 17.79),
(2022, 29.89, 23.21),
(2023, 30.93, 24.05),
(2024, 32.56, 21.72);

DELETE FROM makro_veriler;
INSERT INTO makro_veriler (istihdam_pay, gsyh_pay, ihracat_pay) VALUES (14.8, 5.6, 12.43);

DELETE FROM ufe_aylik;
INSERT INTO ufe_aylik (yil, ay, tarim_ufe) VALUES
(2011, 1, 14.94),
(2011, 2, 12.85),
(2011, 3, 10.53),
(2011, 4, 4.59),
(2011, 5, 8.74),
(2011, 6, 6.08),
(2011, 7, 1.83),
(2011, 8, -2.33),
(2011, 9, -2.02),
(2011, 10, -4.4),
(2011, 11, 5.26),
(2011, 12, 10.54),
(2012, 1, 8.46),
(2012, 2, 8.13),
(2012, 3, 6.15),
(2012, 4, 1.91),
(2012, 5, 7.71),
(2012, 6, 4.38),
(2012, 7, 11.43),
(2012, 8, 11.41),
(2012, 9, 12.09),
(2012, 10, 7.82),
(2012, 11, -0.75),
(2012, 12, -4.16),
(2013, 1, -7.57),
(2013, 2, -6.92),
(2013, 3, -5.75),
(2013, 4, -7.21),
(2013, 5, -5.28),
(2013, 6, 4.29),
(2013, 7, 4.25),
(2013, 8, 0.49),
(2013, 9, -3.65),
(2013, 10, 0.6),
(2013, 11, 4.56),
(2013, 12, 7.57),
(2014, 1, 13.53),
(2014, 2, 9.51),
(2014, 3, 10.33),
(2014, 4, 17.64),
(2014, 5, 11.18),
(2014, 6, 7.37),
(2014, 7, 6.32),
(2014, 8, 10.54),
(2014, 9, 16.3),
(2014, 10, 11.57),
(2014, 11, 10.77),
(2014, 12, 6.69),
(2015, 1, 13.12),
(2015, 2, 17.02),
(2015, 3, 21.18),
(2015, 4, 17.45),
(2015, 5, 10.08),
(2015, 6, 9.12),
(2015, 7, 7.73),
(2015, 8, 9.37),
(2015, 9, 9.44),
(2015, 10, 9.84),
(2015, 11, 12.13),
(2015, 12, 15.66),
(2016, 1, 9.59),
(2016, 2, 6.14),
(2016, 3, -1.55),
(2016, 4, -5.29),
(2016, 5, 1.41),
(2016, 6, 4.87),
(2016, 7, 8.11),
(2016, 8, 5.44),
(2016, 9, 4.7),
(2016, 10, 2.79),
(2016, 11, 0.07),
(2016, 12, 1.45),
(2017, 1, 6.03),
(2017, 2, 8.6),
(2017, 3, 14.06),
(2017, 4, 16.95),
(2017, 5, 13.65),
(2017, 6, 10.63),
(2017, 7, 8.66),
(2017, 8, 8.94),
(2017, 9, 10.39),
(2017, 10, 12.88),
(2017, 11, 17.96),
(2017, 12, 16.48),
(2018, 1, 9.69),
(2018, 2, 8.98),
(2018, 3, 7.69),
(2018, 4, 6.38),
(2018, 5, 8.48),
(2018, 6, 8.97),
(2018, 7, 11.71),
(2018, 8, 15.31),
(2018, 9, 16.08),
(2018, 10, 16.03),
(2018, 11, 14.36),
(2018, 12, 15.89),
(2019, 1, 23.5),
(2019, 2, 25.8),
(2019, 3, 27.32),
(2019, 4, 30.76),
(2019, 5, 30.24),
(2019, 6, 26.27),
(2019, 7, 22.84),
(2019, 8, 19.69),
(2019, 9, 17.27),
(2019, 10, 18.21),
(2019, 11, 17.33),
(2019, 12, 16.06),
(2020, 1, 10.41),
(2020, 2, 11.63),
(2020, 3, 11.63),
(2020, 4, 11.85),
(2020, 5, 12.37),
(2020, 6, 16.72),
(2020, 7, 16.0),
(2020, 8, 15.93),
(2020, 9, 15.65),
(2020, 10, 20.98),
(2020, 11, 24.82),
(2020, 12, 24.65),
(2021, 1, 23.89),
(2021, 2, 23.22),
(2021, 3, 23.05),
(2021, 4, 26.41),
(2021, 5, 24.26),
(2021, 6, 28.88),
(2021, 7, 30.74),
(2021, 8, 34.45),
(2021, 9, 35.08),
(2021, 10, 32.13),
(2021, 11, 34.5),
(2021, 12, 48.73),
(2022, 1, 60.39),
(2022, 2, 80.08),
(2022, 3, 99.18),
(2022, 4, 120.04),
(2022, 5, 129.29),
(2022, 6, 121.14),
(2022, 7, 134.11),
(2022, 8, 118.57),
(2022, 9, 122.63),
(2022, 10, 120.92),
(2022, 11, 123.89),
(2022, 12, 107.05),
(2023, 1, 98.17),
(2023, 2, 82.58),
(2023, 3, 67.75),
(2023, 4, 50.89),
(2023, 5, 46.24),
(2023, 6, 54.26),
(2023, 7, 57.28),
(2023, 8, 73.53),
(2023, 9, 72.0),
(2023, 10, 69.28),
(2023, 11, 56.91),
(2023, 12, 60.62),
(2024, 1, 57.85),
(2024, 2, 58.29),
(2024, 3, 61.87),
(2024, 4, 60.77),
(2024, 5, 61.24),
(2024, 6, 54.58),
(2024, 7, 41.07),
(2024, 8, 32.1),
(2024, 9, 31.09),
(2024, 10, 35.46),
(2024, 11, 46.91),
(2024, 12, 37.01),
(2025, 1, 35.54),
(2025, 2, 29.89),
(2025, 3, 31.34),
(2025, 4, 27.5),
(2025, 5, 28.96),
(2025, 6, 50.31),
(2025, 7, 44.32),
(2025, 8, 41.55),
(2025, 9, 46.83),
(2025, 10, 45.4),
(2025, 11, 31.45),
(2025, 12, 36.01),
(2026, 1, 43.58),
(2026, 2, 40.1),
(2026, 3, 36.09),
(2026, 4, 42.53),
(2026, 5, 43.08);

DELETE FROM ufe_alt_grup_snapshot;
INSERT INTO ufe_alt_grup_snapshot (tur, endeks, aylik_degisim, aralik_gore_degisim, yillik_degisim, oniki_aylik_ort_degisim) VALUES
('Tarım-ÜFE', 1208.99, 0.61, 18.41, 43.08, 41.54),
('Tarım ve avcılık ürünleri ve ilgili hizmetler', 1192.08, 0.24, 18.02, 43.39, 41.25),
('Tek yıllık (uzun ömürlü olmayan) bitkisel ürünler', 1209.66, -2.73, 40.82, 70.5, 30.8),
('Çok yıllık (uzun ömürlü) bitkisel ürünler', 1151.24, 2.32, -9.8, 16.07, 71.67),
('Canlı hayvanlar ve hayvansal ürünler', 1195.05, 3.47, 18.4, 34.36, 28.21),
('Orman ürünleri ve ilgili hizmetler', 1560.59, 5.16, 32.26, 38.92, 41.68),
('Balık ve diğer balıkçılık ürünleri; su ürünleri; balıkçılık için destekleyici hizmetler', 1471.28, 7.43, 16.83, 38.58, 50.62);

DELETE FROM ufe_detay_snapshot;
INSERT INTO ufe_detay_snapshot (alt_grup, yillik_degisim) VALUES
('Sebze ve kavun-karpuz, kök ve yumrular', -10.03),
('Diğer ağaç ve çalı meyveleri ile sert kabuklu meyveler', -1.88),
('Yağlı meyveler', -1.64),
('Çeltik', -0.1),
('Tarım ÜFE (genel)', 0.61),
('Diğer çiftlik hayvanları ve hayvansal ürünler', 1.41),
('Lifli bitkiler', 2.08),
('Süt sığırları (manda dahil), bunlardan elde edilen işlenmemiş süt', 2.74),
('Tahıllar (pirinç hariç), baklagiller ve yağlı tohumlar', 3.02),
('Diğer sığır, manda (süt için yetiştirilenler hariç) ve bizonlar, canlı', 3.06),
('Tropikal ve subtropikal meyveler', 3.61),
('Koyun ve keçi, canlı; bunların işlenmemiş süt ve yapağıları', 3.97),
('Canlı kümes hayvanları ve yumurtalar', 10.48);

DELETE FROM tufe_yillik_snapshot;
INSERT INTO tufe_yillik_snapshot (harcama_grubu, yillik_degisim) VALUES
('TÜFE (Genel Endeks)', 32.61),
('Gıda ve alkolsüz içecekler', 34.86),
('Alkollü içecekler ve tütün', 29.85),
('Giyim ve ayakkabı', 14.08),
('Konut', 45.59),
('Mobilya ve ev eşyası', 22.36),
('Sağlık', 32.94),
('Ulaştırma', 34.29),
('Bilgi ve iletişim', 25.58),
('Eğlence ve kültür', 25.88),
('Eğitim', 50.06),
('Lokanta ve konaklama', 31.59),
('Sigorta ve finansal hizmetler', 28.3),
('Çeşitli mal ve hizmetler', 23.55);

DELETE FROM tufe_aylik_snapshot;
INSERT INTO tufe_aylik_snapshot (harcama_grubu, aylik_degisim) VALUES
('Gıda ve alkolsüz içecekler', 1.71),
('Alkollü içecekler ve tütün', -0.48),
('Giyim ve ayakkabı', -0.02),
('Konut', 11.29),
('Mobilya ve ev eşyası', 2.28),
('Sağlık', 1.99),
('Ulaştırma', 0.41),
('Bilgi ve iletişim', 2.03),
('Eğlence ve kültür', 0.45),
('Eğitim', 1.17),
('Lokanta ve konaklama', 0.83),
('Sigorta ve finansal hizmetler', 1.87),
('Çeşitli mal ve hizmetler', 0.49);

DELETE FROM gfe_alt_grup_aylik;
INSERT INTO gfe_alt_grup_aylik (alt_grup, yil, ay, yillik_degisim) VALUES
('Tarımsal Girdi Fiyat Endeksi', 2021, 1, 20.03),
('Tarımsal Girdi Fiyat Endeksi', 2021, 2, 21.56),
('Tarımsal Girdi Fiyat Endeksi', 2021, 3, 22.9),
('Tarımsal Girdi Fiyat Endeksi', 2021, 4, 24.21),
('Tarımsal Girdi Fiyat Endeksi', 2021, 5, 27.33),
('Tarımsal Girdi Fiyat Endeksi', 2021, 6, 32.64),
('Tarımsal Girdi Fiyat Endeksi', 2021, 7, 35.65),
('Tarımsal Girdi Fiyat Endeksi', 2021, 8, 34.88),
('Tarımsal Girdi Fiyat Endeksi', 2021, 9, 34.91),
('Tarımsal Girdi Fiyat Endeksi', 2021, 10, 38.09),
('Tarımsal Girdi Fiyat Endeksi', 2021, 11, 47.15),
('Tarımsal Girdi Fiyat Endeksi', 2021, 12, 64.39),
('Tarımsal Girdi Fiyat Endeksi', 2022, 1, 81.35),
('Tarımsal Girdi Fiyat Endeksi', 2022, 2, 94.47),
('Tarımsal Girdi Fiyat Endeksi', 2022, 3, 116.03),
('Tarımsal Girdi Fiyat Endeksi', 2022, 4, 126.83),
('Tarımsal Girdi Fiyat Endeksi', 2022, 5, 132.02),
('Tarımsal Girdi Fiyat Endeksi', 2022, 6, 140.76),
('Tarımsal Girdi Fiyat Endeksi', 2022, 7, 138.16),
('Tarımsal Girdi Fiyat Endeksi', 2022, 8, 140.74),
('Tarımsal Girdi Fiyat Endeksi', 2022, 9, 144.83),
('Tarımsal Girdi Fiyat Endeksi', 2022, 10, 137.86),
('Tarımsal Girdi Fiyat Endeksi', 2022, 11, 119.1),
('Tarımsal Girdi Fiyat Endeksi', 2022, 12, 91.13),
('Tarımsal Girdi Fiyat Endeksi', 2023, 1, 73.59),
('Tarımsal Girdi Fiyat Endeksi', 2023, 2, 59.59),
('Tarımsal Girdi Fiyat Endeksi', 2023, 3, 43.21),
('Tarımsal Girdi Fiyat Endeksi', 2023, 4, 33.68),
('Tarımsal Girdi Fiyat Endeksi', 2023, 5, 27.46),
('Tarımsal Girdi Fiyat Endeksi', 2023, 6, 23.59),
('Tarımsal Girdi Fiyat Endeksi', 2023, 7, 30.69),
('Tarımsal Girdi Fiyat Endeksi', 2023, 8, 37.63),
('Tarımsal Girdi Fiyat Endeksi', 2023, 9, 36.39),
('Tarımsal Girdi Fiyat Endeksi', 2023, 10, 35.59),
('Tarımsal Girdi Fiyat Endeksi', 2023, 11, 35.19),
('Tarımsal Girdi Fiyat Endeksi', 2023, 12, 38.82),
('Tarımsal Girdi Fiyat Endeksi', 2024, 1, 45.11),
('Tarımsal Girdi Fiyat Endeksi', 2024, 2, 49.92),
('Tarımsal Girdi Fiyat Endeksi', 2024, 3, 49.93),
('Tarımsal Girdi Fiyat Endeksi', 2024, 4, 52.2),
('Tarımsal Girdi Fiyat Endeksi', 2024, 5, 53.08),
('Tarımsal Girdi Fiyat Endeksi', 2024, 6, 47.56),
('Tarımsal Girdi Fiyat Endeksi', 2024, 7, 41.6),
('Tarımsal Girdi Fiyat Endeksi', 2024, 8, 33.25),
('Tarımsal Girdi Fiyat Endeksi', 2024, 9, 31.83),
('Tarımsal Girdi Fiyat Endeksi', 2024, 10, 32.59),
('Tarımsal Girdi Fiyat Endeksi', 2024, 11, 32.92),
('Tarımsal Girdi Fiyat Endeksi', 2024, 12, 32.49),
('Tarımsal Girdi Fiyat Endeksi', 2025, 1, 30.49),
('Tarımsal Girdi Fiyat Endeksi', 2025, 2, 28.92),
('Tarımsal Girdi Fiyat Endeksi', 2025, 3, 29.73),
('Tarımsal Girdi Fiyat Endeksi', 2025, 4, 30.12),
('Tarımsal Girdi Fiyat Endeksi', 2025, 7, 34.22),
('Tarımsal Girdi Fiyat Endeksi', 2025, 8, 34.09),
('Tarımsal Girdi Fiyat Endeksi', 2025, 9, 34.6),
('Tarımsal Girdi Fiyat Endeksi', 2025, 10, 33.66),
('Tarımsal Girdi Fiyat Endeksi', 2025, 11, 34.24),
('Tarımsal Girdi Fiyat Endeksi', 2025, 12, 33.15),
('Tarımsal Girdi Fiyat Endeksi', 2026, 1, 30.59),
('Tarımsal Girdi Fiyat Endeksi', 2026, 2, 31.55),
('Tarımsal Girdi Fiyat Endeksi', 2026, 3, 34.26),
('Tarımda kullanılan mal ve hizmetler (Girdi 1)', 2021, 1, 19.19),
('Tarımda kullanılan mal ve hizmetler (Girdi 1)', 2021, 2, 20.61),
('Tarımda kullanılan mal ve hizmetler (Girdi 1)', 2021, 3, 22.28),
('Tarımda kullanılan mal ve hizmetler (Girdi 1)', 2021, 4, 23.49),
('Tarımda kullanılan mal ve hizmetler (Girdi 1)', 2021, 5, 26.74),
('Tarımda kullanılan mal ve hizmetler (Girdi 1)', 2021, 6, 32.31),
('Tarımda kullanılan mal ve hizmetler (Girdi 1)', 2021, 7, 35.56),
('Tarımda kullanılan mal ve hizmetler (Girdi 1)', 2021, 8, 34.85),
('Tarımda kullanılan mal ve hizmetler (Girdi 1)', 2021, 9, 35.05),
('Tarımda kullanılan mal ve hizmetler (Girdi 1)', 2021, 10, 38.73),
('Tarımda kullanılan mal ve hizmetler (Girdi 1)', 2021, 11, 48.37),
('Tarımda kullanılan mal ve hizmetler (Girdi 1)', 2021, 12, 65.27),
('Tarımda kullanılan mal ve hizmetler (Girdi 1)', 2022, 1, 82.99),
('Tarımda kullanılan mal ve hizmetler (Girdi 1)', 2022, 2, 97.41),
('Tarımda kullanılan mal ve hizmetler (Girdi 1)', 2022, 3, 120.74),
('Tarımda kullanılan mal ve hizmetler (Girdi 1)', 2022, 4, 132.14),
('Tarımda kullanılan mal ve hizmetler (Girdi 1)', 2022, 5, 136.29),
('Tarımda kullanılan mal ve hizmetler (Girdi 1)', 2022, 6, 145.43),
('Tarımda kullanılan mal ve hizmetler (Girdi 1)', 2022, 7, 141.6),
('Tarımda kullanılan mal ve hizmetler (Girdi 1)', 2022, 8, 144.25),
('Tarımda kullanılan mal ve hizmetler (Girdi 1)', 2022, 9, 148.31),
('Tarımda kullanılan mal ve hizmetler (Girdi 1)', 2022, 10, 139.79),
('Tarımda kullanılan mal ve hizmetler (Girdi 1)', 2022, 11, 119.12),
('Tarımda kullanılan mal ve hizmetler (Girdi 1)', 2022, 12, 90.55),
('Tarımda kullanılan mal ve hizmetler (Girdi 1)', 2023, 1, 71.79),
('Tarımda kullanılan mal ve hizmetler (Girdi 1)', 2023, 2, 56.58),
('Tarımda kullanılan mal ve hizmetler (Girdi 1)', 2023, 3, 38.73),
('Tarımda kullanılan mal ve hizmetler (Girdi 1)', 2023, 4, 29.17),
('Tarımda kullanılan mal ve hizmetler (Girdi 1)', 2023, 5, 23.14),
('Tarımda kullanılan mal ve hizmetler (Girdi 1)', 2023, 6, 18.99),
('Tarımda kullanılan mal ve hizmetler (Girdi 1)', 2023, 7, 25.67),
('Tarımda kullanılan mal ve hizmetler (Girdi 1)', 2023, 8, 32.72),
('Tarımda kullanılan mal ve hizmetler (Girdi 1)', 2023, 9, 30.96),
('Tarımda kullanılan mal ve hizmetler (Girdi 1)', 2023, 10, 30.22),
('Tarımda kullanılan mal ve hizmetler (Girdi 1)', 2023, 11, 30.16),
('Tarımda kullanılan mal ve hizmetler (Girdi 1)', 2023, 12, 34.49),
('Tarımda kullanılan mal ve hizmetler (Girdi 1)', 2024, 1, 41.22),
('Tarımda kullanılan mal ve hizmetler (Girdi 1)', 2024, 2, 46.51),
('Tarımda kullanılan mal ve hizmetler (Girdi 1)', 2024, 3, 46.74),
('Tarımda kullanılan mal ve hizmetler (Girdi 1)', 2024, 4, 49.13),
('Tarımda kullanılan mal ve hizmetler (Girdi 1)', 2024, 5, 50.35),
('Tarımda kullanılan mal ve hizmetler (Girdi 1)', 2024, 6, 44.6),
('Tarımda kullanılan mal ve hizmetler (Girdi 1)', 2024, 7, 39.82),
('Tarımda kullanılan mal ve hizmetler (Girdi 1)', 2024, 8, 30.9),
('Tarımda kullanılan mal ve hizmetler (Girdi 1)', 2024, 9, 29.71),
('Tarımda kullanılan mal ve hizmetler (Girdi 1)', 2024, 10, 31.03),
('Tarımda kullanılan mal ve hizmetler (Girdi 1)', 2024, 11, 31.52),
('Tarımda kullanılan mal ve hizmetler (Girdi 1)', 2024, 12, 30.62),
('Tarımda kullanılan mal ve hizmetler (Girdi 1)', 2025, 1, 29.02),
('Tarımda kullanılan mal ve hizmetler (Girdi 1)', 2025, 2, 27.49),
('Tarımda kullanılan mal ve hizmetler (Girdi 1)', 2025, 3, 29.1),
('Tarımda kullanılan mal ve hizmetler (Girdi 1)', 2025, 4, 29.65),
('Tarımda kullanılan mal ve hizmetler (Girdi 1)', 2025, 5, 31.08),
('Tarımda kullanılan mal ve hizmetler (Girdi 1)', 2025, 6, 33.92),
('Tarımda kullanılan mal ve hizmetler (Girdi 1)', 2025, 7, 34.33),
('Tarımda kullanılan mal ve hizmetler (Girdi 1)', 2025, 8, 35.07),
('Tarımda kullanılan mal ve hizmetler (Girdi 1)', 2025, 9, 36.01),
('Tarımda kullanılan mal ve hizmetler (Girdi 1)', 2025, 10, 34.79),
('Tarımda kullanılan mal ve hizmetler (Girdi 1)', 2025, 11, 35.49),
('Tarımda kullanılan mal ve hizmetler (Girdi 1)', 2025, 12, 34.48),
('Tarımda kullanılan mal ve hizmetler (Girdi 1)', 2026, 1, 32.09),
('Tarımda kullanılan mal ve hizmetler (Girdi 1)', 2026, 2, 32.81),
('Tarımda kullanılan mal ve hizmetler (Girdi 1)', 2026, 3, 35.82),
('Tohum ve dikim materyali', 2021, 1, 1.4),
('Tohum ve dikim materyali', 2021, 2, 3.6),
('Tohum ve dikim materyali', 2021, 3, 6.25),
('Tohum ve dikim materyali', 2021, 4, 7.48),
('Tohum ve dikim materyali', 2021, 5, 10.71),
('Tohum ve dikim materyali', 2021, 6, 11.25),
('Tohum ve dikim materyali', 2021, 7, 11.55),
('Tohum ve dikim materyali', 2021, 8, 11.8),
('Tohum ve dikim materyali', 2021, 9, 17.48),
('Tohum ve dikim materyali', 2021, 10, 19.19),
('Tohum ve dikim materyali', 2021, 11, 25.15),
('Tohum ve dikim materyali', 2021, 12, 25.66),
('Tohum ve dikim materyali', 2022, 1, 16.04),
('Tohum ve dikim materyali', 2022, 2, 36.57),
('Tohum ve dikim materyali', 2022, 3, 43.1),
('Tohum ve dikim materyali', 2022, 4, 50.0),
('Tohum ve dikim materyali', 2022, 5, 54.69),
('Tohum ve dikim materyali', 2022, 6, 55.5),
('Tohum ve dikim materyali', 2022, 7, 61.31),
('Tohum ve dikim materyali', 2022, 8, 86.41),
('Tohum ve dikim materyali', 2022, 9, 110.8),
('Tohum ve dikim materyali', 2022, 10, 107.63),
('Tohum ve dikim materyali', 2022, 11, 101.35),
('Tohum ve dikim materyali', 2022, 12, 102.99),
('Tohum ve dikim materyali', 2023, 1, 128.46),
('Tohum ve dikim materyali', 2023, 2, 96.36),
('Tohum ve dikim materyali', 2023, 3, 92.83),
('Tohum ve dikim materyali', 2023, 4, 85.31),
('Tohum ve dikim materyali', 2023, 5, 82.84),
('Tohum ve dikim materyali', 2023, 6, 83.25),
('Tohum ve dikim materyali', 2023, 7, 80.04),
('Tohum ve dikim materyali', 2023, 8, 64.0),
('Tohum ve dikim materyali', 2023, 9, 46.34),
('Tohum ve dikim materyali', 2023, 10, 47.1),
('Tohum ve dikim materyali', 2023, 11, 46.61),
('Tohum ve dikim materyali', 2023, 12, 47.32),
('Tohum ve dikim materyali', 2024, 1, 49.52),
('Tohum ve dikim materyali', 2024, 2, 53.37),
('Tohum ve dikim materyali', 2024, 3, 56.63),
('Tohum ve dikim materyali', 2024, 4, 61.96),
('Tohum ve dikim materyali', 2024, 5, 62.16),
('Tohum ve dikim materyali', 2024, 6, 61.56),
('Tohum ve dikim materyali', 2024, 7, 59.53),
('Tohum ve dikim materyali', 2024, 8, 57.94),
('Tohum ve dikim materyali', 2024, 9, 58.03),
('Tohum ve dikim materyali', 2024, 10, 55.02),
('Tohum ve dikim materyali', 2024, 11, 53.35),
('Tohum ve dikim materyali', 2024, 12, 52.31),
('Tohum ve dikim materyali', 2025, 1, 50.09),
('Tohum ve dikim materyali', 2025, 2, 47.57),
('Tohum ve dikim materyali', 2025, 3, 41.55),
('Tohum ve dikim materyali', 2025, 4, 34.37),
('Tohum ve dikim materyali', 2025, 5, 33.15),
('Tohum ve dikim materyali', 2025, 6, 35.49),
('Tohum ve dikim materyali', 2025, 7, 36.32),
('Tohum ve dikim materyali', 2025, 8, 32.51),
('Tohum ve dikim materyali', 2025, 9, 33.33),
('Tohum ve dikim materyali', 2025, 10, 36.86),
('Tohum ve dikim materyali', 2025, 11, 37.99),
('Tohum ve dikim materyali', 2025, 12, 38.98),
('Tohum ve dikim materyali', 2026, 1, 34.94),
('Tohum ve dikim materyali', 2026, 2, 34.58),
('Tohum ve dikim materyali', 2026, 3, 33.58),
('Enerji ve yağlayıcılar', 2021, 1, 6.51),
('Enerji ve yağlayıcılar', 2021, 2, 8.14),
('Enerji ve yağlayıcılar', 2021, 3, 13.42),
('Enerji ve yağlayıcılar', 2021, 4, 18.05),
('Enerji ve yağlayıcılar', 2021, 5, 19.64),
('Enerji ve yağlayıcılar', 2021, 6, 20.7),
('Enerji ve yağlayıcılar', 2021, 7, 24.11),
('Enerji ve yağlayıcılar', 2021, 8, 22.62),
('Enerji ve yağlayıcılar', 2021, 9, 25.45),
('Enerji ve yağlayıcılar', 2021, 10, 27.08),
('Enerji ve yağlayıcılar', 2021, 11, 32.51),
('Enerji ve yağlayıcılar', 2021, 12, 47.25),
('Enerji ve yağlayıcılar', 2022, 1, 105.74),
('Enerji ve yağlayıcılar', 2022, 2, 119.43),
('Enerji ve yağlayıcılar', 2022, 3, 156.73),
('Enerji ve yağlayıcılar', 2022, 4, 167.61),
('Enerji ve yağlayıcılar', 2022, 5, 167.61),
('Enerji ve yağlayıcılar', 2022, 6, 209.51),
('Enerji ve yağlayıcılar', 2022, 7, 182.12),
('Enerji ve yağlayıcılar', 2022, 8, 168.77),
('Enerji ve yağlayıcılar', 2022, 9, 187.3),
('Enerji ve yağlayıcılar', 2022, 10, 183.24),
('Enerji ve yağlayıcılar', 2022, 11, 161.03),
('Enerji ve yağlayıcılar', 2022, 12, 112.69),
('Enerji ve yağlayıcılar', 2023, 1, 50.92),
('Enerji ve yağlayıcılar', 2023, 2, 36.44),
('Enerji ve yağlayıcılar', 2023, 3, 16.55),
('Enerji ve yağlayıcılar', 2023, 4, 6.6),
('Enerji ve yağlayıcılar', 2023, 5, -0.89),
('Enerji ve yağlayıcılar', 2023, 6, -11.19),
('Enerji ve yağlayıcılar', 2023, 7, 12.35),
('Enerji ve yağlayıcılar', 2023, 8, 38.81),
('Enerji ve yağlayıcılar', 2023, 9, 33.2),
('Enerji ve yağlayıcılar', 2023, 10, 34.24),
('Enerji ve yağlayıcılar', 2023, 11, 34.3),
('Enerji ve yağlayıcılar', 2023, 12, 41.8),
('Enerji ve yağlayıcılar', 2024, 1, 47.37),
('Enerji ve yağlayıcılar', 2024, 2, 61.36),
('Enerji ve yağlayıcılar', 2024, 3, 59.97),
('Enerji ve yağlayıcılar', 2024, 4, 70.69),
('Enerji ve yağlayıcılar', 2024, 5, 75.42),
('Enerji ve yağlayıcılar', 2024, 6, 63.17),
('Enerji ve yağlayıcılar', 2024, 7, 51.21),
('Enerji ve yağlayıcılar', 2024, 8, 26.68),
('Enerji ve yağlayıcılar', 2024, 9, 19.8),
('Enerji ve yağlayıcılar', 2024, 10, 16.48),
('Enerji ve yağlayıcılar', 2024, 11, 19.27),
('Enerji ve yağlayıcılar', 2024, 12, 23.2),
('Enerji ve yağlayıcılar', 2025, 1, 21.43),
('Enerji ve yağlayıcılar', 2025, 2, 16.07),
('Enerji ve yağlayıcılar', 2025, 3, 16.46),
('Enerji ve yağlayıcılar', 2025, 4, 17.2),
('Enerji ve yağlayıcılar', 2025, 5, 20.63),
('Enerji ve yağlayıcılar', 2025, 6, 25.71),
('Enerji ve yağlayıcılar', 2025, 7, 18.32),
('Enerji ve yağlayıcılar', 2025, 8, 19.11),
('Enerji ve yağlayıcılar', 2025, 9, 24.06),
('Enerji ve yağlayıcılar', 2025, 10, 22.3),
('Enerji ve yağlayıcılar', 2025, 11, 26.95),
('Enerji ve yağlayıcılar', 2025, 12, 21.13),
('Enerji ve yağlayıcılar', 2026, 1, 18.47),
('Enerji ve yağlayıcılar', 2026, 2, 21.11),
('Enerji ve yağlayıcılar', 2026, 3, 34.24),
('Gübre ve toprak geliştiriciler', 2021, 1, 30.63),
('Gübre ve toprak geliştiriciler', 2021, 2, 38.16),
('Gübre ve toprak geliştiriciler', 2021, 3, 40.44),
('Gübre ve toprak geliştiriciler', 2021, 4, 45.26),
('Gübre ve toprak geliştiriciler', 2021, 5, 50.97),
('Gübre ve toprak geliştiriciler', 2021, 6, 61.6),
('Gübre ve toprak geliştiriciler', 2021, 7, 74.03),
('Gübre ve toprak geliştiriciler', 2021, 8, 79.34),
('Gübre ve toprak geliştiriciler', 2021, 9, 83.75),
('Gübre ve toprak geliştiriciler', 2021, 10, 104.68),
('Gübre ve toprak geliştiriciler', 2021, 11, 145.47),
('Gübre ve toprak geliştiriciler', 2021, 12, 197.81),
('Gübre ve toprak geliştiriciler', 2022, 1, 200.1),
('Gübre ve toprak geliştiriciler', 2022, 2, 171.02),
('Gübre ve toprak geliştiriciler', 2022, 3, 230.11),
('Gübre ve toprak geliştiriciler', 2022, 4, 240.75),
('Gübre ve toprak geliştiriciler', 2022, 5, 232.11),
('Gübre ve toprak geliştiriciler', 2022, 6, 221.99),
('Gübre ve toprak geliştiriciler', 2022, 7, 216.98),
('Gübre ve toprak geliştiriciler', 2022, 8, 214.14),
('Gübre ve toprak geliştiriciler', 2022, 9, 206.76),
('Gübre ve toprak geliştiriciler', 2022, 10, 174.0),
('Gübre ve toprak geliştiriciler', 2022, 11, 119.36),
('Gübre ve toprak geliştiriciler', 2022, 12, 70.79),
('Gübre ve toprak geliştiriciler', 2023, 1, 52.14),
('Gübre ve toprak geliştiriciler', 2023, 2, 52.48),
('Gübre ve toprak geliştiriciler', 2023, 3, 16.76),
('Gübre ve toprak geliştiriciler', 2023, 4, 5.01),
('Gübre ve toprak geliştiriciler', 2023, 5, 1.6),
('Gübre ve toprak geliştiriciler', 2023, 6, 0.71),
('Gübre ve toprak geliştiriciler', 2023, 7, -0.7),
('Gübre ve toprak geliştiriciler', 2023, 8, 11.67),
('Gübre ve toprak geliştiriciler', 2023, 9, 11.05),
('Gübre ve toprak geliştiriciler', 2023, 10, 6.22),
('Gübre ve toprak geliştiriciler', 2023, 11, 5.32),
('Gübre ve toprak geliştiriciler', 2023, 12, 7.68),
('Gübre ve toprak geliştiriciler', 2024, 1, 15.29),
('Gübre ve toprak geliştiriciler', 2024, 2, 24.25),
('Gübre ve toprak geliştiriciler', 2024, 3, 26.85),
('Gübre ve toprak geliştiriciler', 2024, 4, 26.92),
('Gübre ve toprak geliştiriciler', 2024, 5, 28.75),
('Gübre ve toprak geliştiriciler', 2024, 6, 27.53),
('Gübre ve toprak geliştiriciler', 2024, 7, 25.99),
('Gübre ve toprak geliştiriciler', 2024, 8, 9.27),
('Gübre ve toprak geliştiriciler', 2024, 9, 8.64),
('Gübre ve toprak geliştiriciler', 2024, 10, 13.48),
('Gübre ve toprak geliştiriciler', 2024, 11, 17.85),
('Gübre ve toprak geliştiriciler', 2024, 12, 21.45),
('Gübre ve toprak geliştiriciler', 2025, 1, 27.77),
('Gübre ve toprak geliştiriciler', 2025, 2, 26.67),
('Gübre ve toprak geliştiriciler', 2025, 3, 28.53),
('Gübre ve toprak geliştiriciler', 2025, 4, 30.91),
('Gübre ve toprak geliştiriciler', 2025, 5, 33.18),
('Gübre ve toprak geliştiriciler', 2025, 6, 40.98),
('Gübre ve toprak geliştiriciler', 2025, 7, 50.24),
('Gübre ve toprak geliştiriciler', 2025, 8, 53.01),
('Gübre ve toprak geliştiriciler', 2025, 9, 51.78),
('Gübre ve toprak geliştiriciler', 2025, 10, 47.39),
('Gübre ve toprak geliştiriciler', 2025, 11, 46.09),
('Gübre ve toprak geliştiriciler', 2025, 12, 44.95),
('Gübre ve toprak geliştiriciler', 2026, 1, 37.9),
('Gübre ve toprak geliştiriciler', 2026, 2, 36.89),
('Gübre ve toprak geliştiriciler', 2026, 3, 48.33),
('Düz gübreler', 2021, 1, 32.88),
('Düz gübreler', 2021, 2, 40.75),
('Düz gübreler', 2021, 3, 40.8),
('Düz gübreler', 2021, 4, 43.63),
('Düz gübreler', 2021, 5, 49.83),
('Düz gübreler', 2021, 6, 62.22),
('Düz gübreler', 2021, 7, 74.77),
('Düz gübreler', 2021, 8, 78.87),
('Düz gübreler', 2021, 9, 82.77),
('Düz gübreler', 2021, 10, 114.33),
('Düz gübreler', 2021, 11, 165.16),
('Düz gübreler', 2021, 12, 229.1),
('Düz gübreler', 2022, 1, 230.01),
('Düz gübreler', 2022, 2, 189.28),
('Düz gübreler', 2022, 3, 249.44),
('Düz gübreler', 2022, 4, 266.16),
('Düz gübreler', 2022, 5, 256.42),
('Düz gübreler', 2022, 6, 238.05),
('Düz gübreler', 2022, 7, 219.03),
('Düz gübreler', 2022, 8, 215.32),
('Düz gübreler', 2022, 9, 204.81),
('Düz gübreler', 2022, 10, 162.57),
('Düz gübreler', 2022, 11, 105.97),
('Düz gübreler', 2022, 12, 55.45),
('Düz gübreler', 2023, 1, 35.18),
('Düz gübreler', 2023, 2, 35.9),
('Düz gübreler', 2023, 3, 4.66),
('Düz gübreler', 2023, 4, -6.75),
('Düz gübreler', 2023, 5, -10.55),
('Düz gübreler', 2023, 6, -9.7),
('Düz gübreler', 2023, 7, -6.31),
('Düz gübreler', 2023, 8, 7.81),
('Düz gübreler', 2023, 9, 8.22),
('Düz gübreler', 2023, 10, 2.96),
('Düz gübreler', 2023, 11, 0.82),
('Düz gübreler', 2023, 12, 3.0),
('Düz gübreler', 2024, 1, 13.17),
('Düz gübreler', 2024, 2, 27.88),
('Düz gübreler', 2024, 3, 32.18),
('Düz gübreler', 2024, 4, 31.11),
('Düz gübreler', 2024, 5, 32.61),
('Düz gübreler', 2024, 6, 30.4),
('Düz gübreler', 2024, 7, 27.56),
('Düz gübreler', 2024, 8, 9.24),
('Düz gübreler', 2024, 9, 8.33),
('Düz gübreler', 2024, 10, 12.75),
('Düz gübreler', 2024, 11, 17.86),
('Düz gübreler', 2024, 12, 22.99),
('Düz gübreler', 2025, 1, 30.94),
('Düz gübreler', 2025, 2, 27.12),
('Düz gübreler', 2025, 3, 28.87),
('Düz gübreler', 2025, 4, 32.03),
('Düz gübreler', 2025, 5, 36.01),
('Düz gübreler', 2025, 6, 45.53),
('Düz gübreler', 2025, 7, 58.28),
('Düz gübreler', 2025, 8, 58.43),
('Düz gübreler', 2025, 9, 57.38),
('Düz gübreler', 2025, 10, 51.08),
('Düz gübreler', 2025, 11, 48.98),
('Düz gübreler', 2025, 12, 47.06),
('Düz gübreler', 2026, 1, 37.4),
('Düz gübreler', 2026, 2, 36.25),
('Düz gübreler', 2026, 3, 50.93),
('Bileşik gübreler', 2021, 1, 27.69),
('Bileşik gübreler', 2021, 2, 34.77),
('Bileşik gübreler', 2021, 3, 39.97),
('Bileşik gübreler', 2021, 4, 47.5),
('Bileşik gübreler', 2021, 5, 52.51),
('Bileşik gübreler', 2021, 6, 60.75),
('Bileşik gübreler', 2021, 7, 73.02),
('Bileşik gübreler', 2021, 8, 79.99),
('Bileşik gübreler', 2021, 9, 85.02),
('Bileşik gübreler', 2021, 10, 92.21),
('Bileşik gübreler', 2021, 11, 120.02),
('Bileşik gübreler', 2021, 12, 156.65),
('Bileşik gübreler', 2022, 1, 159.47),
('Bileşik gübreler', 2022, 2, 146.0),
('Bileşik gübreler', 2022, 3, 203.98),
('Bileşik gübreler', 2022, 4, 206.52),
('Bileşik gübreler', 2022, 5, 199.35),
('Bileşik gübreler', 2022, 6, 199.99),
('Bileşik gübreler', 2022, 7, 214.17),
('Bileşik gübreler', 2022, 8, 212.57),
('Bileşik gübreler', 2022, 9, 209.27),
('Bileşik gübreler', 2022, 10, 190.53),
('Bileşik gübreler', 2022, 11, 140.19),
('Bileşik gübreler', 2022, 12, 96.68),
('Bileşik gübreler', 2023, 1, 81.45),
('Bileşik gübreler', 2023, 2, 79.22),
('Bileşik gübreler', 2023, 3, 35.59),
('Bileşik gübreler', 2023, 4, 23.96),
('Bileşik gübreler', 2023, 5, 21.11),
('Bileşik gübreler', 2023, 6, 16.81),
('Bileşik gübreler', 2023, 7, 7.08),
('Bileşik gübreler', 2023, 8, 16.79),
('Bileşik gübreler', 2023, 9, 14.64),
('Bileşik gübreler', 2023, 10, 10.47),
('Bileşik gübreler', 2023, 11, 11.32),
('Bileşik gübreler', 2023, 12, 13.93),
('Bileşik gübreler', 2024, 1, 18.02),
('Bileşik gübreler', 2024, 2, 19.8),
('Bileşik gübreler', 2024, 3, 20.44),
('Bileşik gübreler', 2024, 4, 21.84),
('Bileşik gübreler', 2024, 5, 24.18),
('Bileşik gübreler', 2024, 6, 24.1),
('Bileşik gübreler', 2024, 7, 24.08),
('Bileşik gübreler', 2024, 8, 9.31),
('Bileşik gübreler', 2024, 9, 9.02),
('Bileşik gübreler', 2024, 10, 14.37),
('Bileşik gübreler', 2024, 11, 17.83),
('Bileşik gübreler', 2024, 12, 19.59),
('Bileşik gübreler', 2025, 1, 23.86),
('Bileşik gübreler', 2025, 2, 26.06),
('Bileşik gübreler', 2025, 3, 28.09),
('Bileşik gübreler', 2025, 4, 29.44),
('Bileşik gübreler', 2025, 5, 29.59),
('Bileşik gübreler', 2025, 6, 35.26),
('Bileşik gübreler', 2025, 7, 40.23),
('Bileşik gübreler', 2025, 8, 46.39),
('Bileşik gübreler', 2025, 9, 45.1),
('Bileşik gübreler', 2025, 10, 42.96),
('Bileşik gübreler', 2025, 11, 42.61),
('Bileşik gübreler', 2025, 12, 42.32),
('Bileşik gübreler', 2026, 1, 38.55),
('Bileşik gübreler', 2026, 2, 37.74),
('Bileşik gübreler', 2026, 3, 44.88),
('Tarımsal ilaçlar', 2021, 1, 11.81),
('Tarımsal ilaçlar', 2021, 2, 15.78),
('Tarımsal ilaçlar', 2021, 3, 15.45),
('Tarımsal ilaçlar', 2021, 4, 10.65),
('Tarımsal ilaçlar', 2021, 5, 12.36),
('Tarımsal ilaçlar', 2021, 6, 17.83),
('Tarımsal ilaçlar', 2021, 7, 16.77),
('Tarımsal ilaçlar', 2021, 8, 15.38),
('Tarımsal ilaçlar', 2021, 9, 15.33),
('Tarımsal ilaçlar', 2021, 10, 27.95),
('Tarımsal ilaçlar', 2021, 11, 37.75),
('Tarımsal ilaçlar', 2021, 12, 42.54),
('Tarımsal ilaçlar', 2022, 1, 76.07),
('Tarımsal ilaçlar', 2022, 2, 101.89),
('Tarımsal ilaçlar', 2022, 3, 103.41),
('Tarımsal ilaçlar', 2022, 4, 105.73),
('Tarımsal ilaçlar', 2022, 5, 102.91),
('Tarımsal ilaçlar', 2022, 6, 103.7),
('Tarımsal ilaçlar', 2022, 7, 118.96),
('Tarımsal ilaçlar', 2022, 8, 153.73),
('Tarımsal ilaçlar', 2022, 9, 151.75),
('Tarımsal ilaçlar', 2022, 10, 118.84),
('Tarımsal ilaçlar', 2022, 11, 106.32),
('Tarımsal ilaçlar', 2022, 12, 100.92),
('Tarımsal ilaçlar', 2023, 1, 66.52),
('Tarımsal ilaçlar', 2023, 2, 45.08),
('Tarımsal ilaçlar', 2023, 3, 44.72),
('Tarımsal ilaçlar', 2023, 4, 43.1),
('Tarımsal ilaçlar', 2023, 5, 43.64),
('Tarımsal ilaçlar', 2023, 6, 42.36),
('Tarımsal ilaçlar', 2023, 7, 32.83),
('Tarımsal ilaçlar', 2023, 8, 17.28),
('Tarımsal ilaçlar', 2023, 9, 17.43),
('Tarımsal ilaçlar', 2023, 10, 20.44),
('Tarımsal ilaçlar', 2023, 11, 20.08),
('Tarımsal ilaçlar', 2023, 12, 20.75),
('Tarımsal ilaçlar', 2024, 1, 20.76),
('Tarımsal ilaçlar', 2024, 2, 21.33),
('Tarımsal ilaçlar', 2024, 3, 22.78),
('Tarımsal ilaçlar', 2024, 4, 23.76),
('Tarımsal ilaçlar', 2024, 5, 23.98),
('Tarımsal ilaçlar', 2024, 6, 23.54),
('Tarımsal ilaçlar', 2024, 7, 22.84),
('Tarımsal ilaçlar', 2024, 8, 23.07),
('Tarımsal ilaçlar', 2024, 9, 22.89),
('Tarımsal ilaçlar', 2024, 10, 22.44),
('Tarımsal ilaçlar', 2024, 11, 21.82),
('Tarımsal ilaçlar', 2024, 12, 22.14),
('Tarımsal ilaçlar', 2025, 1, 21.66),
('Tarımsal ilaçlar', 2025, 2, 20.65),
('Tarımsal ilaçlar', 2025, 3, 19.52),
('Tarımsal ilaçlar', 2025, 4, 18.19),
('Tarımsal ilaçlar', 2025, 5, 17.82),
('Tarımsal ilaçlar', 2025, 6, 17.91),
('Tarımsal ilaçlar', 2025, 7, 18.19),
('Tarımsal ilaçlar', 2025, 8, 17.41),
('Tarımsal ilaçlar', 2025, 9, 17.4),
('Tarımsal ilaçlar', 2025, 10, 18.91),
('Tarımsal ilaçlar', 2025, 11, 19.38),
('Tarımsal ilaçlar', 2025, 12, 18.29),
('Tarımsal ilaçlar', 2026, 1, 18.07),
('Tarımsal ilaçlar', 2026, 2, 18.33),
('Tarımsal ilaçlar', 2026, 3, 20.3),
('Fungusitler (mantar öldürücü ilaçlar)', 2021, 1, 30.11),
('Fungusitler (mantar öldürücü ilaçlar)', 2021, 2, 42.79),
('Fungusitler (mantar öldürücü ilaçlar)', 2021, 3, 38.72),
('Fungusitler (mantar öldürücü ilaçlar)', 2021, 4, 25.69),
('Fungusitler (mantar öldürücü ilaçlar)', 2021, 5, 25.18),
('Fungusitler (mantar öldürücü ilaçlar)', 2021, 6, 40.2),
('Fungusitler (mantar öldürücü ilaçlar)', 2021, 7, 34.67),
('Fungusitler (mantar öldürücü ilaçlar)', 2021, 8, 36.77),
('Fungusitler (mantar öldürücü ilaçlar)', 2021, 9, 30.47),
('Fungusitler (mantar öldürücü ilaçlar)', 2021, 10, 29.58),
('Fungusitler (mantar öldürücü ilaçlar)', 2021, 11, 30.71),
('Fungusitler (mantar öldürücü ilaçlar)', 2021, 12, 39.37),
('Fungusitler (mantar öldürücü ilaçlar)', 2022, 1, 77.54),
('Fungusitler (mantar öldürücü ilaçlar)', 2022, 2, 73.14),
('Fungusitler (mantar öldürücü ilaçlar)', 2022, 3, 80.27),
('Fungusitler (mantar öldürücü ilaçlar)', 2022, 4, 72.88),
('Fungusitler (mantar öldürücü ilaçlar)', 2022, 5, 78.34),
('Fungusitler (mantar öldürücü ilaçlar)', 2022, 6, 76.15),
('Fungusitler (mantar öldürücü ilaçlar)', 2022, 7, 117.95),
('Fungusitler (mantar öldürücü ilaçlar)', 2022, 8, 112.55),
('Fungusitler (mantar öldürücü ilaçlar)', 2022, 9, 115.73),
('Fungusitler (mantar öldürücü ilaçlar)', 2022, 10, 111.05),
('Fungusitler (mantar öldürücü ilaçlar)', 2022, 11, 110.08),
('Fungusitler (mantar öldürücü ilaçlar)', 2022, 12, 95.46),
('Fungusitler (mantar öldürücü ilaçlar)', 2023, 1, 45.71),
('Fungusitler (mantar öldürücü ilaçlar)', 2023, 2, 39.9),
('Fungusitler (mantar öldürücü ilaçlar)', 2023, 3, 38.84),
('Fungusitler (mantar öldürücü ilaçlar)', 2023, 4, 42.47),
('Fungusitler (mantar öldürücü ilaçlar)', 2023, 5, 40.6),
('Fungusitler (mantar öldürücü ilaçlar)', 2023, 6, 39.04),
('Fungusitler (mantar öldürücü ilaçlar)', 2023, 7, 13.52),
('Fungusitler (mantar öldürücü ilaçlar)', 2023, 8, 16.86),
('Fungusitler (mantar öldürücü ilaçlar)', 2023, 9, 17.14),
('Fungusitler (mantar öldürücü ilaçlar)', 2023, 10, 20.82),
('Fungusitler (mantar öldürücü ilaçlar)', 2023, 11, 22.35),
('Fungusitler (mantar öldürücü ilaçlar)', 2023, 12, 26.21),
('Fungusitler (mantar öldürücü ilaçlar)', 2024, 1, 27.86),
('Fungusitler (mantar öldürücü ilaçlar)', 2024, 2, 29.35),
('Fungusitler (mantar öldürücü ilaçlar)', 2024, 3, 31.58),
('Fungusitler (mantar öldürücü ilaçlar)', 2024, 4, 32.24),
('Fungusitler (mantar öldürücü ilaçlar)', 2024, 5, 32.35),
('Fungusitler (mantar öldürücü ilaçlar)', 2024, 6, 31.18),
('Fungusitler (mantar öldürücü ilaçlar)', 2024, 7, 30.7),
('Fungusitler (mantar öldürücü ilaçlar)', 2024, 8, 31.38),
('Fungusitler (mantar öldürücü ilaçlar)', 2024, 9, 30.95),
('Fungusitler (mantar öldürücü ilaçlar)', 2024, 10, 30.17),
('Fungusitler (mantar öldürücü ilaçlar)', 2024, 11, 29.11),
('Fungusitler (mantar öldürücü ilaçlar)', 2024, 12, 28.51),
('Fungusitler (mantar öldürücü ilaçlar)', 2025, 1, 26.65),
('Fungusitler (mantar öldürücü ilaçlar)', 2025, 2, 24.3),
('Fungusitler (mantar öldürücü ilaçlar)', 2025, 3, 22.04),
('Fungusitler (mantar öldürücü ilaçlar)', 2025, 4, 20.84),
('Fungusitler (mantar öldürücü ilaçlar)', 2025, 5, 20.19),
('Fungusitler (mantar öldürücü ilaçlar)', 2025, 6, 20.01),
('Fungusitler (mantar öldürücü ilaçlar)', 2025, 7, 20.12),
('Fungusitler (mantar öldürücü ilaçlar)', 2025, 8, 17.99),
('Fungusitler (mantar öldürücü ilaçlar)', 2025, 9, 18.0),
('Fungusitler (mantar öldürücü ilaçlar)', 2025, 10, 19.2),
('Fungusitler (mantar öldürücü ilaçlar)', 2025, 11, 19.54),
('Fungusitler (mantar öldürücü ilaçlar)', 2025, 12, 18.74),
('Fungusitler (mantar öldürücü ilaçlar)', 2026, 1, 18.44),
('Fungusitler (mantar öldürücü ilaçlar)', 2026, 2, 19.25),
('Fungusitler (mantar öldürücü ilaçlar)', 2026, 3, 21.67),
('İnsektisitler (böcek ve haşere ilaçları)', 2021, 1, 5.44),
('İnsektisitler (böcek ve haşere ilaçları)', 2021, 2, 3.07),
('İnsektisitler (böcek ve haşere ilaçları)', 2021, 3, 11.35),
('İnsektisitler (böcek ve haşere ilaçları)', 2021, 4, 10.3),
('İnsektisitler (böcek ve haşere ilaçları)', 2021, 5, 12.42),
('İnsektisitler (böcek ve haşere ilaçları)', 2021, 6, 16.77),
('İnsektisitler (böcek ve haşere ilaçları)', 2021, 7, 16.93),
('İnsektisitler (böcek ve haşere ilaçları)', 2021, 8, 12.42),
('İnsektisitler (böcek ve haşere ilaçları)', 2021, 9, 13.61),
('İnsektisitler (böcek ve haşere ilaçları)', 2021, 10, 16.64),
('İnsektisitler (böcek ve haşere ilaçları)', 2021, 11, 17.72),
('İnsektisitler (böcek ve haşere ilaçları)', 2021, 12, 21.87),
('İnsektisitler (böcek ve haşere ilaçları)', 2022, 1, 55.21),
('İnsektisitler (böcek ve haşere ilaçları)', 2022, 2, 121.5),
('İnsektisitler (böcek ve haşere ilaçları)', 2022, 3, 112.83),
('İnsektisitler (böcek ve haşere ilaçları)', 2022, 4, 116.39),
('İnsektisitler (böcek ve haşere ilaçları)', 2022, 5, 109.37),
('İnsektisitler (böcek ve haşere ilaçları)', 2022, 6, 110.93),
('İnsektisitler (böcek ve haşere ilaçları)', 2022, 7, 112.69),
('İnsektisitler (böcek ve haşere ilaçları)', 2022, 8, 133.4),
('İnsektisitler (böcek ve haşere ilaçları)', 2022, 9, 131.36),
('İnsektisitler (böcek ve haşere ilaçları)', 2022, 10, 125.82),
('İnsektisitler (böcek ve haşere ilaçları)', 2022, 11, 131.97),
('İnsektisitler (böcek ve haşere ilaçları)', 2022, 12, 130.08),
('İnsektisitler (böcek ve haşere ilaçları)', 2023, 1, 83.06),
('İnsektisitler (böcek ve haşere ilaçları)', 2023, 2, 35.42),
('İnsektisitler (böcek ve haşere ilaçları)', 2023, 3, 33.23),
('İnsektisitler (böcek ve haşere ilaçları)', 2023, 4, 31.61),
('İnsektisitler (böcek ve haşere ilaçları)', 2023, 5, 33.02),
('İnsektisitler (böcek ve haşere ilaçları)', 2023, 6, 32.62),
('İnsektisitler (böcek ve haşere ilaçları)', 2023, 7, 31.22),
('İnsektisitler (böcek ve haşere ilaçları)', 2023, 8, 26.32),
('İnsektisitler (böcek ve haşere ilaçları)', 2023, 9, 26.22),
('İnsektisitler (böcek ve haşere ilaçları)', 2023, 10, 26.6),
('İnsektisitler (böcek ve haşere ilaçları)', 2023, 11, 23.0),
('İnsektisitler (böcek ve haşere ilaçları)', 2023, 12, 21.29),
('İnsektisitler (böcek ve haşere ilaçları)', 2024, 1, 21.64),
('İnsektisitler (böcek ve haşere ilaçları)', 2024, 2, 22.19),
('İnsektisitler (böcek ve haşere ilaçları)', 2024, 3, 23.89),
('İnsektisitler (böcek ve haşere ilaçları)', 2024, 4, 24.31),
('İnsektisitler (böcek ve haşere ilaçları)', 2024, 5, 24.58),
('İnsektisitler (böcek ve haşere ilaçları)', 2024, 6, 24.66),
('İnsektisitler (böcek ve haşere ilaçları)', 2024, 7, 23.38),
('İnsektisitler (böcek ve haşere ilaçları)', 2024, 8, 23.42),
('İnsektisitler (böcek ve haşere ilaçları)', 2024, 9, 23.76),
('İnsektisitler (böcek ve haşere ilaçları)', 2024, 10, 23.61),
('İnsektisitler (böcek ve haşere ilaçları)', 2024, 11, 22.26),
('İnsektisitler (böcek ve haşere ilaçları)', 2024, 12, 22.88),
('İnsektisitler (böcek ve haşere ilaçları)', 2025, 1, 22.05),
('İnsektisitler (böcek ve haşere ilaçları)', 2025, 2, 21.33),
('İnsektisitler (böcek ve haşere ilaçları)', 2025, 3, 20.89),
('İnsektisitler (böcek ve haşere ilaçları)', 2025, 4, 19.79),
('İnsektisitler (böcek ve haşere ilaçları)', 2025, 5, 19.17),
('İnsektisitler (böcek ve haşere ilaçları)', 2025, 6, 18.97),
('İnsektisitler (böcek ve haşere ilaçları)', 2025, 7, 19.44),
('İnsektisitler (böcek ve haşere ilaçları)', 2025, 8, 18.8),
('İnsektisitler (böcek ve haşere ilaçları)', 2025, 9, 18.77),
('İnsektisitler (böcek ve haşere ilaçları)', 2025, 10, 20.44),
('İnsektisitler (böcek ve haşere ilaçları)', 2025, 11, 21.41),
('İnsektisitler (böcek ve haşere ilaçları)', 2025, 12, 20.41),
('İnsektisitler (böcek ve haşere ilaçları)', 2026, 1, 20.18),
('İnsektisitler (böcek ve haşere ilaçları)', 2026, 2, 20.13),
('İnsektisitler (böcek ve haşere ilaçları)', 2026, 3, 21.36),
('Herbisitler (ot öldürücü İlaç)', 2021, 1, 8.03),
('Herbisitler (ot öldürücü İlaç)', 2021, 2, 13.16),
('Herbisitler (ot öldürücü İlaç)', 2021, 3, 6.83),
('Herbisitler (ot öldürücü İlaç)', 2021, 4, 2.3),
('Herbisitler (ot öldürücü İlaç)', 2021, 5, 4.87),
('Herbisitler (ot öldürücü İlaç)', 2021, 6, 6.57),
('Herbisitler (ot öldürücü İlaç)', 2021, 7, 6.46),
('Herbisitler (ot öldürücü İlaç)', 2021, 8, 6.01),
('Herbisitler (ot öldürücü İlaç)', 2021, 9, 8.03),
('Herbisitler (ot öldürücü İlaç)', 2021, 10, 36.67),
('Herbisitler (ot öldürücü İlaç)', 2021, 11, 58.98),
('Herbisitler (ot öldürücü İlaç)', 2021, 12, 62.02),
('Herbisitler (ot öldürücü İlaç)', 2022, 1, 93.97),
('Herbisitler (ot öldürücü İlaç)', 2022, 2, 104.14),
('Herbisitler (ot öldürücü İlaç)', 2022, 3, 109.75),
('Herbisitler (ot öldürücü İlaç)', 2022, 4, 117.69),
('Herbisitler (ot öldürücü İlaç)', 2022, 5, 112.35),
('Herbisitler (ot öldürücü İlaç)', 2022, 6, 114.98),
('Herbisitler (ot öldürücü İlaç)', 2022, 7, 124.38),
('Herbisitler (ot öldürücü İlaç)', 2022, 8, 200.96),
('Herbisitler (ot öldürücü İlaç)', 2022, 9, 194.49),
('Herbisitler (ot öldürücü İlaç)', 2022, 10, 116.68),
('Herbisitler (ot öldürücü İlaç)', 2022, 11, 87.08),
('Herbisitler (ot öldürücü İlaç)', 2022, 12, 83.63),
('Herbisitler (ot öldürücü İlaç)', 2023, 1, 66.24),
('Herbisitler (ot öldürücü İlaç)', 2023, 2, 57.02),
('Herbisitler (ot öldürücü İlaç)', 2023, 3, 59.05),
('Herbisitler (ot öldürücü İlaç)', 2023, 4, 54.42),
('Herbisitler (ot öldürücü İlaç)', 2023, 5, 55.57),
('Herbisitler (ot öldürücü İlaç)', 2023, 6, 53.67),
('Herbisitler (ot öldürücü İlaç)', 2023, 7, 47.72),
('Herbisitler (ot öldürücü İlaç)', 2023, 8, 10.75),
('Herbisitler (ot öldürücü İlaç)', 2023, 9, 10.86),
('Herbisitler (ot öldürücü İlaç)', 2023, 10, 15.29),
('Herbisitler (ot öldürücü İlaç)', 2023, 11, 16.33),
('Herbisitler (ot öldürücü İlaç)', 2023, 12, 17.27),
('Herbisitler (ot öldürücü İlaç)', 2024, 1, 16.0),
('Herbisitler (ot öldürücü İlaç)', 2024, 2, 16.08),
('Herbisitler (ot öldürücü İlaç)', 2024, 3, 17.01),
('Herbisitler (ot öldürücü İlaç)', 2024, 4, 18.72),
('Herbisitler (ot öldürücü İlaç)', 2024, 5, 18.98),
('Herbisitler (ot öldürücü İlaç)', 2024, 6, 18.31),
('Herbisitler (ot öldürücü İlaç)', 2024, 7, 18.0),
('Herbisitler (ot öldürücü İlaç)', 2024, 8, 18.17),
('Herbisitler (ot öldürücü İlaç)', 2024, 9, 17.78),
('Herbisitler (ot öldürücü İlaç)', 2024, 10, 17.11),
('Herbisitler (ot öldürücü İlaç)', 2024, 11, 17.26),
('Herbisitler (ot öldürücü İlaç)', 2024, 12, 17.81),
('Herbisitler (ot öldürücü İlaç)', 2025, 1, 18.22),
('Herbisitler (ot öldürücü İlaç)', 2025, 2, 17.63),
('Herbisitler (ot öldürücü İlaç)', 2025, 3, 16.72),
('Herbisitler (ot öldürücü İlaç)', 2025, 4, 15.06),
('Herbisitler (ot öldürücü İlaç)', 2025, 5, 14.89),
('Herbisitler (ot öldürücü İlaç)', 2025, 6, 15.49),
('Herbisitler (ot öldürücü İlaç)', 2025, 7, 15.5),
('Herbisitler (ot öldürücü İlaç)', 2025, 8, 15.33),
('Herbisitler (ot öldürücü İlaç)', 2025, 9, 15.37),
('Herbisitler (ot öldürücü İlaç)', 2025, 10, 16.96),
('Herbisitler (ot öldürücü İlaç)', 2025, 11, 17.2),
('Herbisitler (ot öldürücü İlaç)', 2025, 12, 15.89),
('Herbisitler (ot öldürücü İlaç)', 2026, 1, 15.63),
('Herbisitler (ot öldürücü İlaç)', 2026, 2, 15.89),
('Herbisitler (ot öldürücü İlaç)', 2026, 3, 18.05),
('Diğer tarımsal ilaçlar', 2021, 1, 5.21),
('Diğer tarımsal ilaçlar', 2021, 2, 2.7),
('Diğer tarımsal ilaçlar', 2021, 3, 11.11),
('Diğer tarımsal ilaçlar', 2021, 4, 9.89),
('Diğer tarımsal ilaçlar', 2021, 5, 12.35),
('Diğer tarımsal ilaçlar', 2021, 6, 16.95),
('Diğer tarımsal ilaçlar', 2021, 7, 17.37),
('Diğer tarımsal ilaçlar', 2021, 8, 12.52),
('Diğer tarımsal ilaçlar', 2021, 9, 13.82),
('Diğer tarımsal ilaçlar', 2021, 10, 16.89),
('Diğer tarımsal ilaçlar', 2021, 11, 17.66),
('Diğer tarımsal ilaçlar', 2021, 12, 21.85),
('Diğer tarımsal ilaçlar', 2022, 1, 55.67),
('Diğer tarımsal ilaçlar', 2022, 2, 126.35),
('Diğer tarımsal ilaçlar', 2022, 3, 118.47),
('Diğer tarımsal ilaçlar', 2022, 4, 125.97),
('Diğer tarımsal ilaçlar', 2022, 5, 119.02),
('Diğer tarımsal ilaçlar', 2022, 6, 121.23),
('Diğer tarımsal ilaçlar', 2022, 7, 122.49),
('Diğer tarımsal ilaçlar', 2022, 8, 145.12),
('Diğer tarımsal ilaçlar', 2022, 9, 143.07),
('Diğer tarımsal ilaçlar', 2022, 10, 137.55),
('Diğer tarımsal ilaçlar', 2022, 11, 144.26),
('Diğer tarımsal ilaçlar', 2022, 12, 142.68),
('Diğer tarımsal ilaçlar', 2023, 1, 87.71),
('Diğer tarımsal ilaçlar', 2023, 2, 35.69),
('Diğer tarımsal ilaçlar', 2023, 3, 34.03),
('Diğer tarımsal ilaçlar', 2023, 4, 31.27),
('Diğer tarımsal ilaçlar', 2023, 5, 32.7),
('Diğer tarımsal ilaçlar', 2023, 6, 31.94),
('Diğer tarımsal ilaçlar', 2023, 7, 31.47),
('Diğer tarımsal ilaçlar', 2023, 8, 27.42),
('Diğer tarımsal ilaçlar', 2023, 9, 28.31),
('Diğer tarımsal ilaçlar', 2023, 10, 28.7),
('Diğer tarımsal ilaçlar', 2023, 11, 24.88),
('Diğer tarımsal ilaçlar', 2023, 12, 23.12),
('Diğer tarımsal ilaçlar', 2024, 1, 25.18),
('Diğer tarımsal ilaçlar', 2024, 2, 25.78),
('Diğer tarımsal ilaçlar', 2024, 3, 26.62),
('Diğer tarımsal ilaçlar', 2024, 4, 25.72),
('Diğer tarımsal ilaçlar', 2024, 5, 25.59),
('Diğer tarımsal ilaçlar', 2024, 6, 26.75),
('Diğer tarımsal ilaçlar', 2024, 7, 24.96),
('Diğer tarımsal ilaçlar', 2024, 8, 24.4),
('Diğer tarımsal ilaçlar', 2024, 9, 23.73),
('Diğer tarımsal ilaçlar', 2024, 10, 24.39),
('Diğer tarımsal ilaçlar', 2024, 11, 23.64),
('Diğer tarımsal ilaçlar', 2024, 12, 24.06),
('Diğer tarımsal ilaçlar', 2025, 1, 24.12),
('Diğer tarımsal ilaçlar', 2025, 2, 23.88),
('Diğer tarımsal ilaçlar', 2025, 3, 22.33),
('Diğer tarımsal ilaçlar', 2025, 4, 21.54),
('Diğer tarımsal ilaçlar', 2025, 5, 22.22),
('Diğer tarımsal ilaçlar', 2025, 6, 21.03),
('Diğer tarımsal ilaçlar', 2025, 7, 22.86),
('Diğer tarımsal ilaçlar', 2025, 8, 22.52),
('Diğer tarımsal ilaçlar', 2025, 9, 22.11),
('Diğer tarımsal ilaçlar', 2025, 10, 23.33),
('Diğer tarımsal ilaçlar', 2025, 11, 23.55),
('Diğer tarımsal ilaçlar', 2025, 12, 22.39),
('Diğer tarımsal ilaçlar', 2026, 1, 22.98),
('Diğer tarımsal ilaçlar', 2026, 2, 22.33),
('Diğer tarımsal ilaçlar', 2026, 3, 24.97),
('Veteriner harcamaları', 2021, 1, 11.41),
('Veteriner harcamaları', 2021, 2, 11.79),
('Veteriner harcamaları', 2021, 3, 18.49),
('Veteriner harcamaları', 2021, 4, 17.65),
('Veteriner harcamaları', 2021, 5, 17.57),
('Veteriner harcamaları', 2021, 6, 18.09),
('Veteriner harcamaları', 2021, 7, 17.9),
('Veteriner harcamaları', 2021, 8, 15.66),
('Veteriner harcamaları', 2021, 9, 14.92),
('Veteriner harcamaları', 2021, 10, 14.93),
('Veteriner harcamaları', 2021, 11, 18.06),
('Veteriner harcamaları', 2021, 12, 22.03),
('Veteriner harcamaları', 2022, 1, 35.88),
('Veteriner harcamaları', 2022, 2, 35.73),
('Veteriner harcamaları', 2022, 3, 27.89),
('Veteriner harcamaları', 2022, 4, 27.37),
('Veteriner harcamaları', 2022, 5, 31.62),
('Veteriner harcamaları', 2022, 6, 35.39),
('Veteriner harcamaları', 2022, 7, 54.58),
('Veteriner harcamaları', 2022, 8, 56.23),
('Veteriner harcamaları', 2022, 9, 65.67),
('Veteriner harcamaları', 2022, 10, 64.49),
('Veteriner harcamaları', 2022, 11, 63.27),
('Veteriner harcamaları', 2022, 12, 63.58),
('Veteriner harcamaları', 2023, 1, 71.87),
('Veteriner harcamaları', 2023, 2, 72.71),
('Veteriner harcamaları', 2023, 3, 74.36),
('Veteriner harcamaları', 2023, 4, 90.28),
('Veteriner harcamaları', 2023, 5, 92.84),
('Veteriner harcamaları', 2023, 6, 103.69),
('Veteriner harcamaları', 2023, 7, 111.06),
('Veteriner harcamaları', 2023, 8, 124.03),
('Veteriner harcamaları', 2023, 9, 116.82),
('Veteriner harcamaları', 2023, 10, 137.16),
('Veteriner harcamaları', 2023, 11, 156.75),
('Veteriner harcamaları', 2023, 12, 151.61),
('Veteriner harcamaları', 2024, 1, 167.95),
('Veteriner harcamaları', 2024, 2, 164.78),
('Veteriner harcamaları', 2024, 3, 165.31),
('Veteriner harcamaları', 2024, 4, 143.26),
('Veteriner harcamaları', 2024, 5, 133.84),
('Veteriner harcamaları', 2024, 6, 114.01),
('Veteriner harcamaları', 2024, 7, 81.82),
('Veteriner harcamaları', 2024, 8, 74.09),
('Veteriner harcamaları', 2024, 9, 74.12),
('Veteriner harcamaları', 2024, 10, 60.13),
('Veteriner harcamaları', 2024, 11, 44.09),
('Veteriner harcamaları', 2024, 12, 45.06),
('Veteriner harcamaları', 2025, 1, 49.01),
('Veteriner harcamaları', 2025, 2, 52.51),
('Veteriner harcamaları', 2025, 3, 55.87),
('Veteriner harcamaları', 2025, 4, 56.94),
('Veteriner harcamaları', 2025, 5, 55.83),
('Veteriner harcamaları', 2025, 6, 61.77),
('Veteriner harcamaları', 2025, 7, 63.52),
('Veteriner harcamaları', 2025, 8, 59.79),
('Veteriner harcamaları', 2025, 9, 56.97),
('Veteriner harcamaları', 2025, 10, 64.33),
('Veteriner harcamaları', 2025, 11, 65.48),
('Veteriner harcamaları', 2025, 12, 72.78),
('Veteriner harcamaları', 2026, 1, 43.74),
('Veteriner harcamaları', 2026, 2, 41.37),
('Veteriner harcamaları', 2026, 3, 35.59),
('Hayvan yemi', 2021, 1, 28.12),
('Hayvan yemi', 2021, 2, 27.57),
('Hayvan yemi', 2021, 3, 26.37),
('Hayvan yemi', 2021, 4, 25.26),
('Hayvan yemi', 2021, 5, 29.06),
('Hayvan yemi', 2021, 6, 38.0),
('Hayvan yemi', 2021, 7, 40.98),
('Hayvan yemi', 2021, 8, 38.9),
('Hayvan yemi', 2021, 9, 35.6),
('Hayvan yemi', 2021, 10, 35.95),
('Hayvan yemi', 2021, 11, 41.1),
('Hayvan yemi', 2021, 12, 54.93),
('Hayvan yemi', 2022, 1, 61.32),
('Hayvan yemi', 2022, 2, 87.53),
('Hayvan yemi', 2022, 3, 106.19),
('Hayvan yemi', 2022, 4, 120.82),
('Hayvan yemi', 2022, 5, 130.03),
('Hayvan yemi', 2022, 6, 133.66),
('Hayvan yemi', 2022, 7, 131.44),
('Hayvan yemi', 2022, 8, 134.42),
('Hayvan yemi', 2022, 9, 132.38),
('Hayvan yemi', 2022, 10, 127.53),
('Hayvan yemi', 2022, 11, 114.27),
('Hayvan yemi', 2022, 12, 92.44),
('Hayvan yemi', 2023, 1, 83.62),
('Hayvan yemi', 2023, 2, 58.24),
('Hayvan yemi', 2023, 3, 44.64),
('Hayvan yemi', 2023, 4, 33.71),
('Hayvan yemi', 2023, 5, 25.29),
('Hayvan yemi', 2023, 6, 23.49),
('Hayvan yemi', 2023, 7, 24.81),
('Hayvan yemi', 2023, 8, 24.53),
('Hayvan yemi', 2023, 9, 25.3),
('Hayvan yemi', 2023, 10, 24.42),
('Hayvan yemi', 2023, 11, 23.85),
('Hayvan yemi', 2023, 12, 28.52),
('Hayvan yemi', 2024, 1, 35.72),
('Hayvan yemi', 2024, 2, 36.81),
('Hayvan yemi', 2024, 3, 35.43),
('Hayvan yemi', 2024, 4, 36.2),
('Hayvan yemi', 2024, 5, 36.98),
('Hayvan yemi', 2024, 6, 30.01),
('Hayvan yemi', 2024, 7, 27.57),
('Hayvan yemi', 2024, 8, 26.65),
('Hayvan yemi', 2024, 9, 28.1),
('Hayvan yemi', 2024, 10, 33.54),
('Hayvan yemi', 2024, 11, 33.25),
('Hayvan yemi', 2024, 12, 28.76),
('Hayvan yemi', 2025, 1, 24.3),
('Hayvan yemi', 2025, 2, 24.67),
('Hayvan yemi', 2025, 3, 29.05),
('Hayvan yemi', 2025, 4, 31.54),
('Hayvan yemi', 2025, 5, 32.82),
('Hayvan yemi', 2025, 6, 34.28),
('Hayvan yemi', 2025, 7, 37.05),
('Hayvan yemi', 2025, 8, 38.27),
('Hayvan yemi', 2025, 9, 38.34),
('Hayvan yemi', 2025, 10, 35.53),
('Hayvan yemi', 2025, 11, 34.58),
('Hayvan yemi', 2025, 12, 34.37),
('Hayvan yemi', 2026, 1, 36.35),
('Hayvan yemi', 2026, 2, 37.7),
('Hayvan yemi', 2026, 3, 35.86),
('Kaba yemler', 2021, 1, 16.87),
('Kaba yemler', 2021, 2, 14.52),
('Kaba yemler', 2021, 3, 12.85),
('Kaba yemler', 2021, 4, 11.98),
('Kaba yemler', 2021, 5, 16.59),
('Kaba yemler', 2021, 6, 28.43),
('Kaba yemler', 2021, 7, 33.98),
('Kaba yemler', 2021, 8, 30.28),
('Kaba yemler', 2021, 9, 28.46),
('Kaba yemler', 2021, 10, 26.37),
('Kaba yemler', 2021, 11, 29.36),
('Kaba yemler', 2021, 12, 39.24),
('Kaba yemler', 2022, 1, 44.17),
('Kaba yemler', 2022, 2, 70.78),
('Kaba yemler', 2022, 3, 94.59),
('Kaba yemler', 2022, 4, 107.58),
('Kaba yemler', 2022, 5, 122.99),
('Kaba yemler', 2022, 6, 120.64),
('Kaba yemler', 2022, 7, 112.25),
('Kaba yemler', 2022, 8, 115.21),
('Kaba yemler', 2022, 9, 118.9),
('Kaba yemler', 2022, 10, 122.13),
('Kaba yemler', 2022, 11, 122.63),
('Kaba yemler', 2022, 12, 109.97),
('Kaba yemler', 2023, 1, 106.59),
('Kaba yemler', 2023, 2, 76.33),
('Kaba yemler', 2023, 3, 58.21),
('Kaba yemler', 2023, 4, 49.09),
('Kaba yemler', 2023, 5, 35.33),
('Kaba yemler', 2023, 6, 28.21),
('Kaba yemler', 2023, 7, 28.45),
('Kaba yemler', 2023, 8, 28.79),
('Kaba yemler', 2023, 9, 28.02),
('Kaba yemler', 2023, 10, 25.93),
('Kaba yemler', 2023, 11, 23.15),
('Kaba yemler', 2023, 12, 24.8),
('Kaba yemler', 2024, 1, 26.1),
('Kaba yemler', 2024, 2, 25.62),
('Kaba yemler', 2024, 3, 24.98),
('Kaba yemler', 2024, 4, 25.47),
('Kaba yemler', 2024, 5, 25.68),
('Kaba yemler', 2024, 6, 26.44),
('Kaba yemler', 2024, 7, 28.9),
('Kaba yemler', 2024, 8, 28.05),
('Kaba yemler', 2024, 9, 30.3),
('Kaba yemler', 2024, 10, 33.42),
('Kaba yemler', 2024, 11, 29.42),
('Kaba yemler', 2024, 12, 27.47),
('Kaba yemler', 2025, 1, 25.09),
('Kaba yemler', 2025, 2, 25.94),
('Kaba yemler', 2025, 3, 27.95),
('Kaba yemler', 2025, 4, 30.82),
('Kaba yemler', 2025, 5, 31.39),
('Kaba yemler', 2025, 6, 33.48),
('Kaba yemler', 2025, 7, 36.05),
('Kaba yemler', 2025, 8, 37.46),
('Kaba yemler', 2025, 9, 37.3),
('Kaba yemler', 2025, 10, 36.22),
('Kaba yemler', 2025, 11, 39.32),
('Kaba yemler', 2025, 12, 40.08),
('Kaba yemler', 2026, 1, 42.41),
('Kaba yemler', 2026, 2, 44.26),
('Kaba yemler', 2026, 3, 43.55),
('Kesif yemler', 2021, 1, 34.69),
('Kesif yemler', 2021, 2, 35.4),
('Kesif yemler', 2021, 3, 34.51),
('Kesif yemler', 2021, 4, 33.07),
('Kesif yemler', 2021, 5, 36.24),
('Kesif yemler', 2021, 6, 43.32),
('Kesif yemler', 2021, 7, 44.73),
('Kesif yemler', 2021, 8, 43.6),
('Kesif yemler', 2021, 9, 39.35),
('Kesif yemler', 2021, 10, 41.0),
('Kesif yemler', 2021, 11, 47.21),
('Kesif yemler', 2021, 12, 62.83),
('Kesif yemler', 2022, 1, 70.01),
('Kesif yemler', 2022, 2, 96.05),
('Kesif yemler', 2022, 3, 112.04),
('Kesif yemler', 2022, 4, 127.36),
('Kesif yemler', 2022, 5, 133.48),
('Kesif yemler', 2022, 6, 140.12),
('Kesif yemler', 2022, 7, 140.97),
('Kesif yemler', 2022, 8, 143.92),
('Kesif yemler', 2022, 9, 138.89),
('Kesif yemler', 2022, 10, 130.08),
('Kesif yemler', 2022, 11, 110.44),
('Kesif yemler', 2022, 12, 84.88),
('Kesif yemler', 2023, 1, 73.76),
('Kesif yemler', 2023, 2, 50.23),
('Kesif yemler', 2023, 3, 38.35),
('Kesif yemler', 2023, 4, 26.76),
('Kesif yemler', 2023, 5, 20.57),
('Kesif yemler', 2023, 6, 21.33),
('Kesif yemler', 2023, 7, 23.21),
('Kesif yemler', 2023, 8, 22.67),
('Kesif yemler', 2023, 9, 24.1),
('Kesif yemler', 2023, 10, 23.73),
('Kesif yemler', 2023, 11, 24.19),
('Kesif yemler', 2023, 12, 30.34),
('Kesif yemler', 2024, 1, 40.63),
('Kesif yemler', 2024, 2, 42.63),
('Kesif yemler', 2024, 3, 40.96),
('Kesif yemler', 2024, 4, 41.91),
('Kesif yemler', 2024, 5, 42.95),
('Kesif yemler', 2024, 6, 31.72),
('Kesif yemler', 2024, 7, 26.96),
('Kesif yemler', 2024, 8, 26.02),
('Kesif yemler', 2024, 9, 27.08),
('Kesif yemler', 2024, 10, 33.6),
('Kesif yemler', 2024, 11, 35.08),
('Kesif yemler', 2024, 12, 29.37),
('Kesif yemler', 2025, 1, 23.94),
('Kesif yemler', 2025, 2, 24.09),
('Kesif yemler', 2025, 3, 29.57),
('Kesif yemler', 2025, 4, 31.87),
('Kesif yemler', 2025, 5, 33.47),
('Kesif yemler', 2025, 6, 34.66),
('Kesif yemler', 2025, 7, 37.51),
('Kesif yemler', 2025, 8, 38.65),
('Kesif yemler', 2025, 9, 38.82),
('Kesif yemler', 2025, 10, 35.21),
('Kesif yemler', 2025, 11, 32.41),
('Kesif yemler', 2025, 12, 31.73),
('Kesif yemler', 2026, 1, 33.55),
('Kesif yemler', 2026, 2, 34.65),
('Kesif yemler', 2026, 3, 32.3),
('Makine bakım masrafları', 2021, 1, 25.01),
('Makine bakım masrafları', 2021, 2, 20.57),
('Makine bakım masrafları', 2021, 3, 22.46),
('Makine bakım masrafları', 2021, 4, 22.65),
('Makine bakım masrafları', 2021, 5, 23.05),
('Makine bakım masrafları', 2021, 6, 23.48),
('Makine bakım masrafları', 2021, 7, 23.4),
('Makine bakım masrafları', 2021, 8, 18.7),
('Makine bakım masrafları', 2021, 9, 17.63),
('Makine bakım masrafları', 2021, 10, 18.06),
('Makine bakım masrafları', 2021, 11, 25.5),
('Makine bakım masrafları', 2021, 12, 47.2),
('Makine bakım masrafları', 2022, 1, 72.53),
('Makine bakım masrafları', 2022, 2, 82.64),
('Makine bakım masrafları', 2022, 3, 80.82),
('Makine bakım masrafları', 2022, 4, 78.77),
('Makine bakım masrafları', 2022, 5, 80.82),
('Makine bakım masrafları', 2022, 6, 87.45),
('Makine bakım masrafları', 2022, 7, 88.94),
('Makine bakım masrafları', 2022, 8, 95.15),
('Makine bakım masrafları', 2022, 9, 95.53),
('Makine bakım masrafları', 2022, 10, 90.12),
('Makine bakım masrafları', 2022, 11, 75.65),
('Makine bakım masrafları', 2022, 12, 53.47),
('Makine bakım masrafları', 2023, 1, 49.91),
('Makine bakım masrafları', 2023, 2, 46.66),
('Makine bakım masrafları', 2023, 3, 43.42),
('Makine bakım masrafları', 2023, 4, 45.46),
('Makine bakım masrafları', 2023, 5, 45.02),
('Makine bakım masrafları', 2023, 6, 48.5),
('Makine bakım masrafları', 2023, 7, 58.71),
('Makine bakım masrafları', 2023, 8, 58.89),
('Makine bakım masrafları', 2023, 9, 61.5),
('Makine bakım masrafları', 2023, 10, 66.61),
('Makine bakım masrafları', 2023, 11, 68.4),
('Makine bakım masrafları', 2023, 12, 67.58),
('Makine bakım masrafları', 2024, 1, 70.44),
('Makine bakım masrafları', 2024, 2, 71.04),
('Makine bakım masrafları', 2024, 3, 75.68),
('Makine bakım masrafları', 2024, 4, 70.34),
('Makine bakım masrafları', 2024, 5, 68.45),
('Makine bakım masrafları', 2024, 6, 57.6),
('Makine bakım masrafları', 2024, 7, 50.28),
('Makine bakım masrafları', 2024, 8, 49.58),
('Makine bakım masrafları', 2024, 9, 47.96),
('Makine bakım masrafları', 2024, 10, 42.39),
('Makine bakım masrafları', 2024, 11, 38.19),
('Makine bakım masrafları', 2024, 12, 36.42),
('Makine bakım masrafları', 2025, 1, 24.1),
('Makine bakım masrafları', 2025, 2, 26.2),
('Makine bakım masrafları', 2025, 3, 25.07),
('Makine bakım masrafları', 2025, 4, 27.74),
('Makine bakım masrafları', 2025, 5, 28.39),
('Makine bakım masrafları', 2025, 6, 30.03),
('Makine bakım masrafları', 2025, 7, 29.3),
('Makine bakım masrafları', 2025, 8, 26.55),
('Makine bakım masrafları', 2025, 9, 25.9),
('Makine bakım masrafları', 2025, 10, 30.45),
('Makine bakım masrafları', 2025, 11, 32.21),
('Makine bakım masrafları', 2025, 12, 32.44),
('Makine bakım masrafları', 2026, 1, 30.33),
('Makine bakım masrafları', 2026, 2, 28.63),
('Makine bakım masrafları', 2026, 3, 25.66),
('Bina bakım masrafları', 2021, 1, 24.31),
('Bina bakım masrafları', 2021, 2, 27.17),
('Bina bakım masrafları', 2021, 3, 30.17),
('Bina bakım masrafları', 2021, 4, 33.42),
('Bina bakım masrafları', 2021, 5, 38.09),
('Bina bakım masrafları', 2021, 6, 40.93),
('Bina bakım masrafları', 2021, 7, 44.0),
('Bina bakım masrafları', 2021, 8, 45.37),
('Bina bakım masrafları', 2021, 9, 44.6),
('Bina bakım masrafları', 2021, 10, 42.42),
('Bina bakım masrafları', 2021, 11, 49.66),
('Bina bakım masrafları', 2021, 12, 67.35),
('Bina bakım masrafları', 2022, 1, 88.85),
('Bina bakım masrafları', 2022, 2, 100.64),
('Bina bakım masrafları', 2022, 3, 119.4),
('Bina bakım masrafları', 2022, 4, 135.39),
('Bina bakım masrafları', 2022, 5, 138.93),
('Bina bakım masrafları', 2022, 6, 146.37),
('Bina bakım masrafları', 2022, 7, 154.03),
('Bina bakım masrafları', 2022, 8, 158.19),
('Bina bakım masrafları', 2022, 9, 161.58),
('Bina bakım masrafları', 2022, 10, 167.7),
('Bina bakım masrafları', 2022, 11, 151.03),
('Bina bakım masrafları', 2022, 12, 120.31),
('Bina bakım masrafları', 2023, 1, 103.68),
('Bina bakım masrafları', 2023, 2, 92.85),
('Bina bakım masrafları', 2023, 3, 74.15),
('Bina bakım masrafları', 2023, 4, 58.6),
('Bina bakım masrafları', 2023, 5, 52.13),
('Bina bakım masrafları', 2023, 6, 46.59),
('Bina bakım masrafları', 2023, 7, 49.79),
('Bina bakım masrafları', 2023, 8, 48.96),
('Bina bakım masrafları', 2023, 9, 47.83),
('Bina bakım masrafları', 2023, 10, 46.35),
('Bina bakım masrafları', 2023, 11, 45.86),
('Bina bakım masrafları', 2023, 12, 45.23),
('Bina bakım masrafları', 2024, 1, 39.7),
('Bina bakım masrafları', 2024, 2, 39.19),
('Bina bakım masrafları', 2024, 3, 41.04),
('Bina bakım masrafları', 2024, 4, 50.38),
('Bina bakım masrafları', 2024, 5, 53.59),
('Bina bakım masrafları', 2024, 6, 51.59),
('Bina bakım masrafları', 2024, 7, 43.3),
('Bina bakım masrafları', 2024, 8, 39.16),
('Bina bakım masrafları', 2024, 9, 35.91),
('Bina bakım masrafları', 2024, 10, 33.49),
('Bina bakım masrafları', 2024, 11, 32.48),
('Bina bakım masrafları', 2024, 12, 33.1),
('Bina bakım masrafları', 2025, 1, 30.15),
('Bina bakım masrafları', 2025, 2, 29.86),
('Bina bakım masrafları', 2025, 3, 27.92),
('Bina bakım masrafları', 2025, 4, 19.8),
('Bina bakım masrafları', 2025, 5, 18.06),
('Bina bakım masrafları', 2025, 6, 19.52),
('Bina bakım masrafları', 2025, 7, 18.52),
('Bina bakım masrafları', 2025, 8, 18.98),
('Bina bakım masrafları', 2025, 9, 20.7),
('Bina bakım masrafları', 2025, 10, 20.98),
('Bina bakım masrafları', 2025, 11, 21.36),
('Bina bakım masrafları', 2025, 12, 21.79),
('Bina bakım masrafları', 2026, 1, 25.3),
('Bina bakım masrafları', 2026, 2, 24.31),
('Bina bakım masrafları', 2026, 3, 24.11),
('Diğer mal ve hizmetler', 2021, 1, 16.45),
('Diğer mal ve hizmetler', 2021, 2, 17.63),
('Diğer mal ve hizmetler', 2021, 3, 18.34),
('Diğer mal ve hizmetler', 2021, 4, 18.81),
('Diğer mal ve hizmetler', 2021, 5, 21.8),
('Diğer mal ve hizmetler', 2021, 6, 25.35),
('Diğer mal ve hizmetler', 2021, 7, 25.1),
('Diğer mal ve hizmetler', 2021, 8, 24.81),
('Diğer mal ve hizmetler', 2021, 9, 22.93),
('Diğer mal ve hizmetler', 2021, 10, 26.37),
('Diğer mal ve hizmetler', 2021, 11, 30.28),
('Diğer mal ve hizmetler', 2021, 12, 36.02),
('Diğer mal ve hizmetler', 2022, 1, 51.25),
('Diğer mal ve hizmetler', 2022, 2, 60.16),
('Diğer mal ve hizmetler', 2022, 3, 60.19),
('Diğer mal ve hizmetler', 2022, 4, 63.41),
('Diğer mal ve hizmetler', 2022, 5, 71.7),
('Diğer mal ve hizmetler', 2022, 6, 78.02),
('Diğer mal ve hizmetler', 2022, 7, 80.67),
('Diğer mal ve hizmetler', 2022, 8, 86.88),
('Diğer mal ve hizmetler', 2022, 9, 90.52),
('Diğer mal ve hizmetler', 2022, 10, 89.52),
('Diğer mal ve hizmetler', 2022, 11, 84.89),
('Diğer mal ve hizmetler', 2022, 12, 79.75),
('Diğer mal ve hizmetler', 2023, 1, 89.34),
('Diğer mal ve hizmetler', 2023, 2, 83.77),
('Diğer mal ve hizmetler', 2023, 3, 81.21),
('Diğer mal ve hizmetler', 2023, 4, 78.59),
('Diğer mal ve hizmetler', 2023, 5, 69.52),
('Diğer mal ve hizmetler', 2023, 6, 61.83),
('Diğer mal ve hizmetler', 2023, 7, 78.97),
('Diğer mal ve hizmetler', 2023, 8, 83.49),
('Diğer mal ve hizmetler', 2023, 9, 84.14),
('Diğer mal ve hizmetler', 2023, 10, 80.38),
('Diğer mal ve hizmetler', 2023, 11, 80.37),
('Diğer mal ve hizmetler', 2023, 12, 89.8),
('Diğer mal ve hizmetler', 2024, 1, 84.99),
('Diğer mal ve hizmetler', 2024, 2, 90.16),
('Diğer mal ve hizmetler', 2024, 3, 90.86),
('Diğer mal ve hizmetler', 2024, 4, 89.95),
('Diğer mal ve hizmetler', 2024, 5, 89.09),
('Diğer mal ve hizmetler', 2024, 6, 90.69),
('Diğer mal ve hizmetler', 2024, 7, 76.22),
('Diğer mal ve hizmetler', 2024, 8, 67.83),
('Diğer mal ve hizmetler', 2024, 9, 66.23),
('Diğer mal ve hizmetler', 2024, 10, 64.81),
('Diğer mal ve hizmetler', 2024, 11, 61.87),
('Diğer mal ve hizmetler', 2024, 12, 52.07),
('Diğer mal ve hizmetler', 2025, 1, 49.13),
('Diğer mal ve hizmetler', 2025, 2, 43.97),
('Diğer mal ve hizmetler', 2025, 3, 43.54),
('Diğer mal ve hizmetler', 2025, 4, 42.14),
('Diğer mal ve hizmetler', 2025, 5, 43.2),
('Diğer mal ve hizmetler', 2025, 6, 40.28),
('Diğer mal ve hizmetler', 2025, 7, 37.23),
('Diğer mal ve hizmetler', 2025, 8, 39.6),
('Diğer mal ve hizmetler', 2025, 9, 39.15),
('Diğer mal ve hizmetler', 2025, 10, 38.69),
('Diğer mal ve hizmetler', 2025, 11, 40.09),
('Diğer mal ve hizmetler', 2025, 12, 40.37),
('Diğer mal ve hizmetler', 2026, 1, 32.75),
('Diğer mal ve hizmetler', 2026, 2, 33.17),
('Diğer mal ve hizmetler', 2026, 3, 33.46),
('Tarımsal yatırıma katkı sağlayan mal ve hizmetler (Girdi 2)', 2021, 1, 26.87),
('Tarımsal yatırıma katkı sağlayan mal ve hizmetler (Girdi 2)', 2021, 2, 29.37),
('Tarımsal yatırıma katkı sağlayan mal ve hizmetler (Girdi 2)', 2021, 3, 28.0),
('Tarımsal yatırıma katkı sağlayan mal ve hizmetler (Girdi 2)', 2021, 4, 30.07),
('Tarımsal yatırıma katkı sağlayan mal ve hizmetler (Girdi 2)', 2021, 5, 32.16),
('Tarımsal yatırıma katkı sağlayan mal ve hizmetler (Girdi 2)', 2021, 6, 35.25),
('Tarımsal yatırıma katkı sağlayan mal ve hizmetler (Girdi 2)', 2021, 7, 36.44),
('Tarımsal yatırıma katkı sağlayan mal ve hizmetler (Girdi 2)', 2021, 8, 35.13),
('Tarımsal yatırıma katkı sağlayan mal ve hizmetler (Girdi 2)', 2021, 9, 33.88),
('Tarımsal yatırıma katkı sağlayan mal ve hizmetler (Girdi 2)', 2021, 10, 33.11),
('Tarımsal yatırıma katkı sağlayan mal ve hizmetler (Girdi 2)', 2021, 11, 37.53),
('Tarımsal yatırıma katkı sağlayan mal ve hizmetler (Girdi 2)', 2021, 12, 57.37),
('Tarımsal yatırıma katkı sağlayan mal ve hizmetler (Girdi 2)', 2022, 1, 68.7),
('Tarımsal yatırıma katkı sağlayan mal ve hizmetler (Girdi 2)', 2022, 2, 71.92),
('Tarımsal yatırıma katkı sağlayan mal ve hizmetler (Girdi 2)', 2022, 3, 79.53),
('Tarımsal yatırıma katkı sağlayan mal ve hizmetler (Girdi 2)', 2022, 4, 85.94),
('Tarımsal yatırıma katkı sağlayan mal ve hizmetler (Girdi 2)', 2022, 5, 98.92),
('Tarımsal yatırıma katkı sağlayan mal ve hizmetler (Girdi 2)', 2022, 6, 103.98),
('Tarımsal yatırıma katkı sağlayan mal ve hizmetler (Girdi 2)', 2022, 7, 111.03),
('Tarımsal yatırıma katkı sağlayan mal ve hizmetler (Girdi 2)', 2022, 8, 113.39),
('Tarımsal yatırıma katkı sağlayan mal ve hizmetler (Girdi 2)', 2022, 9, 117.59),
('Tarımsal yatırıma katkı sağlayan mal ve hizmetler (Girdi 2)', 2022, 10, 122.04),
('Tarımsal yatırıma katkı sağlayan mal ve hizmetler (Girdi 2)', 2022, 11, 118.93),
('Tarımsal yatırıma katkı sağlayan mal ve hizmetler (Girdi 2)', 2022, 12, 96.08),
('Tarımsal yatırıma katkı sağlayan mal ve hizmetler (Girdi 2)', 2023, 1, 88.76),
('Tarımsal yatırıma katkı sağlayan mal ve hizmetler (Girdi 2)', 2023, 2, 86.1),
('Tarımsal yatırıma katkı sağlayan mal ve hizmetler (Girdi 2)', 2023, 3, 85.88),
('Tarımsal yatırıma katkı sağlayan mal ve hizmetler (Girdi 2)', 2023, 4, 77.12),
('Tarımsal yatırıma katkı sağlayan mal ve hizmetler (Girdi 2)', 2023, 5, 67.18),
('Tarımsal yatırıma katkı sağlayan mal ve hizmetler (Girdi 2)', 2023, 6, 67.06),
('Tarımsal yatırıma katkı sağlayan mal ve hizmetler (Girdi 2)', 2023, 7, 75.98),
('Tarımsal yatırıma katkı sağlayan mal ve hizmetler (Girdi 2)', 2023, 8, 81.21),
('Tarımsal yatırıma katkı sağlayan mal ve hizmetler (Girdi 2)', 2023, 9, 84.93),
('Tarımsal yatırıma katkı sağlayan mal ve hizmetler (Girdi 2)', 2023, 10, 82.86),
('Tarımsal yatırıma katkı sağlayan mal ve hizmetler (Girdi 2)', 2023, 11, 78.02),
('Tarımsal yatırıma katkı sağlayan mal ve hizmetler (Girdi 2)', 2023, 12, 74.08),
('Tarımsal yatırıma katkı sağlayan mal ve hizmetler (Girdi 2)', 2024, 1, 74.88),
('Tarımsal yatırıma katkı sağlayan mal ve hizmetler (Girdi 2)', 2024, 2, 75.27),
('Tarımsal yatırıma katkı sağlayan mal ve hizmetler (Girdi 2)', 2024, 3, 72.55),
('Tarımsal yatırıma katkı sağlayan mal ve hizmetler (Girdi 2)', 2024, 4, 73.7),
('Tarımsal yatırıma katkı sağlayan mal ve hizmetler (Girdi 2)', 2024, 5, 71.59),
('Tarımsal yatırıma katkı sağlayan mal ve hizmetler (Girdi 2)', 2024, 6, 67.47),
('Tarımsal yatırıma katkı sağlayan mal ve hizmetler (Girdi 2)', 2024, 7, 53.06),
('Tarımsal yatırıma katkı sağlayan mal ve hizmetler (Girdi 2)', 2024, 8, 48.51),
('Tarımsal yatırıma katkı sağlayan mal ve hizmetler (Girdi 2)', 2024, 9, 45.28),
('Tarımsal yatırıma katkı sağlayan mal ve hizmetler (Girdi 2)', 2024, 10, 42.35),
('Tarımsal yatırıma katkı sağlayan mal ve hizmetler (Girdi 2)', 2024, 11, 41.65),
('Tarımsal yatırıma katkı sağlayan mal ve hizmetler (Girdi 2)', 2024, 12, 44.23),
('Tarımsal yatırıma katkı sağlayan mal ve hizmetler (Girdi 2)', 2025, 1, 39.58),
('Tarımsal yatırıma katkı sağlayan mal ve hizmetler (Girdi 2)', 2025, 2, 37.8),
('Tarımsal yatırıma katkı sağlayan mal ve hizmetler (Girdi 2)', 2025, 3, 33.53),
('Tarımsal yatırıma katkı sağlayan mal ve hizmetler (Girdi 2)', 2025, 4, 32.98),
('Tarımsal yatırıma katkı sağlayan mal ve hizmetler (Girdi 2)', 2025, 5, 36.12),
('Tarımsal yatırıma katkı sağlayan mal ve hizmetler (Girdi 2)', 2025, 6, 33.61),
('Tarımsal yatırıma katkı sağlayan mal ve hizmetler (Girdi 2)', 2025, 7, 33.57),
('Tarımsal yatırıma katkı sağlayan mal ve hizmetler (Girdi 2)', 2025, 8, 28.51),
('Tarımsal yatırıma katkı sağlayan mal ve hizmetler (Girdi 2)', 2025, 9, 26.6),
('Tarımsal yatırıma katkı sağlayan mal ve hizmetler (Girdi 2)', 2025, 10, 27.19),
('Tarımsal yatırıma katkı sağlayan mal ve hizmetler (Girdi 2)', 2025, 11, 27.01),
('Tarımsal yatırıma katkı sağlayan mal ve hizmetler (Girdi 2)', 2025, 12, 25.56),
('Tarımsal yatırıma katkı sağlayan mal ve hizmetler (Girdi 2)', 2026, 1, 22.01),
('Tarımsal yatırıma katkı sağlayan mal ve hizmetler (Girdi 2)', 2026, 2, 24.31),
('Tarımsal yatırıma katkı sağlayan mal ve hizmetler (Girdi 2)', 2026, 3, 25.17),
('Malzemeler', 2021, 1, 26.37),
('Malzemeler', 2021, 2, 29.38),
('Malzemeler', 2021, 3, 27.21),
('Malzemeler', 2021, 4, 29.05),
('Malzemeler', 2021, 5, 30.68),
('Malzemeler', 2021, 6, 33.66),
('Malzemeler', 2021, 7, 34.58),
('Malzemeler', 2021, 8, 33.47),
('Malzemeler', 2021, 9, 32.54),
('Malzemeler', 2021, 10, 31.4),
('Malzemeler', 2021, 11, 35.46),
('Malzemeler', 2021, 12, 55.34),
('Malzemeler', 2022, 1, 66.51),
('Malzemeler', 2022, 2, 68.54),
('Malzemeler', 2022, 3, 75.48),
('Malzemeler', 2022, 4, 82.04),
('Malzemeler', 2022, 5, 97.56),
('Malzemeler', 2022, 6, 103.71),
('Malzemeler', 2022, 7, 110.89),
('Malzemeler', 2022, 8, 113.32),
('Malzemeler', 2022, 9, 117.43),
('Malzemeler', 2022, 10, 123.13),
('Malzemeler', 2022, 11, 121.83),
('Malzemeler', 2022, 12, 99.36),
('Malzemeler', 2023, 1, 90.91),
('Malzemeler', 2023, 2, 88.71),
('Malzemeler', 2023, 3, 90.73),
('Malzemeler', 2023, 4, 82.05),
('Malzemeler', 2023, 5, 70.78),
('Malzemeler', 2023, 6, 70.12),
('Malzemeler', 2023, 7, 78.66),
('Malzemeler', 2023, 8, 84.09),
('Malzemeler', 2023, 9, 88.33),
('Malzemeler', 2023, 10, 86.05),
('Malzemeler', 2023, 11, 80.18),
('Malzemeler', 2023, 12, 75.52),
('Malzemeler', 2024, 1, 76.4),
('Malzemeler', 2024, 2, 76.79),
('Malzemeler', 2024, 3, 73.5),
('Malzemeler', 2024, 4, 74.47),
('Malzemeler', 2024, 5, 71.72),
('Malzemeler', 2024, 6, 67.94),
('Malzemeler', 2024, 7, 54.13),
('Malzemeler', 2024, 8, 49.49),
('Malzemeler', 2024, 9, 46.15),
('Malzemeler', 2024, 10, 42.98),
('Malzemeler', 2024, 11, 42.5),
('Malzemeler', 2024, 12, 45.79),
('Malzemeler', 2025, 1, 41.7),
('Malzemeler', 2025, 2, 40.01),
('Malzemeler', 2025, 3, 35.23),
('Malzemeler', 2025, 4, 34.63),
('Malzemeler', 2025, 5, 38.38),
('Malzemeler', 2025, 6, 35.31),
('Malzemeler', 2025, 7, 35.27),
('Malzemeler', 2025, 8, 29.48),
('Malzemeler', 2025, 9, 27.2),
('Malzemeler', 2025, 10, 27.97),
('Malzemeler', 2025, 11, 27.58),
('Malzemeler', 2025, 12, 25.7),
('Malzemeler', 2026, 1, 21.49),
('Malzemeler', 2026, 2, 24.07),
('Malzemeler', 2026, 3, 24.98),
('Binalar', 2021, 1, 29.97),
('Binalar', 2021, 2, 29.42),
('Binalar', 2021, 3, 33.01),
('Binalar', 2021, 4, 36.53),
('Binalar', 2021, 5, 41.42),
('Binalar', 2021, 6, 45.13),
('Binalar', 2021, 7, 48.07),
('Binalar', 2021, 8, 45.66),
('Binalar', 2021, 9, 42.28),
('Binalar', 2021, 10, 43.95),
('Binalar', 2021, 11, 50.51),
('Binalar', 2021, 12, 69.9),
('Binalar', 2022, 1, 81.82),
('Binalar', 2022, 2, 92.96),
('Binalar', 2022, 3, 103.95),
('Binalar', 2022, 4, 108.96),
('Binalar', 2022, 5, 106.76),
('Binalar', 2022, 6, 105.55),
('Binalar', 2022, 7, 111.91),
('Binalar', 2022, 8, 113.86),
('Binalar', 2022, 9, 118.53),
('Binalar', 2022, 10, 115.75),
('Binalar', 2022, 11, 102.46),
('Binalar', 2022, 12, 77.63),
('Binalar', 2023, 1, 76.9),
('Binalar', 2023, 2, 71.91),
('Binalar', 2023, 3, 60.66),
('Binalar', 2023, 4, 51.73),
('Binalar', 2023, 5, 47.34),
('Binalar', 2023, 6, 49.65),
('Binalar', 2023, 7, 60.67),
('Binalar', 2023, 8, 64.42),
('Binalar', 2023, 9, 65.03),
('Binalar', 2023, 10, 63.86),
('Binalar', 2023, 11, 64.65),
('Binalar', 2023, 12, 64.97),
('Binalar', 2024, 1, 65.82),
('Binalar', 2024, 2, 66.2),
('Binalar', 2024, 3, 66.71),
('Binalar', 2024, 4, 68.89),
('Binalar', 2024, 5, 70.73),
('Binalar', 2024, 6, 64.42),
('Binalar', 2024, 7, 46.28),
('Binalar', 2024, 8, 42.1),
('Binalar', 2024, 9, 39.39),
('Binalar', 2024, 10, 38.11),
('Binalar', 2024, 11, 35.93),
('Binalar', 2024, 12, 33.75),
('Binalar', 2025, 1, 26.13),
('Binalar', 2025, 2, 23.74),
('Binalar', 2025, 3, 22.65),
('Binalar', 2025, 4, 22.45),
('Binalar', 2025, 5, 21.56),
('Binalar', 2025, 6, 22.35),
('Binalar', 2025, 7, 22.17),
('Binalar', 2025, 8, 21.84),
('Binalar', 2025, 9, 22.38),
('Binalar', 2025, 10, 21.78),
('Binalar', 2025, 11, 22.98),
('Binalar', 2025, 12, 24.52),
('Binalar', 2026, 1, 25.76),
('Binalar', 2026, 2, 26.06),
('Binalar', 2026, 3, 26.57);

DELETE FROM tufe_aylik;
INSERT INTO tufe_aylik (yil, ay, tufe, gida_alkolsuz) VALUES
(2011, 1, 4.9, 7.06),
(2011, 2, 4.16, 4.53),
(2011, 3, 3.99, 3.47),
(2011, 4, 4.26, 2.83),
(2011, 5, 7.17, 12.61),
(2011, 6, 6.24, 8.13),
(2011, 7, 6.31, 7.65),
(2011, 8, 6.65, 6.0),
(2011, 9, 6.15, 2.23),
(2011, 10, 7.66, 1.76),
(2011, 11, 9.48, 7.11),
(2011, 12, 10.45, 12.21),
(2012, 1, 10.61, 11.67),
(2012, 2, 10.43, 11.17),
(2012, 3, 10.43, 11.25),
(2012, 4, 11.14, 11.65),
(2012, 5, 8.28, 4.07),
(2012, 6, 8.87, 7.38),
(2012, 7, 9.07, 9.06),
(2012, 8, 8.88, 9.14),
(2012, 9, 9.19, 10.39),
(2012, 10, 7.8, 7.87),
(2012, 11, 6.37, 4.32),
(2012, 12, 6.16, 3.9),
(2013, 1, 7.31, 6.85),
(2013, 2, 7.03, 5.6),
(2013, 3, 7.29, 8.1),
(2013, 4, 6.13, 6.83),
(2013, 5, 6.51, 7.07),
(2013, 6, 8.3, 12.88),
(2013, 7, 8.88, 12.72),
(2013, 8, 8.17, 10.25),
(2013, 9, 7.88, 8.73),
(2013, 10, 7.71, 11.13),
(2013, 11, 7.32, 9.77),
(2013, 12, 7.4, 9.67),
(2014, 1, 7.75, 10.89),
(2014, 2, 7.89, 10.05),
(2014, 3, 8.39, 10.12),
(2014, 4, 9.38, 13.15),
(2014, 5, 9.66, 14.11),
(2014, 6, 9.16, 12.47),
(2014, 7, 9.32, 12.56),
(2014, 8, 9.54, 14.44),
(2014, 9, 8.86, 13.95),
(2014, 10, 8.96, 12.56),
(2014, 11, 9.15, 14.37),
(2014, 12, 8.17, 12.73),
(2015, 1, 7.24, 10.97),
(2015, 2, 7.55, 13.7),
(2015, 3, 7.61, 14.12),
(2015, 4, 7.91, 14.36),
(2015, 5, 8.09, 12.81),
(2015, 6, 7.2, 9.28),
(2015, 7, 6.81, 9.25),
(2015, 8, 7.14, 9.71),
(2015, 9, 7.95, 10.73),
(2015, 10, 7.58, 8.69),
(2015, 11, 8.1, 9.51),
(2015, 12, 8.81, 10.87),
(2016, 1, 9.58, 11.69),
(2016, 2, 8.78, 8.83),
(2016, 3, 7.46, 4.58),
(2016, 4, 6.57, 1.38),
(2016, 5, 6.58, 2.47),
(2016, 6, 7.64, 6.63),
(2016, 7, 8.79, 9.69),
(2016, 8, 8.05, 6.19),
(2016, 9, 7.28, 4.16),
(2016, 10, 7.16, 5.2),
(2016, 11, 7.0, 3.55),
(2016, 12, 8.53, 5.65),
(2017, 1, 9.22, 7.77),
(2017, 2, 10.13, 8.72),
(2017, 3, 11.29, 12.53),
(2017, 4, 11.87, 15.63),
(2017, 5, 11.72, 16.91),
(2017, 6, 10.9, 14.34),
(2017, 7, 9.79, 10.07),
(2017, 8, 10.68, 11.97),
(2017, 9, 11.2, 12.5),
(2017, 10, 11.9, 12.74),
(2017, 11, 12.98, 15.78),
(2017, 12, 11.92, 13.79),
(2018, 1, 10.35, 8.76),
(2018, 2, 10.26, 10.27),
(2018, 3, 10.23, 10.37),
(2018, 4, 10.85, 8.81),
(2018, 5, 12.15, 11.0),
(2018, 6, 15.39, 18.89),
(2018, 7, 15.85, 19.4),
(2018, 8, 17.9, 19.75),
(2018, 9, 24.52, 27.7),
(2018, 10, 25.24, 29.26),
(2018, 11, 21.62, 25.66),
(2018, 12, 20.3, 25.11),
(2019, 1, 20.35, 30.97),
(2019, 2, 19.67, 29.25),
(2019, 3, 19.71, 29.77),
(2019, 4, 19.5, 31.86),
(2019, 5, 18.71, 28.44),
(2019, 6, 15.72, 19.2),
(2019, 7, 16.65, 18.21),
(2019, 8, 15.01, 17.22),
(2019, 9, 9.26, 9.52),
(2019, 10, 8.55, 7.85),
(2019, 11, 10.56, 8.89),
(2019, 12, 11.84, 10.89),
(2020, 1, 12.15, 9.04),
(2020, 2, 12.37, 10.58),
(2020, 3, 11.86, 10.05),
(2020, 4, 10.94, 11.28),
(2020, 5, 11.39, 12.87),
(2020, 6, 12.62, 12.93),
(2020, 7, 11.76, 12.73),
(2020, 8, 11.77, 13.51),
(2020, 9, 11.75, 14.95),
(2020, 10, 11.89, 16.51),
(2020, 11, 14.03, 21.08),
(2020, 12, 14.6, 20.61),
(2021, 1, 14.97, 18.11),
(2021, 2, 15.61, 18.4),
(2021, 3, 16.19, 17.44),
(2021, 4, 17.14, 16.98),
(2021, 5, 16.59, 17.04),
(2021, 6, 17.53, 19.99),
(2021, 7, 18.95, 24.92),
(2021, 8, 19.25, 29.0),
(2021, 9, 19.58, 28.79),
(2021, 10, 19.89, 27.41),
(2021, 11, 21.31, 27.11),
(2021, 12, 36.08, 43.8),
(2022, 1, 48.69, 55.61),
(2022, 2, 54.44, 64.47),
(2022, 3, 61.14, 70.33),
(2022, 4, 69.97, 89.1),
(2022, 5, 73.5, 91.63),
(2022, 6, 78.62, 93.93),
(2022, 7, 79.6, 94.65),
(2022, 8, 80.21, 90.25),
(2022, 9, 83.45, 93.05),
(2022, 10, 85.51, 99.05),
(2022, 11, 84.39, 102.55),
(2022, 12, 64.27, 77.87),
(2023, 1, 57.68, 71.0),
(2023, 2, 55.18, 69.33),
(2023, 3, 50.51, 67.89),
(2023, 4, 43.68, 53.92),
(2023, 5, 39.59, 52.52),
(2023, 6, 38.21, 53.92),
(2023, 7, 47.83, 60.72),
(2023, 8, 58.94, 72.86),
(2023, 9, 61.53, 75.14),
(2023, 10, 61.36, 71.99),
(2023, 11, 61.98, 67.16),
(2023, 12, 64.77, 72.01),
(2024, 1, 64.86, 69.71),
(2024, 2, 67.07, 71.12),
(2024, 3, 68.5, 70.41),
(2024, 4, 69.8, 68.5),
(2024, 5, 75.45, 70.14),
(2024, 6, 71.6, 68.08),
(2024, 7, 61.78, 58.91),
(2024, 8, 51.97, 44.88),
(2024, 9, 49.38, 43.72),
(2024, 10, 48.58, 45.28),
(2024, 11, 47.09, 48.57),
(2024, 12, 44.38, 43.58),
(2025, 1, 42.12, 41.76),
(2025, 2, 39.05, 35.11),
(2025, 3, 38.1, 37.12),
(2025, 4, 37.86, 36.09),
(2025, 5, 35.41, 32.87),
(2025, 6, 35.05, 30.2),
(2025, 7, 33.52, 27.95),
(2025, 8, 32.95, 33.28),
(2025, 9, 33.29, 36.06),
(2025, 10, 32.87, 34.87),
(2025, 11, 31.07, 27.44),
(2025, 12, 30.89, 28.31),
(2026, 1, 30.65, 31.69),
(2026, 2, 31.53, 36.44),
(2026, 3, 30.87, 32.36),
(2026, 4, 32.37, 34.55),
(2026, 5, 32.61, 34.86);

DELETE FROM fao_urunler_aylik;
INSERT INTO fao_urunler_aylik (yil, ay, gida, et, sut, hububat, bitkisel_yag, seker) VALUES
(1990, 1, 64.4, 74.3, 53.5, 64.1, 44.6, 87.9),
(1990, 2, 64.7, 76.8, 52.2, 62.2, 44.5, 90.7),
(1990, 3, 64.0, 78.5, 41.4, 61.3, 45.7, 95.1),
(1990, 4, 66.0, 81.2, 48.4, 62.8, 44.0, 94.3),
(1990, 5, 64.6, 81.8, 39.2, 62.0, 45.5, 90.4),
(1990, 6, 64.1, 84.2, 39.2, 60.7, 43.8, 80.3),
(1990, 7, 62.9, 84.5, 39.2, 57.9, 43.7, 74.2),
(1990, 8, 61.8, 84.5, 36.8, 55.7, 45.4, 67.6),
(1990, 9, 61.3, 85.5, 38.1, 52.5, 44.8, 68.5),
(1990, 10, 61.4, 86.2, 38.9, 52.8, 45.7, 60.8),
(1990, 11, 62.3, 87.6, 39.4, 52.4, 48.3, 62.3),
(1990, 12, 62.2, 84.4, 45.1, 52.6, 49.6, 60.3),
(1991, 1, 61.0, 80.5, 46.9, 53.7, 49.5, 54.5),
(1991, 2, 61.8, 82.4, 46.7, 55.2, 48.4, 52.7),
(1991, 3, 62.3, 81.6, 45.8, 57.3, 48.7, 56.6),
(1991, 4, 61.0, 80.5, 42.8, 57.6, 47.0, 52.7),
(1991, 5, 60.8, 82.0, 42.1, 57.2, 46.6, 46.9),
(1991, 6, 61.3, 81.3, 43.4, 56.5, 46.7, 56.9),
(1991, 7, 62.2, 83.6, 40.4, 55.7, 48.2, 63.8),
(1991, 8, 61.8, 80.4, 41.7, 58.3, 48.8, 58.5),
(1991, 9, 62.4, 80.6, 45.4, 58.8, 48.6, 57.5),
(1991, 10, 64.5, 83.0, 48.8, 60.6, 51.1, 56.4),
(1991, 11, 64.6, 82.6, 50.8, 60.8, 51.8, 53.6),
(1991, 12, 64.3, 79.2, 50.8, 62.7, 52.6, 55.7),
(1992, 1, 65.1, 80.2, 52.9, 63.9, 52.8, 51.5),
(1992, 2, 65.9, 81.6, 52.9, 66.5, 52.0, 48.5),
(1992, 3, 66.5, 82.4, 52.4, 65.9, 54.1, 50.9),
(1992, 4, 64.8, 78.3, 52.4, 63.0, 53.9, 58.5),
(1992, 5, 65.1, 78.9, 54.6, 62.0, 54.0, 59.3),
(1992, 6, 65.9, 78.9, 57.7, 61.8, 54.8, 64.1),
(1992, 7, 64.7, 79.5, 58.1, 58.5, 51.9, 63.8),
(1992, 8, 63.1, 78.6, 56.6, 56.1, 51.0, 60.8),
(1992, 9, 63.8, 78.1, 58.1, 58.3, 52.2, 57.6),
(1992, 10, 61.8, 74.4, 54.9, 58.2, 52.2, 53.9),
(1992, 11, 62.7, 76.2, 53.8, 58.8, 53.9, 53.0),
(1992, 12, 61.3, 73.7, 53.2, 58.5, 53.0, 50.4),
(1993, 1, 61.6, 73.4, 53.3, 59.1, 54.0, 51.0),
(1993, 2, 61.4, 72.9, 54.0, 58.1, 54.2, 53.0),
(1993, 3, 63.2, 76.5, 53.3, 57.8, 53.1, 65.7),
(1993, 4, 62.8, 75.7, 52.4, 57.3, 52.8, 69.0),
(1993, 5, 62.4, 76.0, 51.7, 55.4, 51.9, 73.2),
(1993, 6, 61.8, 78.6, 51.8, 52.8, 51.2, 64.3),
(1993, 7, 62.2, 78.1, 49.7, 55.8, 53.3, 59.9),
(1993, 8, 60.9, 74.8, 48.0, 56.6, 52.6, 57.8),
(1993, 9, 61.2, 75.1, 45.1, 58.4, 52.5, 59.0),
(1993, 10, 61.5, 74.5, 41.0, 61.4, 52.1, 63.7),
(1993, 11, 63.4, 73.6, 41.2, 66.7, 56.2, 62.6),
(1993, 12, 64.7, 71.1, 41.8, 68.9, 63.6, 65.1),
(1994, 1, 64.8, 70.2, 45.5, 68.6, 63.9, 63.7),
(1994, 2, 64.5, 72.1, 45.4, 66.8, 60.4, 67.0),
(1994, 3, 64.8, 73.4, 46.0, 64.1, 61.3, 72.7),
(1994, 4, 64.1, 74.0, 42.3, 62.4, 63.7, 68.1),
(1994, 5, 65.9, 77.0, 42.3, 62.0, 67.8, 71.7),
(1994, 6, 65.5, 75.4, 45.1, 60.1, 68.5, 74.6),
(1994, 7, 64.2, 75.9, 45.6, 56.0, 67.2, 72.8),
(1994, 8, 66.6, 77.7, 46.6, 57.5, 73.3, 74.9),
(1994, 9, 69.6, 78.8, 49.9, 60.2, 80.5, 77.9),
(1994, 10, 70.3, 79.2, 52.0, 61.7, 79.0, 78.9),
(1994, 11, 73.6, 83.0, 53.2, 61.1, 88.3, 86.3),
(1994, 12, 73.3, 78.9, 55.0, 62.7, 88.6, 90.8),
(1995, 1, 73.0, 79.1, 58.9, 62.9, 82.7, 91.3),
(1995, 2, 74.7, 84.0, 61.1, 62.5, 82.7, 89.2),
(1995, 3, 75.5, 85.1, 61.8, 62.2, 84.4, 90.3),
(1995, 4, 74.3, 85.9, 61.1, 62.7, 77.9, 84.8),
(1995, 5, 74.1, 84.1, 61.2, 64.9, 76.8, 83.7),
(1995, 6, 75.3, 81.7, 61.2, 69.1, 80.3, 86.8),
(1995, 7, 79.6, 87.8, 64.6, 74.0, 84.0, 84.1),
(1995, 8, 78.1, 87.4, 64.3, 72.6, 79.9, 80.3),
(1995, 9, 78.5, 89.0, 64.3, 75.9, 76.3, 72.3),
(1995, 10, 80.5, 89.2, 64.8, 80.2, 79.9, 73.3),
(1995, 11, 80.0, 87.9, 64.8, 80.5, 79.0, 74.1),
(1995, 12, 78.2, 81.8, 64.4, 82.7, 75.6, 76.2),
(1996, 1, 77.1, 80.3, 64.3, 83.3, 70.8, 77.5),
(1996, 2, 77.6, 80.3, 64.2, 85.7, 68.6, 79.3),
(1996, 3, 78.7, 83.2, 63.0, 86.9, 68.2, 79.9),
(1996, 4, 80.9, 81.2, 62.7, 95.3, 73.6, 74.1),
(1996, 5, 82.5, 83.6, 61.0, 100.0, 73.4, 70.5),
(1996, 6, 80.7, 84.1, 61.1, 94.3, 68.9, 75.3),
(1996, 7, 80.5, 87.1, 61.3, 91.1, 66.1, 79.3),
(1996, 8, 80.1, 89.7, 60.7, 85.8, 69.1, 76.6),
(1996, 9, 77.1, 89.3, 60.1, 75.3, 71.5, 73.8),
(1996, 10, 74.4, 86.6, 61.0, 71.1, 69.1, 68.8),
(1996, 11, 72.7, 85.4, 59.9, 67.4, 70.0, 66.3),
(1996, 12, 71.5, 81.5, 60.2, 67.6, 70.2, 66.5),
(1997, 1, 71.0, 79.1, 60.3, 68.1, 70.8, 66.2),
(1997, 2, 71.2, 79.4, 59.5, 68.4, 71.5, 66.9),
(1997, 3, 73.0, 83.1, 59.3, 70.6, 70.3, 68.8),
(1997, 4, 73.5, 83.9, 59.1, 70.8, 71.1, 69.9),
(1997, 5, 72.9, 83.8, 58.8, 68.8, 71.6, 68.9),
(1997, 6, 70.3, 80.4, 58.6, 65.2, 69.0, 70.7),
(1997, 7, 68.6, 79.7, 58.1, 62.4, 65.5, 69.4),
(1997, 8, 70.0, 80.6, 57.8, 65.7, 65.4, 72.4),
(1997, 9, 70.1, 80.2, 59.0, 65.1, 68.0, 70.1),
(1997, 10, 69.9, 75.8, 60.8, 65.6, 72.8, 70.6),
(1997, 11, 70.5, 76.0, 61.0, 64.2, 76.7, 74.3),
(1997, 12, 68.1, 69.8, 61.0, 63.4, 75.6, 76.3),
(1998, 1, 67.5, 67.7, 60.9, 62.7, 79.3, 71.5),
(1998, 2, 67.7, 68.7, 59.7, 62.7, 81.9, 66.3),
(1998, 3, 67.6, 68.4, 57.8, 63.2, 84.7, 60.9),
(1998, 4, 67.0, 68.4, 57.6, 60.8, 86.0, 60.0),
(1998, 5, 66.6, 66.8, 56.5, 60.2, 90.0, 57.1),
(1998, 6, 64.4, 66.7, 55.6, 59.0, 82.8, 50.1),
(1998, 7, 64.4, 67.0, 55.3, 57.5, 83.6, 53.5),
(1998, 8, 62.6, 64.8, 55.4, 54.1, 83.2, 52.5),
(1998, 9, 62.1, 65.1, 53.9, 53.9, 84.6, 44.7),
(1998, 10, 62.9, 64.7, 52.1, 57.7, 84.4, 46.2),
(1998, 11, 62.8, 63.2, 52.1, 58.2, 84.3, 49.9),
(1998, 12, 62.2, 63.8, 52.3, 56.8, 82.0, 50.0),
(1999, 1, 61.2, 62.7, 52.4, 57.1, 77.3, 50.2),
(1999, 2, 58.6, 63.3, 51.5, 54.9, 68.4, 42.2),
(1999, 3, 57.2, 63.4, 50.7, 55.2, 62.3, 37.3),
(1999, 4, 56.0, 61.7, 48.0, 53.7, 64.9, 33.5),
(1999, 5, 55.6, 62.2, 47.4, 52.8, 62.3, 35.6),
(1999, 6, 54.8, 62.7, 47.1, 53.6, 54.8, 37.3),
(1999, 7, 52.8, 62.9, 46.4, 51.4, 48.6, 33.3),
(1999, 8, 54.6, 64.8, 46.4, 53.0, 52.3, 35.6),
(1999, 9, 54.8, 63.4, 46.8, 52.6, 54.1, 41.3),
(1999, 10, 53.5, 60.7, 47.0, 51.5, 53.0, 41.9),
(1999, 11, 53.5, 61.8, 47.5, 51.3, 51.3, 40.2),
(1999, 12, 52.1, 59.5, 48.5, 50.4, 49.5, 37.2),
(2000, 1, 52.8, 60.6, 50.2, 52.1, 48.6, 34.7),
(2000, 2, 52.5, 60.9, 50.4, 52.2, 46.4, 32.7),
(2000, 3, 53.1, 62.8, 50.1, 51.7, 47.8, 31.8),
(2000, 4, 53.7, 62.3, 50.4, 51.8, 49.5, 37.3),
(2000, 5, 54.0, 63.3, 50.9, 52.8, 44.5, 42.8),
(2000, 6, 54.2, 63.0, 53.8, 51.4, 42.9, 51.8),
(2000, 7, 54.4, 62.7, 55.6, 49.8, 42.7, 59.6),
(2000, 8, 53.5, 60.3, 56.0, 48.6, 41.7, 64.6),
(2000, 9, 52.9, 59.4, 57.4, 49.4, 38.5, 62.1),
(2000, 10, 53.7, 59.5, 59.1, 51.2, 36.4, 66.5),
(2000, 11, 54.2, 60.4, 59.6, 52.1, 37.7, 61.5),
(2000, 12, 54.8, 60.4, 60.1, 53.7, 38.1, 62.0),
(2001, 1, 54.1, 58.3, 59.7, 53.9, 37.3, 63.9),
(2001, 2, 54.6, 62.0, 59.5, 53.0, 35.8, 61.1),
(2001, 3, 55.5, 64.9, 59.7, 52.2, 38.2, 57.4),
(2001, 4, 55.0, 65.3, 59.5, 51.0, 38.0, 54.1),
(2001, 5, 55.8, 65.6, 62.0, 51.7, 36.6, 59.3),
(2001, 6, 55.2, 63.8, 62.4, 51.0, 38.8, 56.0),
(2001, 7, 56.9, 64.1, 62.9, 51.7, 47.4, 54.4),
(2001, 8, 57.0, 64.4, 62.5, 51.6, 50.0, 50.2),
(2001, 9, 55.8, 64.3, 62.1, 51.2, 45.4, 47.3),
(2001, 10, 54.5, 62.4, 62.8, 51.0, 43.3, 42.0),
(2001, 11, 55.1, 60.6, 60.6, 51.9, 48.3, 47.5),
(2001, 12, 54.6, 59.2, 56.9, 52.0, 50.6, 48.5),
(2002, 1, 53.8, 59.4, 53.0, 51.7, 49.3, 48.2),
(2002, 2, 52.0, 57.6, 52.8, 50.4, 47.8, 40.5),
(2002, 3, 52.3, 60.1, 50.7, 49.6, 47.6, 41.4),
(2002, 4, 51.4, 57.2, 48.9, 49.3, 49.0, 42.6),
(2002, 5, 50.8, 56.2, 44.8, 50.2, 51.6, 37.6),
(2002, 6, 51.6, 56.3, 42.9, 52.0, 55.8, 35.6),
(2002, 7, 52.3, 55.9, 40.6, 54.6, 56.1, 39.5),
(2002, 8, 53.7, 55.8, 40.1, 58.1, 59.6, 39.0),
(2002, 9, 55.1, 55.1, 41.6, 63.8, 56.7, 43.1),
(2002, 10, 55.5, 53.5, 42.9, 64.4, 58.8, 46.5),
(2002, 11, 56.6, 53.9, 45.5, 63.0, 63.9, 48.5),
(2002, 12, 56.0, 52.3, 49.3, 59.8, 65.5, 49.2),
(2003, 1, 56.2, 53.9, 51.3, 58.0, 64.3, 50.7),
(2003, 2, 56.9, 55.1, 53.1, 57.8, 62.4, 55.7),
(2003, 3, 55.9, 55.7, 53.7, 56.5, 59.2, 50.9),
(2003, 4, 55.9, 56.7, 52.7, 56.4, 59.6, 48.0),
(2003, 5, 56.7, 57.4, 52.6, 58.2, 61.1, 44.4),
(2003, 6, 56.4, 57.3, 52.6, 57.7, 62.0, 41.6),
(2003, 7, 57.1, 61.5, 53.2, 56.5, 58.8, 42.3),
(2003, 8, 57.8, 61.4, 53.6, 59.9, 57.1, 42.3),
(2003, 9, 59.0, 63.7, 55.2, 60.5, 59.3, 37.0),
(2003, 10, 60.6, 63.6, 57.6, 60.6, 67.4, 36.9),
(2003, 11, 62.0, 62.9, 58.6, 64.8, 68.8, 37.6),
(2003, 12, 62.9, 62.5, 59.7, 65.7, 71.6, 38.9),
(2004, 1, 64.7, 67.2, 60.9, 66.9, 71.2, 35.9),
(2004, 2, 65.5, 65.1, 64.3, 67.5, 76.1, 36.2),
(2004, 3, 67.1, 67.6, 65.2, 68.5, 76.7, 40.0),
(2004, 4, 67.7, 67.5, 65.8, 70.2, 76.5, 40.7),
(2004, 5, 66.8, 67.0, 67.8, 68.8, 73.5, 39.2),
(2004, 6, 66.4, 69.9, 70.7, 66.4, 66.1, 42.9),
(2004, 7, 65.8, 71.6, 72.6, 60.7, 64.8, 49.0),
(2004, 8, 64.8, 69.8, 72.7, 59.1, 65.4, 46.9),
(2004, 9, 65.4, 70.2, 73.3, 60.0, 66.3, 47.6),
(2004, 10, 64.9, 68.2, 73.8, 59.3, 65.8, 52.3),
(2004, 11, 65.7, 69.2, 75.1, 60.0, 66.9, 50.5),
(2004, 12, 66.0, 69.9, 75.8, 60.5, 66.0, 51.0),
(2005, 1, 65.8, 69.9, 76.2, 60.5, 63.1, 54.0),
(2005, 2, 66.2, 71.1, 76.7, 60.3, 62.3, 56.3),
(2005, 3, 67.5, 71.7, 77.0, 61.5, 66.7, 55.0),
(2005, 4, 66.0, 70.4, 76.2, 59.5, 65.1, 53.2),
(2005, 5, 66.5, 72.6, 76.5, 59.4, 64.2, 53.1),
(2005, 6, 67.4, 73.6, 76.4, 60.2, 64.6, 56.0),
(2005, 7, 67.7, 72.6, 77.1, 61.2, 64.4, 59.7),
(2005, 8, 67.6, 72.8, 78.3, 60.9, 62.5, 61.5),
(2005, 9, 68.6, 73.9, 78.7, 61.5, 64.0, 63.8),
(2005, 10, 69.5, 73.8, 78.5, 62.1, 66.8, 68.8),
(2005, 11, 69.0, 74.1, 78.0, 60.6, 65.4, 70.4),
(2005, 12, 69.8, 74.4, 76.9, 61.5, 63.5, 82.6),
(2006, 1, 69.8, 71.2, 74.3, 62.7, 63.7, 97.5),
(2006, 2, 70.8, 68.8, 74.5, 64.8, 65.0, 111.1),
(2006, 3, 69.8, 68.0, 73.1, 63.9, 65.2, 106.7),
(2006, 4, 70.1, 67.4, 71.6, 65.1, 66.8, 108.2),
(2006, 5, 71.3, 69.0, 71.3, 67.8, 68.3, 104.1),
(2006, 6, 71.4, 71.3, 71.0, 67.8, 67.9, 95.3),
(2006, 7, 73.2, 72.7, 71.3, 69.9, 70.4, 99.3),
(2006, 8, 73.1, 74.8, 70.3, 69.6, 73.5, 83.2),
(2006, 9, 73.2, 75.3, 70.3, 72.5, 71.7, 74.8),
(2006, 10, 75.1, 74.3, 71.9, 79.9, 72.7, 72.0),
(2006, 11, 77.7, 72.6, 75.4, 85.3, 78.3, 72.9),
(2006, 12, 78.8, 71.3, 81.7, 85.4, 83.0, 71.6),
(2007, 1, 78.5, 70.7, 84.2, 85.1, 82.3, 67.8),
(2007, 2, 80.0, 72.2, 88.3, 87.0, 82.9, 65.4),
(2007, 3, 81.1, 73.9, 91.8, 86.4, 84.4, 64.6),
(2007, 4, 83.9, 75.8, 102.0, 85.1, 92.8, 60.2),
(2007, 5, 86.5, 77.5, 105.3, 86.6, 100.3, 58.4),
(2007, 6, 91.4, 78.8, 121.0, 91.9, 104.9, 57.5),
(2007, 7, 95.5, 79.9, 135.0, 94.9, 108.6, 62.9),
(2007, 8, 99.1, 79.9, 141.5, 102.1, 112.8, 60.7),
(2007, 9, 105.3, 81.4, 145.1, 117.2, 118.2, 60.4),
(2007, 10, 107.9, 80.1, 148.0, 121.3, 125.9, 61.9),
(2007, 11, 110.8, 81.1, 154.0, 121.0, 136.3, 62.5),
(2007, 12, 114.7, 81.8, 152.6, 132.2, 138.6, 66.3),
(2008, 1, 120.4, 82.8, 150.6, 141.0, 154.1, 74.1),
(2008, 2, 128.4, 80.6, 149.9, 160.8, 168.6, 83.6),
(2008, 3, 132.4, 85.6, 152.6, 163.3, 176.6, 81.7),
(2008, 4, 130.7, 87.0, 148.9, 162.7, 169.4, 77.7),
(2008, 5, 130.3, 91.8, 144.3, 157.4, 172.0, 74.7),
(2008, 6, 132.7, 93.6, 143.9, 160.3, 178.3, 75.0),
(2008, 7, 130.2, 100.4, 144.1, 148.2, 164.8, 88.1),
(2008, 8, 121.2, 102.1, 133.5, 136.5, 135.6, 90.4),
(2008, 9, 112.8, 100.9, 120.5, 125.3, 120.6, 83.7),
(2008, 10, 97.8, 95.7, 107.0, 104.9, 92.2, 73.6),
(2008, 11, 89.7, 87.9, 97.8, 96.0, 82.0, 74.9),
(2008, 12, 86.3, 81.8, 94.9, 95.1, 78.6, 72.7),
(2009, 1, 86.7, 78.1, 88.2, 100.4, 82.8, 77.4),
(2009, 2, 84.5, 76.0, 82.6, 97.2, 82.2, 81.9),
(2009, 3, 84.3, 76.1, 80.9, 97.2, 81.5, 82.9),
(2009, 4, 87.4, 78.5, 80.4, 98.1, 93.8, 84.5),
(2009, 5, 93.5, 81.3, 83.5, 103.3, 106.6, 99.4),
(2009, 6, 93.4, 83.4, 84.7, 103.0, 100.7, 101.7),
(2009, 7, 90.7, 85.2, 85.1, 94.5, 89.9, 114.0),
(2009, 8, 93.5, 85.4, 88.0, 91.9, 97.9, 138.8),
(2009, 9, 93.1, 84.5, 95.1, 89.8, 93.2, 142.6),
(2009, 10, 94.8, 82.6, 102.7, 93.8, 95.2, 140.1),
(2009, 11, 98.9, 83.9, 113.1, 98.0, 101.8, 137.8),
(2009, 12, 100.8, 84.5, 112.8, 99.0, 107.6, 145.6),
(2010, 1, 101.8, 86.0, 109.0, 98.4, 107.1, 163.8),
(2010, 2, 99.3, 86.5, 101.6, 94.0, 107.3, 157.4),
(2010, 3, 96.5, 87.5, 101.6, 91.8, 110.3, 115.5),
(2010, 4, 97.1, 90.1, 109.7, 90.7, 109.4, 101.8),
(2010, 5, 96.4, 90.1, 111.8, 90.6, 107.2, 94.1),
(2010, 6, 95.9, 91.2, 110.4, 87.8, 106.0, 98.1),
(2010, 7, 100.0, 92.0, 112.8, 95.3, 110.1, 107.9),
(2010, 8, 107.8, 92.9, 112.3, 112.9, 121.8, 114.6),
(2010, 9, 114.1, 92.5, 116.0, 125.9, 124.9, 138.7),
(2010, 10, 120.1, 93.9, 121.4, 130.6, 139.2, 152.3),
(2010, 11, 124.2, 96.4, 118.7, 132.4, 153.9, 162.8),
(2010, 12, 129.4, 97.5, 117.4, 139.7, 166.3, 173.8),
(2011, 1, 133.8, 97.9, 122.8, 144.9, 174.5, 183.2),
(2011, 2, 137.7, 100.5, 130.3, 151.4, 175.4, 182.4),
(2011, 3, 134.3, 103.6, 135.8, 145.5, 163.1, 162.4),
(2011, 4, 136.3, 107.5, 134.5, 151.7, 162.8, 150.7),
(2011, 5, 135.1, 108.0, 134.2, 150.9, 162.4, 136.2),
(2011, 6, 134.8, 106.2, 135.3, 147.1, 160.8, 156.0),
(2011, 7, 133.0, 105.8, 133.6, 140.5, 156.1, 174.6),
(2011, 8, 132.7, 104.9, 131.9, 144.9, 151.5, 171.7),
(2011, 9, 130.1, 106.1, 127.1, 140.5, 147.8, 165.3),
(2011, 10, 125.6, 105.9, 126.2, 133.1, 138.0, 157.5),
(2011, 11, 125.9, 107.8, 125.1, 130.9, 145.0, 148.2),
(2011, 12, 121.9, 106.1, 122.0, 124.4, 140.5, 142.6),
(2012, 1, 122.2, 102.6, 120.3, 127.2, 144.3, 145.8),
(2012, 2, 125.3, 105.5, 121.2, 131.1, 148.3, 149.3),
(2012, 3, 125.7, 106.2, 118.1, 130.6, 152.5, 149.1),
(2012, 4, 124.4, 105.8, 112.5, 129.1, 156.3, 141.3),
(2012, 5, 119.0, 103.7, 105.5, 126.3, 144.4, 128.5),
(2012, 6, 115.8, 101.1, 102.3, 125.3, 135.3, 126.7),
(2012, 7, 122.0, 99.8, 99.7, 143.9, 138.6, 141.4),
(2012, 8, 123.2, 102.5, 102.0, 147.1, 138.3, 129.2),
(2012, 9, 125.1, 106.7, 111.0, 146.8, 136.9, 123.7),
(2012, 10, 124.0, 107.9, 114.2, 146.5, 124.9, 125.7),
(2012, 11, 123.5, 107.4, 114.9, 148.5, 121.5, 119.7),
(2012, 12, 122.8, 107.2, 118.1, 146.4, 118.4, 119.5),
(2013, 1, 123.4, 106.6, 121.0, 145.2, 124.3, 116.8),
(2013, 2, 123.3, 107.8, 123.8, 142.3, 125.5, 113.0),
(2013, 3, 122.9, 108.2, 128.0, 139.9, 122.4, 114.3),
(2013, 4, 122.9, 108.8, 140.8, 134.9, 120.6, 110.2),
(2013, 5, 122.2, 105.7, 140.0, 136.4, 121.0, 109.1),
(2013, 6, 120.9, 105.0, 140.3, 133.8, 120.7, 105.8),
(2013, 7, 118.0, 104.7, 141.0, 126.4, 116.2, 104.2),
(2013, 8, 116.2, 105.5, 145.6, 119.2, 111.9, 105.4),
(2013, 9, 116.4, 106.0, 149.0, 116.7, 112.9, 107.5),
(2013, 10, 118.7, 106.3, 153.0, 118.7, 116.0, 115.5),
(2013, 11, 118.6, 105.4, 151.9, 118.0, 122.0, 109.3),
(2013, 12, 118.2, 104.7, 156.5, 117.9, 120.4, 102.4),
(2014, 1, 116.2, 103.2, 156.2, 117.0, 115.6, 96.7),
(2014, 2, 118.6, 104.1, 156.4, 119.7, 120.8, 102.6),
(2014, 3, 122.1, 106.3, 154.8, 125.4, 125.4, 110.8),
(2014, 4, 121.5, 109.7, 147.3, 125.5, 121.5, 109.0),
(2014, 5, 121.2, 111.7, 141.8, 125.2, 119.2, 113.1),
(2014, 6, 119.2, 116.0, 136.1, 118.7, 115.2, 112.5),
(2014, 7, 116.3, 117.4, 130.2, 112.2, 110.6, 113.0),
(2014, 8, 112.8, 118.5, 120.6, 110.4, 101.6, 106.6),
(2014, 9, 109.2, 117.5, 110.8, 107.4, 98.6, 99.5),
(2014, 10, 109.3, 117.1, 107.1, 108.2, 100.1, 103.6),
(2014, 11, 108.1, 114.8, 102.6, 109.3, 100.9, 100.2),
(2014, 12, 105.2, 108.9, 98.5, 110.9, 97.9, 94.8),
(2015, 1, 101.0, 104.6, 92.4, 105.9, 95.0, 95.0),
(2015, 2, 98.7, 101.3, 95.2, 101.6, 95.2, 90.3),
(2015, 3, 95.7, 97.1, 95.1, 99.5, 92.6, 82.0),
(2015, 4, 94.6, 97.4, 90.6, 98.2, 91.9, 80.9),
(2015, 5, 95.0, 99.6, 89.9, 95.7, 94.5, 82.6),
(2015, 6, 94.6, 98.7, 87.7, 96.7, 95.9, 77.1),
(2015, 7, 93.8, 99.0, 82.2, 98.9, 90.4, 79.0),
(2015, 8, 89.5, 99.0, 79.9, 91.9, 82.3, 71.2),
(2015, 9, 88.9, 96.7, 83.2, 90.5, 82.0, 73.4),
(2015, 10, 90.3, 92.1, 88.0, 91.7, 87.8, 86.1),
(2015, 11, 87.7, 89.2, 80.5, 90.5, 85.1, 90.0),
(2015, 12, 87.0, 86.8, 81.0, 89.4, 86.7, 90.6),
(2016, 1, 84.9, 84.4, 79.4, 87.6, 85.3, 86.9),
(2016, 2, 86.1, 86.0, 78.8, 87.3, 92.2, 81.6),
(2016, 3, 87.4, 86.1, 76.7, 86.5, 97.3, 95.5),
(2016, 4, 89.1, 87.7, 77.1, 88.4, 101.2, 93.9),
(2016, 5, 90.6, 90.2, 72.7, 91.1, 99.6, 104.8),
(2016, 6, 93.8, 94.1, 73.9, 94.1, 97.9, 120.4),
(2016, 7, 93.0, 95.3, 76.0, 90.4, 94.9, 121.6),
(2016, 8, 95.3, 96.4, 81.8, 89.3, 102.4, 124.6),
(2016, 9, 96.1, 94.9, 90.9, 86.3, 104.3, 132.9),
(2016, 10, 95.9, 93.0, 93.8, 86.7, 101.8, 137.5),
(2016, 11, 96.0, 93.9, 94.5, 86.0, 106.2, 125.2),
(2016, 12, 95.3, 91.2, 96.2, 86.1, 110.3, 114.5),
(2017, 1, 97.8, 92.2, 98.6, 88.7, 112.2, 125.8),
(2017, 2, 98.1, 94.0, 99.2, 90.0, 108.0, 125.6),
(2017, 3, 96.2, 95.4, 100.6, 87.9, 101.6, 111.9),
(2017, 4, 95.0, 97.3, 100.0, 86.9, 97.6, 101.7),
(2017, 5, 97.3, 99.3, 104.8, 88.3, 102.0, 99.4),
(2017, 6, 97.8, 100.1, 109.7, 92.4, 97.5, 86.0),
(2017, 7, 100.0, 100.6, 113.9, 96.9, 96.7, 90.5),
(2017, 8, 99.2, 100.0, 116.9, 92.3, 99.2, 88.9),
(2017, 9, 99.7, 98.6, 118.4, 92.1, 103.8, 89.0),
(2017, 10, 98.8, 98.2, 115.4, 91.8, 102.7, 88.7),
(2017, 11, 98.8, 98.0, 111.4, 92.1, 103.9, 92.7),
(2017, 12, 96.4, 96.0, 107.3, 92.4, 98.0, 89.0),
(2018, 1, 96.7, 95.3, 106.0, 95.2, 98.3, 87.2),
(2018, 2, 97.8, 96.6, 108.8, 98.4, 95.6, 83.9),
(2018, 3, 98.8, 96.6, 111.3, 101.8, 95.4, 80.9),
(2018, 4, 98.4, 95.4, 110.0, 104.0, 94.0, 76.8),
(2018, 5, 98.5, 94.9, 111.4, 105.5, 92.2, 76.4),
(2018, 6, 96.8, 94.7, 112.3, 100.8, 89.3, 77.4),
(2018, 7, 95.0, 94.3, 110.1, 98.7, 86.9, 72.5),
(2018, 8, 95.8, 95.4, 108.5, 103.5, 84.4, 68.6),
(2018, 9, 94.0, 93.4, 108.3, 100.3, 82.3, 70.4),
(2018, 10, 93.2, 91.9, 102.8, 100.9, 81.3, 76.5),
(2018, 11, 91.9, 92.1, 100.0, 99.6, 76.6, 79.9),
(2018, 12, 92.0, 92.3, 97.8, 101.1, 76.8, 78.3),
(2019, 1, 93.1, 91.6, 100.9, 101.8, 80.3, 79.3),
(2019, 2, 93.8, 92.5, 103.8, 100.7, 81.8, 80.3),
(2019, 3, 93.0, 94.0, 105.6, 97.5, 78.4, 78.7),
(2019, 4, 93.5, 97.3, 106.1, 94.6, 79.1, 79.3),
(2019, 5, 94.2, 100.2, 106.6, 94.4, 78.5, 76.7),
(2019, 6, 95.4, 101.2, 102.9, 99.2, 77.5, 79.9),
(2019, 7, 95.1, 102.3, 101.1, 97.6, 78.1, 79.4),
(2019, 8, 93.8, 101.6, 100.3, 92.6, 82.6, 76.2),
(2019, 9, 93.2, 100.6, 99.6, 91.8, 83.9, 73.5),
(2019, 10, 95.0, 100.9, 100.8, 96.0, 84.1, 77.8),
(2019, 11, 98.2, 105.4, 102.5, 95.6, 93.2, 79.2),
(2019, 12, 100.8, 106.0, 103.5, 97.4, 101.5, 83.0),
(2020, 1, 102.5, 103.5, 103.8, 100.7, 108.73, 87.5),
(2020, 2, 99.6, 101.0, 102.8, 99.6, 97.55, 91.4),
(2020, 3, 95.2, 99.5, 101.6, 98.0, 85.42, 73.9),
(2020, 4, 92.4, 96.5, 95.9, 99.6, 81.18, 63.2),
(2020, 5, 91.2, 95.4, 94.5, 98.0, 77.77, 67.8),
(2020, 6, 93.1, 94.5, 98.3, 97.3, 86.61, 74.9),
(2020, 7, 93.8, 91.4, 101.8, 97.3, 93.2, 76.0),
(2020, 8, 95.7, 91.4, 102.1, 99.2, 98.7, 81.1),
(2020, 9, 97.9, 91.2, 102.3, 104.3, 104.6, 79.0),
(2020, 10, 101.3, 91.6, 104.5, 112.1, 106.45, 84.7),
(2020, 11, 105.5, 93.1, 105.4, 114.8, 121.9, 87.5),
(2020, 12, 108.5, 94.7, 108.7, 116.4, 131.2, 87.1),
(2021, 1, 113.5, 95.9, 111.1, 125.0, 138.87, 94.2),
(2021, 2, 116.5, 97.7, 112.8, 126.1, 147.46, 100.2),
(2021, 3, 119.1, 100.5, 117.2, 123.9, 159.3, 96.2),
(2021, 4, 122.1, 104.4, 119.0, 126.2, 162.19, 100.0),
(2021, 5, 128.4, 108.1, 121.2, 133.7, 174.9, 106.8),
(2021, 6, 125.4, 110.9, 120.1, 130.3, 157.7, 107.7),
(2021, 7, 124.4, 113.3, 117.2, 126.3, 155.5, 109.6),
(2021, 8, 128.0, 113.1, 117.2, 130.4, 165.9, 120.5),
(2021, 9, 129.1, 112.1, 119.2, 132.8, 168.6, 121.2),
(2021, 10, 133.3, 111.6, 122.6, 137.1, 184.8, 119.1),
(2021, 11, 135.4, 112.4, 127.2, 141.4, 184.6, 120.2),
(2021, 12, 133.7, 110.5, 130.4, 140.5, 178.5, 116.4),
(2022, 1, 135.7, 111.7, 134.3, 140.6, 185.9, 112.7),
(2022, 2, 141.7, 113.7, 145.0, 145.3, 201.7, 110.5),
(2022, 3, 160.2, 119.3, 149.6, 170.1, 251.8, 117.9),
(2022, 4, 158.8, 121.3, 150.7, 169.7, 237.5, 121.5),
(2022, 5, 158.7, 122.5, 149.7, 173.5, 229.2, 120.4),
(2022, 6, 155.7, 125.4, 158.2, 166.3, 211.8, 117.3),
(2022, 7, 141.6, 123.3, 155.6, 147.3, 168.8, 112.8),
(2022, 8, 138.7, 120.3, 153.1, 145.6, 163.3, 110.5),
(2022, 9, 137.3, 119.9, 152.8, 147.9, 152.6, 109.7),
(2022, 10, 136.7, 116.5, 149.2, 152.3, 151.3, 108.6),
(2022, 11, 136.0, 114.1, 147.4, 150.1, 154.7, 114.4),
(2022, 12, 133.1, 111.9, 148.6, 147.3, 144.6, 117.2),
(2023, 1, 131.4, 110.5, 144.7, 147.5, 140.4, 116.8),
(2023, 2, 130.7, 112.1, 138.7, 146.7, 135.9, 125.2),
(2023, 3, 128.0, 114.1, 135.3, 138.6, 131.8, 127.0),
(2023, 4, 128.4, 116.0, 129.3, 136.1, 130.0, 149.4),
(2023, 5, 124.5, 117.4, 121.7, 129.3, 118.7, 157.2),
(2023, 6, 123.0, 118.6, 119.9, 126.6, 115.8, 152.2),
(2023, 7, 124.4, 117.9, 119.1, 125.9, 129.8, 146.3),
(2023, 8, 121.8, 114.5, 114.3, 125.0, 125.8, 148.2),
(2023, 9, 121.7, 113.4, 112.0, 126.3, 120.9, 162.7),
(2023, 10, 120.7, 112.0, 114.6, 124.8, 120.0, 159.2),
(2023, 11, 120.6, 111.6, 116.5, 121.0, 124.1, 161.4),
(2023, 12, 119.1, 111.2, 118.7, 122.8, 122.3, 134.2),
(2024, 1, 117.6, 108.9, 118.7, 119.9, 122.5, 136.4),
(2024, 2, 117.4, 112.5, 120.7, 113.8, 120.9, 140.8),
(2024, 3, 118.9, 114.9, 124.0, 110.9, 130.6, 133.4),
(2024, 4, 119.2, 116.6, 123.8, 111.6, 130.9, 126.6),
(2024, 5, 120.5, 116.7, 126.3, 118.7, 127.8, 117.1),
(2024, 6, 121.0, 118.1, 127.9, 115.2, 131.8, 119.4),
(2024, 7, 120.9, 120.0, 127.9, 110.7, 135.0, 119.5),
(2024, 8, 121.7, 122.0, 131.3, 110.2, 136.1, 113.9),
(2024, 9, 124.6, 119.9, 136.5, 113.6, 142.4, 126.3),
(2024, 10, 126.9, 119.2, 139.0, 114.4, 152.7, 129.6),
(2024, 11, 127.7, 118.7, 140.0, 111.4, 164.1, 126.4),
(2024, 12, 127.0, 119.4, 139.6, 111.4, 162.1, 119.3),
(2025, 1, 124.6, 116.6, 143.1, 111.8, 153.0, 111.2),
(2025, 2, 126.6, 116.9, 147.7, 112.6, 156.0, 118.5),
(2025, 3, 127.2, 118.3, 148.7, 109.7, 161.8, 116.9),
(2025, 4, 128.2, 121.6, 151.7, 110.9, 158.0, 112.3),
(2025, 5, 127.1, 122.8, 153.6, 109.0, 152.2, 109.4),
(2025, 6, 128.1, 126.0, 155.5, 107.3, 155.7, 103.6),
(2025, 7, 129.8, 126.6, 154.6, 106.5, 166.8, 103.3),
(2025, 8, 130.0, 127.8, 152.2, 105.6, 169.1, 103.6),
(2025, 9, 128.6, 127.9, 147.2, 104.8, 167.9, 99.4),
(2025, 10, 126.4, 125.0, 141.7, 103.8, 169.4, 94.1),
(2025, 11, 125.2, 125.5, 136.2, 105.6, 165.0, 88.6),
(2025, 12, 124.5, 124.8, 128.2, 107.2, 165.2, 90.7),
(2026, 1, 124.1, 124.9, 120.7, 107.5, 168.6, 89.8),
(2026, 2, 125.5, 126.5, 119.4, 108.7, 174.2, 86.2),
(2026, 3, 128.7, 128.0, 121.2, 110.4, 183.1, 92.8),
(2026, 4, 131.0, 130.4, 119.7, 111.3, 193.9, 88.5),
(2026, 5, 130.8, 130.5, 119.2, 114.3, 185.0, 95.1);